household_type,income_group,year,means_tested_transfers,medicaid_and_chip,snap,ssi,other_transfers
all_households,all_quintiles,1979,2.2,0.6,0.4,0.3,0.8
all_households,all_quintiles,1980,2.3,0.7,0.4,0.4,0.9
all_households,all_quintiles,1981,2.4,0.7,0.5,0.3,0.9
all_households,all_quintiles,1982,2.3,0.7,0.4,0.3,0.9
all_households,all_quintiles,1983,2.4,0.7,0.4,0.3,0.9
all_households,all_quintiles,1984,2.2,0.7,0.4,0.3,0.9
all_households,all_quintiles,1985,2.2,0.7,0.3,0.3,0.9
all_households,all_quintiles,1986,2.1,0.7,0.3,0.3,0.8
all_households,all_quintiles,1987,2.2,0.8,0.3,0.3,0.8
all_households,all_quintiles,1988,2.2,0.8,0.3,0.3,0.8
all_households,all_quintiles,1989,2.3,0.8,0.3,0.3,0.8
all_households,all_quintiles,1990,2.5,1.0,0.3,0.4,0.8
all_households,all_quintiles,1991,2.9,1.2,0.4,0.4,0.9
all_households,all_quintiles,1992,3.1,1.3,0.5,0.5,0.9
all_households,all_quintiles,1993,3.3,1.4,0.5,0.5,0.9
all_households,all_quintiles,1994,3.3,1.5,0.4,0.5,0.9
all_households,all_quintiles,1995,3.3,1.5,0.4,0.5,0.9
all_households,all_quintiles,1996,3.0,1.4,0.4,0.5,0.8
all_households,all_quintiles,1997,2.8,1.4,0.3,0.4,0.7
all_households,all_quintiles,1998,2.8,1.5,0.2,0.4,0.6
all_households,all_quintiles,1999,2.7,1.5,0.2,0.4,0.5
all_households,all_quintiles,2000,2.7,1.6,0.2,0.4,0.5
all_households,all_quintiles,2001,3.0,1.9,0.2,0.4,0.5
all_households,all_quintiles,2002,3.5,2.2,0.2,0.4,0.5
all_households,all_quintiles,2003,3.7,2.4,0.3,0.4,0.6
all_households,all_quintiles,2004,3.6,2.4,0.3,0.4,0.5
all_households,all_quintiles,2005,3.5,2.3,0.3,0.4,0.5
all_households,all_quintiles,2006,3.3,2.1,0.3,0.4,0.5
all_households,all_quintiles,2007,3.3,2.1,0.3,0.4,0.5
all_households,all_quintiles,2008,3.7,2.4,0.3,0.4,0.6
all_households,all_quintiles,2009,4.4,2.8,0.5,0.5,0.7
all_households,all_quintiles,2010,4.5,2.8,0.6,0.5,0.7
all_households,all_quintiles,2011,4.5,2.7,0.7,0.5,0.7
all_households,all_quintiles,2012,4.3,2.6,0.6,0.4,0.6
all_households,all_quintiles,2013,4.4,2.7,0.6,0.5,0.6
all_households,all_quintiles,2014,4.9,3.3,0.5,0.4,0.6
all_households,all_quintiles,2015,5.1,3.6,0.5,0.4,0.6
all_households,all_quintiles,2016,5.3,3.7,0.5,0.4,0.7
all_households,lowest_quintile,1979,31.8,9.0,5.8,4.7,12.2
all_households,lowest_quintile,1980,35.5,9.9,6.8,5.4,13.4
all_households,lowest_quintile,1981,37.0,10.3,7.5,5.2,14.0
all_households,lowest_quintile,1982,40.1,11.3,7.7,5.5,15.6
all_households,lowest_quintile,1983,44.6,12.7,8.4,5.8,17.7
all_households,lowest_quintile,1984,38.7,11.3,6.6,5.3,15.5
all_households,lowest_quintile,1985,41.3,12.3,6.7,5.5,16.9
all_households,lowest_quintile,1986,42.1,13.1,6.6,5.6,16.8
all_households,lowest_quintile,1987,46.0,14.9,6.9,6.3,17.8
all_households,lowest_quintile,1988,45.0,14.9,6.7,6.2,17.1
all_households,lowest_quintile,1989,45.3,15.9,6.7,6.0,16.8
all_households,lowest_quintile,1990,47.2,17.2,7.1,5.8,17.1
all_households,lowest_quintile,1991,51.5,19.6,8.2,6.4,17.3
all_households,lowest_quintile,1992,56.1,22.3,8.9,7.6,17.3
all_households,lowest_quintile,1993,60.2,24.1,9.1,8.0,18.9
all_households,lowest_quintile,1994,60.7,24.2,9.2,8.4,18.9
all_households,lowest_quintile,1995,55.0,22.5,7.8,7.8,16.8
all_households,lowest_quintile,1996,54.2,22.8,7.5,8.4,15.5
all_households,lowest_quintile,1997,47.8,21.4,5.8,7.5,13.2
all_households,lowest_quintile,1998,45.7,22.3,4.7,7.1,11.5
all_households,lowest_quintile,1999,42.9,22.5,4.1,6.5,9.9
all_households,lowest_quintile,2000,43.8,24.4,3.8,6.5,9.3
all_households,lowest_quintile,2001,47.9,27.4,4.1,6.9,9.4
all_households,lowest_quintile,2002,51.2,30.2,4.5,6.7,9.8
all_households,lowest_quintile,2003,54.8,32.6,5.3,6.7,10.2
all_households,lowest_quintile,2004,55.3,33.6,5.7,6.4,9.7
all_households,lowest_quintile,2005,53.9,32.0,6.1,6.4,9.6
all_households,lowest_quintile,2006,50.7,29.2,5.8,6.1,9.7
all_households,lowest_quintile,2007,46.6,26.9,5.3,5.6,8.8
all_households,lowest_quintile,2008,49.5,28.9,6.0,5.7,8.8
all_households,lowest_quintile,2009,58.7,32.9,9.4,6.7,9.8
all_households,lowest_quintile,2010,63.2,35.1,10.6,7.0,10.5
all_households,lowest_quintile,2011,59.7,32.1,10.9,6.6,10.2
all_households,lowest_quintile,2012,62.9,34.5,11.7,7.1,9.6
all_households,lowest_quintile,2013,62.6,35.6,10.7,7.4,8.9
all_households,lowest_quintile,2014,72.3,45.6,9.8,7.0,9.9
all_households,lowest_quintile,2015,71.9,46.4,9.0,6.7,9.8
all_households,lowest_quintile,2016,71.6,46.7,8.4,6.4,10.1
all_households,second_quintile,1979,2.4,0.7,0.4,0.4,0.9
all_households,second_quintile,1980,2.8,0.8,0.6,0.4,1.0
all_households,second_quintile,1981,3.1,0.9,0.7,0.4,1.1
all_households,second_quintile,1982,2.9,0.9,0.5,0.4,1.0
all_households,second_quintile,1983,2.8,0.9,0.5,0.4,1.0
all_households,second_quintile,1984,2.7,0.9,0.4,0.4,1.0
all_households,second_quintile,1985,2.7,0.9,0.4,0.4,1.0
all_households,second_quintile,1986,3.0,1.1,0.3,0.6,1.0
all_households,second_quintile,1987,2.9,1.1,0.3,0.5,1.0
all_households,second_quintile,1988,2.8,1.1,0.3,0.5,0.9
all_households,second_quintile,1989,3.1,1.2,0.3,0.6,0.9
all_households,second_quintile,1990,3.5,1.6,0.4,0.6,1.0
all_households,second_quintile,1991,4.3,2.0,0.5,0.7,1.1
all_households,second_quintile,1992,5.5,2.6,0.8,0.9,1.3
all_households,second_quintile,1993,5.9,2.8,0.8,1.0,1.4
all_households,second_quintile,1994,6.0,3.0,0.7,0.9,1.4
all_households,second_quintile,1995,6.3,3.2,0.7,1.0,1.3
all_households,second_quintile,1996,5.9,3.0,0.7,0.9,1.3
all_households,second_quintile,1997,5.8,3.2,0.5,0.9,1.1
all_households,second_quintile,1998,6.1,3.8,0.4,0.9,1.0
all_households,second_quintile,1999,6.0,4.0,0.4,0.8,0.8
all_households,second_quintile,2000,6.4,4.3,0.3,0.8,0.9
all_households,second_quintile,2001,7.2,5.1,0.4,0.8,0.9
all_households,second_quintile,2002,8.3,5.9,0.5,0.9,1.0
all_households,second_quintile,2003,9.2,6.6,0.5,1.0,1.1
all_households,second_quintile,2004,9.7,7.1,0.6,0.9,1.1
all_households,second_quintile,2005,9.3,6.7,0.7,0.8,1.0
all_households,second_quintile,2006,9.5,6.5,0.6,0.9,1.5
all_households,second_quintile,2007,9.0,6.2,0.6,0.9,1.4
all_households,second_quintile,2008,10.5,7.3,0.8,0.9,1.5
all_households,second_quintile,2009,12.6,8.3,1.3,1.1,1.9
all_households,second_quintile,2010,13.3,8.5,1.7,1.1,2.1
all_households,second_quintile,2011,13.6,8.6,1.8,1.1,2.0
all_households,second_quintile,2012,13.7,8.8,1.8,1.1,2.0
all_households,second_quintile,2013,13.4,8.7,1.8,1.0,1.9
all_households,second_quintile,2014,15.3,10.7,1.5,1.1,2.0
all_households,second_quintile,2015,15.4,11.1,1.4,1.0,1.9
all_households,second_quintile,2016,15.3,11.2,1.2,0.9,2.0
all_households,middle_quintile,1979,0.8,0.3,0.1,0.2,0.3
all_households,middle_quintile,1980,0.8,0.2,0.1,0.1,0.3
all_households,middle_quintile,1981,0.8,0.3,0.1,0.1,0.3
all_households,middle_quintile,1982,0.6,0.2,0.1,0.1,0.2
all_households,middle_quintile,1983,0.7,0.2,0.1,0.2,0.2
all_households,middle_quintile,1984,0.7,0.2,0.1,0.2,0.2
all_households,middle_quintile,1985,0.7,0.2,0.0,0.2,0.2
all_households,middle_quintile,1986,0.7,0.3,0.1,0.2,0.2
all_households,middle_quintile,1987,0.6,0.3,0.0,0.2,0.2
all_households,middle_quintile,1988,0.7,0.3,0.0,0.2,0.2
all_households,middle_quintile,1989,0.7,0.3,0.0,0.2,0.2
all_households,middle_quintile,1990,0.8,0.4,0.1,0.2,0.2
all_households,middle_quintile,1991,1.1,0.5,0.1,0.2,0.2
all_households,middle_quintile,1992,1.2,0.6,0.1,0.2,0.3
all_households,middle_quintile,1993,1.5,0.7,0.1,0.3,0.3
all_households,middle_quintile,1994,1.4,0.8,0.1,0.2,0.3
all_households,middle_quintile,1995,1.6,0.9,0.1,0.3,0.3
all_households,middle_quintile,1996,1.5,0.9,0.1,0.3,0.3
all_households,middle_quintile,1997,1.3,0.8,0.1,0.2,0.2
all_households,middle_quintile,1998,1.4,1.0,0.1,0.2,0.2
all_households,middle_quintile,1999,1.6,1.1,0.1,0.3,0.2
all_households,middle_quintile,2000,1.7,1.2,0.1,0.2,0.2
all_households,middle_quintile,2001,1.8,1.3,0.1,0.2,0.2
all_households,middle_quintile,2002,2.2,1.7,0.1,0.3,0.2
all_households,middle_quintile,2003,2.5,1.9,0.1,0.3,0.2
all_households,middle_quintile,2004,2.6,2.1,0.1,0.3,0.2
all_households,middle_quintile,2005,2.7,2.1,0.1,0.3,0.2
all_households,middle_quintile,2006,2.4,1.8,0.1,0.3,0.3
all_households,middle_quintile,2007,2.6,1.9,0.1,0.3,0.3
all_households,middle_quintile,2008,2.9,2.1,0.1,0.3,0.3
all_households,middle_quintile,2009,3.5,2.6,0.2,0.4,0.3
all_households,middle_quintile,2010,3.5,2.5,0.3,0.3,0.4
all_households,middle_quintile,2011,3.5,2.5,0.3,0.3,0.4
all_households,middle_quintile,2012,3.6,2.5,0.3,0.4,0.4
all_households,middle_quintile,2013,3.6,2.6,0.3,0.3,0.4
all_households,middle_quintile,2014,4.2,3.2,0.3,0.3,0.4
all_households,middle_quintile,2015,4.6,3.5,0.3,0.3,0.5
all_households,middle_quintile,2016,4.8,3.7,0.3,0.3,0.5
all_households,fourth_quintile,1979,0.3,0.1,0.0,0.1,0.1
all_households,fourth_quintile,1980,0.3,0.1,0.0,0.1,0.1
all_households,fourth_quintile,1981,0.3,0.1,0.0,0.1,0.1
all_households,fourth_quintile,1982,0.3,0.1,0.0,0.1,0.1
all_households,fourth_quintile,1983,0.3,0.1,0.0,0.1,0.1
all_households,fourth_quintile,1984,0.3,0.1,0.0,0.1,0.1
all_households,fourth_quintile,1985,0.3,0.1,0.0,0.1,0.1
all_households,fourth_quintile,1986,0.3,0.1,0.0,0.1,0.1
all_households,fourth_quintile,1987,0.3,0.1,0.0,0.1,0.1
all_households,fourth_quintile,1988,0.3,0.1,0.0,0.1,0.1
all_households,fourth_quintile,1989,0.3,0.1,0.0,0.1,0.1
all_households,fourth_quintile,1990,0.3,0.2,0.0,0.1,0.1
all_households,fourth_quintile,1991,0.4,0.2,0.0,0.1,0.1
all_households,fourth_quintile,1992,0.5,0.3,0.0,0.1,0.1
all_households,fourth_quintile,1993,0.5,0.3,0.0,0.1,0.1
all_households,fourth_quintile,1994,0.6,0.3,0.0,0.1,0.1
all_households,fourth_quintile,1995,0.6,0.3,0.0,0.1,0.1
all_households,fourth_quintile,1996,0.5,0.3,0.0,0.1,0.1
all_households,fourth_quintile,1997,0.6,0.4,0.0,0.1,0.1
all_households,fourth_quintile,1998,0.6,0.4,0.0,0.1,0.1
all_households,fourth_quintile,1999,0.6,0.4,0.0,0.1,0.0
all_households,fourth_quintile,2000,0.6,0.5,0.0,0.1,0.1
all_households,fourth_quintile,2001,0.6,0.5,0.0,0.1,0.0
all_households,fourth_quintile,2002,0.8,0.6,0.0,0.1,0.1
all_households,fourth_quintile,2003,0.8,0.7,0.0,0.1,0.1
all_households,fourth_quintile,2004,0.9,0.7,0.0,0.1,0.1
all_households,fourth_quintile,2005,0.9,0.7,0.0,0.1,0.0
all_households,fourth_quintile,2006,0.9,0.7,0.0,0.1,0.1
all_households,fourth_quintile,2007,1.0,0.7,0.0,0.1,0.1
all_households,fourth_quintile,2008,0.9,0.7,0.0,0.1,0.1
all_households,fourth_quintile,2009,1.1,0.9,0.0,0.1,0.1
all_households,fourth_quintile,2010,1.2,0.9,0.1,0.1,0.1
all_households,fourth_quintile,2011,1.1,0.8,0.1,0.1,0.1
all_households,fourth_quintile,2012,1.1,0.8,0.1,0.1,0.1
all_households,fourth_quintile,2013,1.1,0.8,0.1,0.1,0.1
all_households,fourth_quintile,2014,1.4,1.1,0.1,0.1,0.1
all_households,fourth_quintile,2015,1.5,1.1,0.1,0.1,0.1
all_households,fourth_quintile,2016,1.5,1.2,0.1,0.1,0.2
all_households,highest_quintile,1979,0.1,0.0,0.0,0.0,0.0
all_households,highest_quintile,1980,0.1,0.0,0.0,0.0,0.0
all_households,highest_quintile,1981,0.1,0.0,0.0,0.0,0.0
all_households,highest_quintile,1982,0.1,0.0,0.0,0.0,0.0
all_households,highest_quintile,1983,0.1,0.0,0.0,0.0,0.0
all_households,highest_quintile,1984,0.1,0.0,0.0,0.0,0.0
all_households,highest_quintile,1985,0.1,0.0,0.0,0.0,0.0
all_households,highest_quintile,1986,0.1,0.0,0.0,0.0,0.0
all_households,highest_quintile,1987,0.1,0.0,0.0,0.0,0.0
all_households,highest_quintile,1988,0.1,0.0,0.0,0.0,0.0
all_households,highest_quintile,1989,0.1,0.0,0.0,0.0,0.0
all_households,highest_quintile,1990,0.1,0.0,0.0,0.0,0.0
all_households,highest_quintile,1991,0.1,0.1,0.0,0.0,0.0
all_households,highest_quintile,1992,0.1,0.1,0.0,0.0,0.0
all_households,highest_quintile,1993,0.1,0.1,0.0,0.0,0.0
all_households,highest_quintile,1994,0.2,0.1,0.0,0.0,0.0
all_households,highest_quintile,1995,0.2,0.1,0.0,0.0,0.0
all_households,highest_quintile,1996,0.1,0.1,0.0,0.0,0.0
all_households,highest_quintile,1997,0.1,0.1,0.0,0.0,0.0
all_households,highest_quintile,1998,0.1,0.1,0.0,0.0,0.0
all_households,highest_quintile,1999,0.1,0.1,0.0,0.0,0.0
all_households,highest_quintile,2000,0.1,0.1,0.0,0.0,0.0
all_households,highest_quintile,2001,0.2,0.1,0.0,0.0,0.0
all_households,highest_quintile,2002,0.2,0.1,0.0,0.0,0.0
all_households,highest_quintile,2003,0.2,0.2,0.0,0.0,0.0
all_households,highest_quintile,2004,0.2,0.1,0.0,0.0,0.0
all_households,highest_quintile,2005,0.2,0.2,0.0,0.0,0.0
all_households,highest_quintile,2006,0.2,0.1,0.0,0.0,0.0
all_households,highest_quintile,2007,0.2,0.2,0.0,0.0,0.0
all_households,highest_quintile,2008,0.2,0.2,0.0,0.0,0.0
all_households,highest_quintile,2009,0.3,0.2,0.0,0.0,0.0
all_households,highest_quintile,2010,0.3,0.2,0.0,0.0,0.0
all_households,highest_quintile,2011,0.2,0.2,0.0,0.0,0.0
all_households,highest_quintile,2012,0.2,0.2,0.0,0.0,0.0
all_households,highest_quintile,2013,0.2,0.2,0.0,0.0,0.0
all_households,highest_quintile,2014,0.3,0.2,0.0,0.0,0.0
all_households,highest_quintile,2015,0.3,0.2,0.0,0.0,0.0
all_households,highest_quintile,2016,0.3,0.3,0.0,0.0,0.0
all_households,percentiles_81_90,1979,0.2,0.1,0.0,0.0,0.1
all_households,percentiles_81_90,1980,0.1,0.0,0.0,0.0,0.1
all_households,percentiles_81_90,1981,0.2,0.1,0.0,0.1,0.0
all_households,percentiles_81_90,1982,0.1,0.1,0.0,0.0,0.0
all_households,percentiles_81_90,1983,0.1,0.0,0.0,0.0,0.0
all_households,percentiles_81_90,1984,0.1,0.0,0.0,0.0,0.0
all_households,percentiles_81_90,1985,0.1,0.0,0.0,0.1,0.0
all_households,percentiles_81_90,1986,0.1,0.0,0.0,0.0,0.0
all_households,percentiles_81_90,1987,0.1,0.0,0.0,0.0,0.0
all_households,percentiles_81_90,1988,0.1,0.0,0.0,0.0,0.0
all_households,percentiles_81_90,1989,0.1,0.1,0.0,0.0,0.0
all_households,percentiles_81_90,1990,0.2,0.1,0.0,0.0,0.0
all_households,percentiles_81_90,1991,0.2,0.1,0.0,0.0,0.1
all_households,percentiles_81_90,1992,0.2,0.1,0.0,0.1,0.0
all_households,percentiles_81_90,1993,0.2,0.1,0.0,0.1,0.0
all_households,percentiles_81_90,1994,0.3,0.2,0.0,0.1,0.1
all_households,percentiles_81_90,1995,0.3,0.2,0.0,0.1,0.0
all_households,percentiles_81_90,1996,0.3,0.2,0.0,0.1,0.0
all_households,percentiles_81_90,1997,0.3,0.2,0.0,0.1,0.0
all_households,percentiles_81_90,1998,0.3,0.2,0.0,0.0,0.0
all_households,percentiles_81_90,1999,0.3,0.2,0.0,0.1,0.0
all_households,percentiles_81_90,2000,0.3,0.2,0.0,0.1,0.0
all_households,percentiles_81_90,2001,0.3,0.2,0.0,0.0,0.0
all_households,percentiles_81_90,2002,0.4,0.3,0.0,0.1,0.0
all_households,percentiles_81_90,2003,0.4,0.3,0.0,0.0,0.0
all_households,percentiles_81_90,2004,0.4,0.3,0.0,0.1,0.0
all_households,percentiles_81_90,2005,0.4,0.3,0.0,0.1,0.0
all_households,percentiles_81_90,2006,0.4,0.3,0.0,0.1,0.0
all_households,percentiles_81_90,2007,0.4,0.3,0.0,0.1,0.0
all_households,percentiles_81_90,2008,0.4,0.3,0.0,0.1,0.0
all_households,percentiles_81_90,2009,0.5,0.4,0.0,0.1,0.0
all_households,percentiles_81_90,2010,0.5,0.4,0.0,0.0,0.0
all_households,percentiles_81_90,2011,0.5,0.3,0.0,0.1,0.0
all_households,percentiles_81_90,2012,0.5,0.4,0.0,0.1,0.0
all_households,percentiles_81_90,2013,0.4,0.3,0.0,0.0,0.0
all_households,percentiles_81_90,2014,0.6,0.5,0.0,0.0,0.1
all_households,percentiles_81_90,2015,0.6,0.5,0.0,0.1,0.1
all_households,percentiles_81_90,2016,0.7,0.6,0.0,0.0,0.1
all_households,percentiles_91_95,1979,0.1,0.0,0.0,0.0,0.0
all_households,percentiles_91_95,1980,0.1,0.0,0.0,0.0,0.0
all_households,percentiles_91_95,1981,0.1,0.0,0.0,0.0,0.0
all_households,percentiles_91_95,1982,0.1,0.0,0.0,0.0,0.0
all_households,percentiles_91_95,1983,0.1,0.0,0.0,0.0,0.0
all_households,percentiles_91_95,1984,0.1,0.0,0.0,0.0,0.0
all_households,percentiles_91_95,1985,0.1,0.0,0.0,0.0,0.0
all_households,percentiles_91_95,1986,0.1,0.0,0.0,0.0,0.0
all_households,percentiles_91_95,1987,0.1,0.0,0.0,0.0,0.0
all_households,percentiles_91_95,1988,0.1,0.0,0.0,0.0,0.0
all_households,percentiles_91_95,1989,0.1,0.0,0.0,0.0,0.0
all_households,percentiles_91_95,1990,0.1,0.0,0.0,0.0,0.0
all_households,percentiles_91_95,1991,0.1,0.0,0.0,0.0,0.0
all_households,percentiles_91_95,1992,0.2,0.1,0.0,0.0,0.0
all_households,percentiles_91_95,1993,0.2,0.1,0.0,0.0,0.0
all_households,percentiles_91_95,1994,0.2,0.1,0.0,0.0,0.0
all_households,percentiles_91_95,1995,0.2,0.1,0.0,0.0,0.0
all_households,percentiles_91_95,1996,0.2,0.1,0.0,0.0,0.0
all_households,percentiles_91_95,1997,0.1,0.1,0.0,0.0,0.0
all_households,percentiles_91_95,1998,0.2,0.1,0.0,0.0,0.0
all_households,percentiles_91_95,1999,0.2,0.1,0.0,0.0,0.0
all_households,percentiles_91_95,2000,0.2,0.1,0.0,0.0,0.0
all_households,percentiles_91_95,2001,0.2,0.2,0.0,0.0,0.0
all_households,percentiles_91_95,2002,0.2,0.2,0.0,0.0,0.0
all_households,percentiles_91_95,2003,0.2,0.2,0.0,0.0,0.0
all_households,percentiles_91_95,2004,0.2,0.1,0.0,0.0,0.0
all_households,percentiles_91_95,2005,0.3,0.2,0.0,0.0,0.0
all_households,percentiles_91_95,2006,0.3,0.2,0.0,0.0,0.0
all_households,percentiles_91_95,2007,0.3,0.2,0.0,0.0,0.0
all_households,percentiles_91_95,2008,0.3,0.2,0.0,0.0,0.0
all_households,percentiles_91_95,2009,0.3,0.2,0.0,0.0,0.0
all_households,percentiles_91_95,2010,0.3,0.2,0.0,0.0,0.0
all_households,percentiles_91_95,2011,0.2,0.2,0.0,0.0,0.0
all_households,percentiles_91_95,2012,0.3,0.2,0.0,0.0,0.0
all_households,percentiles_91_95,2013,0.2,0.2,0.0,0.0,0.0
all_households,percentiles_91_95,2014,0.3,0.2,0.0,0.0,0.0
all_households,percentiles_91_95,2015,0.4,0.3,0.0,0.0,0.0
all_households,percentiles_91_95,2016,0.4,0.3,0.0,0.0,0.0
all_households,percentiles_96_99,1979,0.1,0.0,0.0,0.0,0.0
all_households,percentiles_96_99,1980,0.1,0.0,0.0,0.0,0.0
all_households,percentiles_96_99,1981,0.1,0.0,0.0,0.0,0.0
all_households,percentiles_96_99,1982,0.1,0.0,0.0,0.0,0.0
all_households,percentiles_96_99,1983,0.1,0.0,0.0,0.0,0.0
all_households,percentiles_96_99,1984,0.1,0.0,0.0,0.0,0.0
all_households,percentiles_96_99,1985,0.1,0.0,0.0,0.0,0.0
all_households,percentiles_96_99,1986,0.1,0.0,0.0,0.0,0.0
all_households,percentiles_96_99,1987,0.1,0.0,0.0,0.0,0.0
all_households,percentiles_96_99,1988,0.1,0.0,0.0,0.0,0.0
all_households,percentiles_96_99,1989,0.1,0.0,0.0,0.0,0.0
all_households,percentiles_96_99,1990,0.1,0.0,0.0,0.0,0.0
all_households,percentiles_96_99,1991,0.1,0.0,0.0,0.0,0.0
all_households,percentiles_96_99,1992,0.1,0.0,0.0,0.0,0.0
all_households,percentiles_96_99,1993,0.1,0.0,0.0,0.0,0.0
all_households,percentiles_96_99,1994,0.1,0.1,0.0,0.0,0.0
all_households,percentiles_96_99,1995,0.1,0.1,0.0,0.0,0.0
all_households,percentiles_96_99,1996,0.1,0.1,0.0,0.0,0.0
all_households,percentiles_96_99,1997,0.1,0.1,0.0,0.0,0.0
all_households,percentiles_96_99,1998,0.1,0.1,0.0,0.0,0.0
all_households,percentiles_96_99,1999,0.1,0.1,0.0,0.0,0.0
all_households,percentiles_96_99,2000,0.1,0.1,0.0,0.0,0.0
all_households,percentiles_96_99,2001,0.1,0.1,0.0,0.0,0.0
all_households,percentiles_96_99,2002,0.1,0.1,0.0,0.0,0.0
all_households,percentiles_96_99,2003,0.1,0.1,0.0,0.0,0.0
all_households,percentiles_96_99,2004,0.1,0.1,0.0,0.0,0.0
all_households,percentiles_96_99,2005,0.2,0.1,0.0,0.0,0.0
all_households,percentiles_96_99,2006,0.1,0.1,0.0,0.0,0.0
all_households,percentiles_96_99,2007,0.2,0.1,0.0,0.0,0.0
all_households,percentiles_96_99,2008,0.2,0.1,0.0,0.0,0.0
all_households,percentiles_96_99,2009,0.2,0.1,0.0,0.0,0.0
all_households,percentiles_96_99,2010,0.2,0.1,0.0,0.0,0.0
all_households,percentiles_96_99,2011,0.1,0.1,0.0,0.0,0.0
all_households,percentiles_96_99,2012,0.1,0.1,0.0,0.0,0.0
all_households,percentiles_96_99,2013,0.1,0.1,0.0,0.0,0.0
all_households,percentiles_96_99,2014,0.2,0.1,0.0,0.0,0.0
all_households,percentiles_96_99,2015,0.2,0.2,0.0,0.0,0.0
all_households,percentiles_96_99,2016,0.2,0.2,0.0,0.0,0.0
all_households,top_1_percent,1979,0.0,0.0,0.0,0.0,0.0
all_households,top_1_percent,1980,0.0,0.0,0.0,0.0,0.0
all_households,top_1_percent,1981,0.0,0.0,0.0,0.0,0.0
all_households,top_1_percent,1982,0.0,0.0,0.0,0.0,0.0
all_households,top_1_percent,1983,0.0,0.0,0.0,0.0,0.0
all_households,top_1_percent,1984,0.0,0.0,0.0,0.0,0.0
all_households,top_1_percent,1985,0.0,0.0,0.0,0.0,0.0
all_households,top_1_percent,1986,0.0,0.0,0.0,0.0,0.0
all_households,top_1_percent,1987,0.0,0.0,0.0,0.0,0.0
all_households,top_1_percent,1988,0.0,0.0,0.0,0.0,0.0
all_households,top_1_percent,1989,0.0,0.0,0.0,0.0,0.0
all_households,top_1_percent,1990,0.0,0.0,0.0,0.0,0.0
all_households,top_1_percent,1991,0.0,0.0,0.0,0.0,0.0
all_households,top_1_percent,1992,0.0,0.0,0.0,0.0,0.0
all_households,top_1_percent,1993,0.0,0.0,0.0,0.0,0.0
all_households,top_1_percent,1994,0.0,0.0,0.0,0.0,0.0
all_households,top_1_percent,1995,0.0,0.0,0.0,0.0,0.0
all_households,top_1_percent,1996,0.0,0.0,0.0,0.0,0.0
all_households,top_1_percent,1997,0.0,0.0,0.0,0.0,0.0
all_households,top_1_percent,1998,0.0,0.0,0.0,0.0,0.0
all_households,top_1_percent,1999,0.0,0.0,0.0,0.0,0.0
all_households,top_1_percent,2000,0.0,0.0,0.0,0.0,0.0
all_households,top_1_percent,2001,0.0,0.0,0.0,0.0,0.0
all_households,top_1_percent,2002,0.0,0.0,0.0,0.0,0.0
all_households,top_1_percent,2003,0.0,0.0,0.0,0.0,0.0
all_households,top_1_percent,2004,0.0,0.0,0.0,0.0,0.0
all_households,top_1_percent,2005,0.0,0.0,0.0,0.0,0.0
all_households,top_1_percent,2006,0.0,0.0,0.0,0.0,0.0
all_households,top_1_percent,2007,0.0,0.0,0.0,0.0,0.0
all_households,top_1_percent,2008,0.0,0.0,0.0,0.0,0.0
all_households,top_1_percent,2009,0.0,0.0,0.0,0.0,0.0
all_households,top_1_percent,2010,0.1,0.0,0.0,0.0,0.0
all_households,top_1_percent,2011,0.1,0.0,0.0,0.0,0.0
all_households,top_1_percent,2012,0.0,0.0,0.0,0.0,0.0
all_households,top_1_percent,2013,0.0,0.0,0.0,0.0,0.0
all_households,top_1_percent,2014,0.1,0.0,0.0,0.0,0.0
all_households,top_1_percent,2015,0.1,0.0,0.0,0.0,0.0
all_households,top_1_percent,2016,0.1,0.0,0.0,0.0,0.0
hh_with_children,all_quintiles,1979,3.2,0.9,0.6,0.2,1.5
hh_with_children,all_quintiles,1980,3.6,0.9,0.8,0.3,1.6
hh_with_children,all_quintiles,1981,3.6,0.9,0.8,0.2,1.6
hh_with_children,all_quintiles,1982,3.7,0.9,0.8,0.3,1.7
hh_with_children,all_quintiles,1983,3.7,0.9,0.8,0.2,1.7
hh_with_children,all_quintiles,1984,3.4,0.9,0.7,0.2,1.6
hh_with_children,all_quintiles,1985,3.5,0.9,0.6,0.3,1.6
hh_with_children,all_quintiles,1986,3.3,0.9,0.6,0.2,1.5
hh_with_children,all_quintiles,1987,3.5,1.1,0.6,0.3,1.5
hh_with_children,all_quintiles,1988,3.4,1.1,0.6,0.3,1.5
hh_with_children,all_quintiles,1989,3.5,1.2,0.6,0.3,1.4
hh_with_children,all_quintiles,1990,4.0,1.5,0.7,0.3,1.6
hh_with_children,all_quintiles,1991,4.6,1.7,0.8,0.3,1.7
hh_with_children,all_quintiles,1992,4.9,2.0,0.9,0.4,1.6
hh_with_children,all_quintiles,1993,5.2,2.1,0.9,0.5,1.7
hh_with_children,all_quintiles,1994,5.1,2.0,0.9,0.5,1.7
hh_with_children,all_quintiles,1995,4.9,2.0,0.8,0.5,1.5
hh_with_children,all_quintiles,1996,4.5,1.9,0.7,0.5,1.4
hh_with_children,all_quintiles,1997,4.0,1.8,0.6,0.5,1.1
hh_with_children,all_quintiles,1998,3.8,2.0,0.5,0.4,1.0
hh_with_children,all_quintiles,1999,3.6,2.0,0.4,0.4,0.8
hh_with_children,all_quintiles,2000,3.5,2.1,0.3,0.3,0.7
hh_with_children,all_quintiles,2001,4.0,2.5,0.4,0.4,0.7
hh_with_children,all_quintiles,2002,4.5,2.9,0.5,0.4,0.8
hh_with_children,all_quintiles,2003,4.8,3.1,0.5,0.4,0.8
hh_with_children,all_quintiles,2004,4.8,3.1,0.5,0.4,0.7
hh_with_children,all_quintiles,2005,4.6,3.0,0.5,0.4,0.7
hh_with_children,all_quintiles,2006,4.4,2.8,0.5,0.3,0.7
hh_with_children,all_quintiles,2007,4.4,2.9,0.5,0.3,0.7
hh_with_children,all_quintiles,2008,5.0,3.3,0.6,0.4,0.7
hh_with_children,all_quintiles,2009,6.1,3.8,1.0,0.4,0.8
hh_with_children,all_quintiles,2010,6.2,3.8,1.1,0.4,0.9
hh_with_children,all_quintiles,2011,6.2,3.8,1.1,0.4,0.9
hh_with_children,all_quintiles,2012,5.9,3.7,1.1,0.4,0.8
hh_with_children,all_quintiles,2013,6.2,3.9,1.1,0.4,0.8
hh_with_children,all_quintiles,2014,7.0,5.0,0.9,0.4,0.8
hh_with_children,all_quintiles,2015,7.3,5.3,0.9,0.4,0.7
hh_with_children,all_quintiles,2016,7.7,5.7,0.8,0.4,0.8
hh_with_children,lowest_quintile,1979,45.5,12.0,9.6,3.1,20.9
hh_with_children,lowest_quintile,1980,48.8,12.5,10.8,3.5,22.0
hh_with_children,lowest_quintile,1981,49.0,12.2,11.5,3.0,22.3
hh_with_children,lowest_quintile,1982,53.0,13.2,11.6,3.7,24.4
hh_with_children,lowest_quintile,1983,56.0,14.1,12.3,3.2,26.3
hh_with_children,lowest_quintile,1984,49.3,12.4,10.1,3.2,23.6
hh_with_children,lowest_quintile,1985,52.5,13.6,10.2,3.5,25.3
hh_with_children,lowest_quintile,1986,53.7,14.9,10.1,3.4,25.4
hh_with_children,lowest_quintile,1987,60.7,18.3,11.0,4.2,27.2
hh_with_children,lowest_quintile,1988,56.9,17.2,10.4,3.9,25.3
hh_with_children,lowest_quintile,1989,56.3,18.1,10.1,3.9,24.3
hh_with_children,lowest_quintile,1990,61.1,21.1,11.0,4.1,24.9
hh_with_children,lowest_quintile,1991,64.6,23.1,12.4,4.1,25.0
hh_with_children,lowest_quintile,1992,68.1,25.9,12.7,5.6,23.9
hh_with_children,lowest_quintile,1993,71.7,27.7,12.5,6.0,25.6
hh_with_children,lowest_quintile,1994,72.1,26.8,12.9,6.6,25.8
hh_with_children,lowest_quintile,1995,64.3,24.6,11.0,6.2,22.5
hh_with_children,lowest_quintile,1996,59.6,23.5,10.0,6.3,19.7
hh_with_children,lowest_quintile,1997,50.3,21.3,7.8,5.4,15.8
hh_with_children,lowest_quintile,1998,46.5,21.7,6.5,4.7,13.6
hh_with_children,lowest_quintile,1999,45.0,22.5,5.8,4.4,12.3
hh_with_children,lowest_quintile,2000,43.0,23.5,5.0,4.2,10.4
hh_with_children,lowest_quintile,2001,47.3,26.7,5.7,4.5,10.3
hh_with_children,lowest_quintile,2002,50.1,29.2,6.1,4.3,10.5
hh_with_children,lowest_quintile,2003,55.0,32.2,7.0,4.5,11.2
hh_with_children,lowest_quintile,2004,55.8,33.2,7.6,4.2,10.7
hh_with_children,lowest_quintile,2005,55.4,32.4,8.0,4.5,10.6
hh_with_children,lowest_quintile,2006,51.7,30.3,7.7,4.0,9.7
hh_with_children,lowest_quintile,2007,49.3,29.1,7.2,4.1,8.9
hh_with_children,lowest_quintile,2008,53.1,31.5,8.3,4.0,9.3
hh_with_children,lowest_quintile,2009,62.4,35.2,12.4,4.6,10.1
hh_with_children,lowest_quintile,2010,66.4,36.9,13.7,4.7,11.1
hh_with_children,lowest_quintile,2011,62.8,34.1,13.8,4.3,10.6
hh_with_children,lowest_quintile,2012,65.1,36.2,14.4,4.6,9.9
hh_with_children,lowest_quintile,2013,65.9,37.9,13.4,4.9,9.6
hh_with_children,lowest_quintile,2014,76.1,49.7,12.1,4.5,9.7
hh_with_children,lowest_quintile,2015,76.7,51.8,11.3,4.5,9.1
hh_with_children,lowest_quintile,2016,77.0,53.0,10.5,4.4,9.2
hh_with_children,second_quintile,1979,3.0,0.8,0.6,0.2,1.4
hh_with_children,second_quintile,1980,3.5,1.0,0.8,0.2,1.5
hh_with_children,second_quintile,1981,3.8,1.0,1.0,0.2,1.6
hh_with_children,second_quintile,1982,3.2,0.9,0.7,0.2,1.3
hh_with_children,second_quintile,1983,2.7,0.7,0.6,0.2,1.2
hh_with_children,second_quintile,1984,3.1,0.9,0.6,0.2,1.3
hh_with_children,second_quintile,1985,2.9,0.9,0.6,0.3,1.2
hh_with_children,second_quintile,1986,2.9,0.9,0.5,0.3,1.2
hh_with_children,second_quintile,1987,2.6,1.0,0.3,0.3,1.1
hh_with_children,second_quintile,1988,2.7,1.0,0.3,0.3,1.0
hh_with_children,second_quintile,1989,2.9,1.2,0.4,0.3,1.1
hh_with_children,second_quintile,1990,3.6,1.5,0.5,0.4,1.2
hh_with_children,second_quintile,1991,4.5,2.0,0.8,0.5,1.3
hh_with_children,second_quintile,1992,5.8,2.6,1.0,0.7,1.5
hh_with_children,second_quintile,1993,6.2,2.9,1.1,0.7,1.5
hh_with_children,second_quintile,1994,6.3,3.0,1.0,0.8,1.6
hh_with_children,second_quintile,1995,6.6,3.2,1.0,0.8,1.5
hh_with_children,second_quintile,1996,6.3,3.1,1.0,0.7,1.5
hh_with_children,second_quintile,1997,6.1,3.1,0.8,0.7,1.4
hh_with_children,second_quintile,1998,6.6,3.9,0.6,0.8,1.3
hh_with_children,second_quintile,1999,6.1,3.9,0.5,0.6,1.0
hh_with_children,second_quintile,2000,6.7,4.5,0.5,0.6,1.0
hh_with_children,second_quintile,2001,7.5,5.3,0.5,0.6,1.1
hh_with_children,second_quintile,2002,9.1,6.5,0.7,0.7,1.1
hh_with_children,second_quintile,2003,10.0,7.3,0.8,0.7,1.2
hh_with_children,second_quintile,2004,10.6,7.7,1.0,0.7,1.2
hh_with_children,second_quintile,2005,10.2,7.4,1.0,0.6,1.1
hh_with_children,second_quintile,2006,10.0,7.3,0.9,0.7,1.2
hh_with_children,second_quintile,2007,9.7,7.1,0.9,0.6,1.1
hh_with_children,second_quintile,2008,11.3,8.1,1.2,0.7,1.3
hh_with_children,second_quintile,2009,13.4,9.3,1.9,0.8,1.4
hh_with_children,second_quintile,2010,14.4,9.9,2.3,0.8,1.5
hh_with_children,second_quintile,2011,15.2,10.1,2.6,0.8,1.7
hh_with_children,second_quintile,2012,15.3,10.2,2.5,0.9,1.6
hh_with_children,second_quintile,2013,15.7,10.9,2.5,0.8,1.5
hh_with_children,second_quintile,2014,18.2,13.6,2.1,0.9,1.6
hh_with_children,second_quintile,2015,19.6,15.2,2.0,0.8,1.5
hh_with_children,second_quintile,2016,19.3,15.4,1.7,0.7,1.6
hh_with_children,middle_quintile,1979,0.9,0.3,0.1,0.1,0.5
hh_with_children,middle_quintile,1980,0.9,0.2,0.1,0.1,0.5
hh_with_children,middle_quintile,1981,0.9,0.2,0.2,0.1,0.4
hh_with_children,middle_quintile,1982,0.7,0.2,0.1,0.1,0.3
hh_with_children,middle_quintile,1983,0.7,0.2,0.1,0.1,0.3
hh_with_children,middle_quintile,1984,0.8,0.2,0.1,0.1,0.4
hh_with_children,middle_quintile,1985,0.7,0.2,0.1,0.1,0.3
hh_with_children,middle_quintile,1986,0.7,0.2,0.1,0.1,0.3
hh_with_children,middle_quintile,1987,0.6,0.2,0.1,0.1,0.3
hh_with_children,middle_quintile,1988,0.7,0.3,0.1,0.1,0.3
hh_with_children,middle_quintile,1989,0.7,0.3,0.1,0.1,0.3
hh_with_children,middle_quintile,1990,0.9,0.4,0.1,0.1,0.3
hh_with_children,middle_quintile,1991,1.2,0.5,0.2,0.1,0.3
hh_with_children,middle_quintile,1992,1.4,0.7,0.2,0.2,0.4
hh_with_children,middle_quintile,1993,1.7,0.8,0.2,0.3,0.4
hh_with_children,middle_quintile,1994,1.6,0.8,0.2,0.2,0.4
hh_with_children,middle_quintile,1995,1.7,0.9,0.2,0.2,0.4
hh_with_children,middle_quintile,1996,1.6,0.8,0.2,0.2,0.4
hh_with_children,middle_quintile,1997,1.3,0.7,0.1,0.2,0.2
hh_with_children,middle_quintile,1998,1.4,0.9,0.1,0.2,0.2
hh_with_children,middle_quintile,1999,1.7,1.1,0.1,0.2,0.2
hh_with_children,middle_quintile,2000,1.9,1.3,0.1,0.2,0.3
hh_with_children,middle_quintile,2001,2.0,1.5,0.1,0.2,0.2
hh_with_children,middle_quintile,2002,2.5,1.9,0.1,0.2,0.3
hh_with_children,middle_quintile,2003,2.8,2.2,0.1,0.2,0.3
hh_with_children,middle_quintile,2004,2.9,2.3,0.1,0.2,0.2
hh_with_children,middle_quintile,2005,2.8,2.2,0.2,0.2,0.2
hh_with_children,middle_quintile,2006,2.6,2.1,0.1,0.2,0.3
hh_with_children,middle_quintile,2007,2.9,2.2,0.1,0.2,0.3
hh_with_children,middle_quintile,2008,3.3,2.6,0.2,0.2,0.3
hh_with_children,middle_quintile,2009,4.1,3.1,0.3,0.3,0.4
hh_with_children,middle_quintile,2010,4.2,3.1,0.4,0.2,0.4
hh_with_children,middle_quintile,2011,4.3,3.1,0.5,0.3,0.4
hh_with_children,middle_quintile,2012,4.2,3.1,0.5,0.3,0.4
hh_with_children,middle_quintile,2013,4.7,3.5,0.5,0.3,0.4
hh_with_children,middle_quintile,2014,5.5,4.4,0.4,0.3,0.4
hh_with_children,middle_quintile,2015,6.1,5.0,0.4,0.2,0.5
hh_with_children,middle_quintile,2016,6.4,5.3,0.4,0.3,0.5
hh_with_children,fourth_quintile,1979,0.4,0.1,0.0,0.0,0.2
hh_with_children,fourth_quintile,1980,0.4,0.1,0.0,0.0,0.2
hh_with_children,fourth_quintile,1981,0.3,0.1,0.0,0.0,0.2
hh_with_children,fourth_quintile,1982,0.3,0.1,0.0,0.0,0.1
hh_with_children,fourth_quintile,1983,0.2,0.1,0.0,0.0,0.1
hh_with_children,fourth_quintile,1984,0.3,0.1,0.0,0.0,0.1
hh_with_children,fourth_quintile,1985,0.3,0.1,0.0,0.0,0.1
hh_with_children,fourth_quintile,1986,0.3,0.1,0.0,0.0,0.2
hh_with_children,fourth_quintile,1987,0.3,0.1,0.0,0.0,0.1
hh_with_children,fourth_quintile,1988,0.3,0.1,0.0,0.0,0.1
hh_with_children,fourth_quintile,1989,0.3,0.1,0.0,0.0,0.1
hh_with_children,fourth_quintile,1990,0.3,0.2,0.0,0.1,0.1
hh_with_children,fourth_quintile,1991,0.5,0.2,0.0,0.1,0.1
hh_with_children,fourth_quintile,1992,0.6,0.3,0.1,0.1,0.2
hh_with_children,fourth_quintile,1993,0.5,0.2,0.0,0.1,0.1
hh_with_children,fourth_quintile,1994,0.6,0.3,0.1,0.1,0.1
hh_with_children,fourth_quintile,1995,0.6,0.3,0.1,0.1,0.2
hh_with_children,fourth_quintile,1996,0.5,0.3,0.0,0.1,0.1
hh_with_children,fourth_quintile,1997,0.6,0.4,0.0,0.1,0.1
hh_with_children,fourth_quintile,1998,0.5,0.3,0.0,0.1,0.1
hh_with_children,fourth_quintile,1999,0.6,0.4,0.0,0.1,0.1
hh_with_children,fourth_quintile,2000,0.6,0.5,0.0,0.1,0.1
hh_with_children,fourth_quintile,2001,0.7,0.5,0.0,0.1,0.1
hh_with_children,fourth_quintile,2002,0.8,0.6,0.0,0.1,0.1
hh_with_children,fourth_quintile,2003,0.9,0.7,0.0,0.1,0.1
hh_with_children,fourth_quintile,2004,1.0,0.8,0.0,0.1,0.1
hh_with_children,fourth_quintile,2005,0.9,0.7,0.0,0.1,0.1
hh_with_children,fourth_quintile,2006,1.0,0.8,0.0,0.1,0.1
hh_with_children,fourth_quintile,2007,0.9,0.7,0.0,0.1,0.1
hh_with_children,fourth_quintile,2008,1.1,0.8,0.0,0.1,0.1
hh_with_children,fourth_quintile,2009,1.4,1.1,0.1,0.1,0.1
hh_with_children,fourth_quintile,2010,1.4,1.1,0.1,0.1,0.1
hh_with_children,fourth_quintile,2011,1.3,1.0,0.1,0.1,0.1
hh_with_children,fourth_quintile,2012,1.3,1.0,0.1,0.1,0.1
hh_with_children,fourth_quintile,2013,1.4,1.0,0.1,0.1,0.1
hh_with_children,fourth_quintile,2014,1.8,1.5,0.1,0.1,0.1
hh_with_children,fourth_quintile,2015,2.0,1.6,0.1,0.1,0.2
hh_with_children,fourth_quintile,2016,2.1,1.7,0.1,0.1,0.2
hh_with_children,highest_quintile,1979,0.2,0.0,0.0,0.0,0.1
hh_with_children,highest_quintile,1980,0.2,0.0,0.0,0.0,0.1
hh_with_children,highest_quintile,1981,0.1,0.0,0.0,0.0,0.1
hh_with_children,highest_quintile,1982,0.1,0.0,0.0,0.0,0.1
hh_with_children,highest_quintile,1983,0.1,0.0,0.0,0.0,0.1
hh_with_children,highest_quintile,1984,0.1,0.0,0.0,0.0,0.1
hh_with_children,highest_quintile,1985,0.1,0.0,0.0,0.0,0.1
hh_with_children,highest_quintile,1986,0.1,0.0,0.0,0.0,0.1
hh_with_children,highest_quintile,1987,0.1,0.0,0.0,0.0,0.1
hh_with_children,highest_quintile,1988,0.1,0.0,0.0,0.0,0.0
hh_with_children,highest_quintile,1989,0.1,0.1,0.0,0.0,0.0
hh_with_children,highest_quintile,1990,0.1,0.1,0.0,0.0,0.0
hh_with_children,highest_quintile,1991,0.2,0.1,0.0,0.0,0.1
hh_with_children,highest_quintile,1992,0.2,0.1,0.0,0.0,0.1
hh_with_children,highest_quintile,1993,0.2,0.1,0.0,0.0,0.1
hh_with_children,highest_quintile,1994,0.2,0.1,0.0,0.0,0.1
hh_with_children,highest_quintile,1995,0.2,0.1,0.0,0.0,0.1
hh_with_children,highest_quintile,1996,0.2,0.1,0.0,0.0,0.0
hh_with_children,highest_quintile,1997,0.1,0.1,0.0,0.0,0.0
hh_with_children,highest_quintile,1998,0.1,0.1,0.0,0.0,0.0
hh_with_children,highest_quintile,1999,0.1,0.1,0.0,0.0,0.0
hh_with_children,highest_quintile,2000,0.2,0.1,0.0,0.0,0.0
hh_with_children,highest_quintile,2001,0.2,0.1,0.0,0.0,0.0
hh_with_children,highest_quintile,2002,0.2,0.2,0.0,0.0,0.0
hh_with_children,highest_quintile,2003,0.2,0.2,0.0,0.0,0.0
hh_with_children,highest_quintile,2004,0.2,0.2,0.0,0.0,0.0
hh_with_children,highest_quintile,2005,0.2,0.2,0.0,0.0,0.0
hh_with_children,highest_quintile,2006,0.2,0.1,0.0,0.0,0.0
hh_with_children,highest_quintile,2007,0.2,0.1,0.0,0.0,0.0
hh_with_children,highest_quintile,2008,0.3,0.2,0.0,0.0,0.0
hh_with_children,highest_quintile,2009,0.3,0.3,0.0,0.0,0.0
hh_with_children,highest_quintile,2010,0.3,0.2,0.0,0.0,0.0
hh_with_children,highest_quintile,2011,0.3,0.2,0.0,0.0,0.0
hh_with_children,highest_quintile,2012,0.2,0.2,0.0,0.0,0.0
hh_with_children,highest_quintile,2013,0.2,0.2,0.0,0.0,0.0
hh_with_children,highest_quintile,2014,0.3,0.3,0.0,0.0,0.0
hh_with_children,highest_quintile,2015,0.4,0.3,0.0,0.0,0.0
hh_with_children,highest_quintile,2016,0.4,0.3,0.0,0.0,0.0
hh_with_children,percentiles_81_90,1979,0.2,0.1,0.0,0.0,0.1
hh_with_children,percentiles_81_90,1980,0.2,0.0,0.0,0.0,0.1
hh_with_children,percentiles_81_90,1981,0.2,0.1,0.0,0.0,0.1
hh_with_children,percentiles_81_90,1982,0.2,0.0,0.0,0.0,0.1
hh_with_children,percentiles_81_90,1983,0.1,0.0,0.0,0.0,0.1
hh_with_children,percentiles_81_90,1984,0.2,0.1,0.0,0.0,0.1
hh_with_children,percentiles_81_90,1985,0.2,0.0,0.0,0.0,0.1
hh_with_children,percentiles_81_90,1986,0.1,0.0,0.0,0.0,0.1
hh_with_children,percentiles_81_90,1987,0.1,0.0,0.0,0.0,0.1
hh_with_children,percentiles_81_90,1988,0.2,0.1,0.0,0.0,0.1
hh_with_children,percentiles_81_90,1989,0.2,0.1,0.0,0.0,0.1
hh_with_children,percentiles_81_90,1990,0.2,0.1,0.0,0.0,0.1
hh_with_children,percentiles_81_90,1991,0.3,0.1,0.0,0.0,0.1
hh_with_children,percentiles_81_90,1992,0.4,0.2,0.0,0.1,0.1
hh_with_children,percentiles_81_90,1993,0.3,0.2,0.0,0.1,0.1
hh_with_children,percentiles_81_90,1994,0.3,0.2,0.0,0.0,0.1
hh_with_children,percentiles_81_90,1995,0.3,0.2,0.0,0.1,0.1
hh_with_children,percentiles_81_90,1996,0.3,0.2,0.0,0.1,0.1
hh_with_children,percentiles_81_90,1997,0.2,0.1,0.0,0.1,0.0
hh_with_children,percentiles_81_90,1998,0.2,0.1,0.0,0.0,0.0
hh_with_children,percentiles_81_90,1999,0.3,0.2,0.0,0.1,0.1
hh_with_children,percentiles_81_90,2000,0.4,0.3,0.0,0.0,0.1
hh_with_children,percentiles_81_90,2001,0.3,0.2,0.0,0.0,0.0
hh_with_children,percentiles_81_90,2002,0.4,0.3,0.0,0.0,0.0
hh_with_children,percentiles_81_90,2003,0.4,0.3,0.0,0.0,0.0
hh_with_children,percentiles_81_90,2004,0.5,0.3,0.0,0.1,0.0
hh_with_children,percentiles_81_90,2005,0.4,0.3,0.0,0.0,0.1
hh_with_children,percentiles_81_90,2006,0.5,0.3,0.0,0.1,0.1
hh_with_children,percentiles_81_90,2007,0.4,0.3,0.0,0.0,0.1
hh_with_children,percentiles_81_90,2008,0.5,0.4,0.0,0.1,0.1
hh_with_children,percentiles_81_90,2009,0.6,0.5,0.0,0.0,0.1
hh_with_children,percentiles_81_90,2010,0.6,0.5,0.0,0.1,0.1
hh_with_children,percentiles_81_90,2011,0.6,0.4,0.0,0.0,0.1
hh_with_children,percentiles_81_90,2012,0.5,0.4,0.0,0.0,0.1
hh_with_children,percentiles_81_90,2013,0.5,0.4,0.0,0.0,0.0
hh_with_children,percentiles_81_90,2014,0.7,0.6,0.0,0.0,0.1
hh_with_children,percentiles_81_90,2015,0.8,0.6,0.0,0.0,0.1
hh_with_children,percentiles_81_90,2016,0.9,0.7,0.0,0.0,0.1
hh_with_children,percentiles_91_95,1979,0.2,0.1,0.0,0.0,0.1
hh_with_children,percentiles_91_95,1980,0.2,0.0,0.0,0.0,0.1
hh_with_children,percentiles_91_95,1981,0.1,0.0,0.0,0.0,0.1
hh_with_children,percentiles_91_95,1982,0.2,0.1,0.0,0.0,0.1
hh_with_children,percentiles_91_95,1983,0.1,0.0,0.0,0.0,0.1
hh_with_children,percentiles_91_95,1984,0.1,0.0,0.0,0.0,0.1
hh_with_children,percentiles_91_95,1985,0.1,0.0,0.0,0.0,0.1
hh_with_children,percentiles_91_95,1986,0.1,0.0,0.0,0.0,0.1
hh_with_children,percentiles_91_95,1987,0.1,0.0,0.0,0.0,0.1
hh_with_children,percentiles_91_95,1988,0.1,0.0,0.0,0.0,0.1
hh_with_children,percentiles_91_95,1989,0.1,0.1,0.0,0.0,0.0
hh_with_children,percentiles_91_95,1990,0.1,0.1,0.0,0.0,0.0
hh_with_children,percentiles_91_95,1991,0.2,0.1,0.0,0.0,0.1
hh_with_children,percentiles_91_95,1992,0.2,0.1,0.0,0.0,0.1
hh_with_children,percentiles_91_95,1993,0.2,0.1,0.0,0.0,0.1
hh_with_children,percentiles_91_95,1994,0.2,0.1,0.0,0.0,0.0
hh_with_children,percentiles_91_95,1995,0.3,0.2,0.0,0.0,0.1
hh_with_children,percentiles_91_95,1996,0.2,0.1,0.0,0.0,0.0
hh_with_children,percentiles_91_95,1997,0.1,0.1,0.0,0.0,0.0
hh_with_children,percentiles_91_95,1998,0.1,0.1,0.0,0.0,0.0
hh_with_children,percentiles_91_95,1999,0.2,0.1,0.0,0.0,0.0
hh_with_children,percentiles_91_95,2000,0.2,0.1,0.0,0.0,0.0
hh_with_children,percentiles_91_95,2001,0.2,0.1,0.0,0.0,0.0
hh_with_children,percentiles_91_95,2002,0.3,0.2,0.0,0.0,0.0
hh_with_children,percentiles_91_95,2003,0.3,0.2,0.0,0.0,0.0
hh_with_children,percentiles_91_95,2004,0.3,0.2,0.0,0.0,0.0
hh_with_children,percentiles_91_95,2005,0.3,0.2,0.0,0.0,0.0
hh_with_children,percentiles_91_95,2006,0.3,0.2,0.0,0.0,0.0
hh_with_children,percentiles_91_95,2007,0.3,0.2,0.0,0.0,0.0
hh_with_children,percentiles_91_95,2008,0.4,0.3,0.0,0.0,0.0
hh_with_children,percentiles_91_95,2009,0.4,0.3,0.0,0.0,0.0
hh_with_children,percentiles_91_95,2010,0.3,0.3,0.0,0.0,0.0
hh_with_children,percentiles_91_95,2011,0.3,0.2,0.0,0.0,0.0
hh_with_children,percentiles_91_95,2012,0.3,0.2,0.0,0.0,0.0
hh_with_children,percentiles_91_95,2013,0.3,0.2,0.0,0.0,0.0
hh_with_children,percentiles_91_95,2014,0.4,0.3,0.0,0.0,0.0
hh_with_children,percentiles_91_95,2015,0.6,0.4,0.0,0.0,0.1
hh_with_children,percentiles_91_95,2016,0.5,0.4,0.0,0.0,0.0
hh_with_children,percentiles_96_99,1979,0.1,0.0,0.0,0.0,0.1
hh_with_children,percentiles_96_99,1980,0.1,0.0,0.0,0.0,0.1
hh_with_children,percentiles_96_99,1981,0.1,0.0,0.0,0.0,0.1
hh_with_children,percentiles_96_99,1982,0.1,0.0,0.0,0.0,0.0
hh_with_children,percentiles_96_99,1983,0.1,0.0,0.0,0.0,0.1
hh_with_children,percentiles_96_99,1984,0.1,0.0,0.0,0.0,0.1
hh_with_children,percentiles_96_99,1985,0.1,0.0,0.0,0.0,0.1
hh_with_children,percentiles_96_99,1986,0.1,0.0,0.0,0.0,0.1
hh_with_children,percentiles_96_99,1987,0.1,0.0,0.0,0.0,0.0
hh_with_children,percentiles_96_99,1988,0.1,0.0,0.0,0.0,0.0
hh_with_children,percentiles_96_99,1989,0.1,0.0,0.0,0.0,0.0
hh_with_children,percentiles_96_99,1990,0.1,0.1,0.0,0.0,0.0
hh_with_children,percentiles_96_99,1991,0.2,0.1,0.0,0.0,0.1
hh_with_children,percentiles_96_99,1992,0.1,0.1,0.0,0.0,0.0
hh_with_children,percentiles_96_99,1993,0.1,0.1,0.0,0.0,0.0
hh_with_children,percentiles_96_99,1994,0.2,0.1,0.0,0.0,0.0
hh_with_children,percentiles_96_99,1995,0.2,0.1,0.0,0.0,0.0
hh_with_children,percentiles_96_99,1996,0.1,0.1,0.0,0.0,0.0
hh_with_children,percentiles_96_99,1997,0.1,0.1,0.0,0.0,0.0
hh_with_children,percentiles_96_99,1998,0.1,0.1,0.0,0.0,0.0
hh_with_children,percentiles_96_99,1999,0.1,0.1,0.0,0.0,0.0
hh_with_children,percentiles_96_99,2000,0.1,0.1,0.0,0.0,0.0
hh_with_children,percentiles_96_99,2001,0.2,0.1,0.0,0.0,0.0
hh_with_children,percentiles_96_99,2002,0.2,0.1,0.0,0.0,0.0
hh_with_children,percentiles_96_99,2003,0.2,0.1,0.0,0.0,0.0
hh_with_children,percentiles_96_99,2004,0.1,0.1,0.0,0.0,0.0
hh_with_children,percentiles_96_99,2005,0.2,0.1,0.0,0.0,0.0
hh_with_children,percentiles_96_99,2006,0.1,0.1,0.0,0.0,0.0
hh_with_children,percentiles_96_99,2007,0.2,0.1,0.0,0.0,0.0
hh_with_children,percentiles_96_99,2008,0.2,0.1,0.0,0.0,0.0
hh_with_children,percentiles_96_99,2009,0.2,0.2,0.0,0.0,0.0
hh_with_children,percentiles_96_99,2010,0.2,0.1,0.0,0.0,0.0
hh_with_children,percentiles_96_99,2011,0.2,0.2,0.0,0.0,0.0
hh_with_children,percentiles_96_99,2012,0.2,0.1,0.0,0.0,0.0
hh_with_children,percentiles_96_99,2013,0.2,0.1,0.0,0.0,0.0
hh_with_children,percentiles_96_99,2014,0.2,0.2,0.0,0.0,0.0
hh_with_children,percentiles_96_99,2015,0.3,0.2,0.0,0.0,0.0
hh_with_children,percentiles_96_99,2016,0.3,0.3,0.0,0.0,0.0
hh_with_children,top_1_percent,1979,0.1,0.0,0.0,0.0,0.0
hh_with_children,top_1_percent,1980,0.1,0.0,0.0,0.0,0.0
hh_with_children,top_1_percent,1981,0.1,0.0,0.0,0.0,0.0
hh_with_children,top_1_percent,1982,0.1,0.0,0.0,0.0,0.0
hh_with_children,top_1_percent,1983,0.1,0.0,0.0,0.0,0.0
hh_with_children,top_1_percent,1984,0.1,0.0,0.0,0.0,0.0
hh_with_children,top_1_percent,1985,0.1,0.0,0.0,0.0,0.0
hh_with_children,top_1_percent,1986,0.1,0.0,0.0,0.0,0.0
hh_with_children,top_1_percent,1987,0.1,0.0,0.0,0.0,0.0
hh_with_children,top_1_percent,1988,0.0,0.0,0.0,0.0,0.0
hh_with_children,top_1_percent,1989,0.0,0.0,0.0,0.0,0.0
hh_with_children,top_1_percent,1990,0.0,0.0,0.0,0.0,0.0
hh_with_children,top_1_percent,1991,0.1,0.0,0.0,0.0,0.0
hh_with_children,top_1_percent,1992,0.0,0.0,0.0,0.0,0.0
hh_with_children,top_1_percent,1993,0.1,0.0,0.0,0.0,0.0
hh_with_children,top_1_percent,1994,0.1,0.0,0.0,0.0,0.0
hh_with_children,top_1_percent,1995,0.1,0.1,0.0,0.0,0.0
hh_with_children,top_1_percent,1996,0.0,0.0,0.0,0.0,0.0
hh_with_children,top_1_percent,1997,0.0,0.0,0.0,0.0,0.0
hh_with_children,top_1_percent,1998,0.0,0.0,0.0,0.0,0.0
hh_with_children,top_1_percent,1999,0.0,0.0,0.0,0.0,0.0
hh_with_children,top_1_percent,2000,0.0,0.0,0.0,0.0,0.0
hh_with_children,top_1_percent,2001,0.0,0.0,0.0,0.0,0.0
hh_with_children,top_1_percent,2002,0.1,0.0,0.0,0.0,0.0
hh_with_children,top_1_percent,2003,0.0,0.0,0.0,0.0,0.0
hh_with_children,top_1_percent,2004,0.0,0.0,0.0,0.0,0.0
hh_with_children,top_1_percent,2005,0.0,0.0,0.0,0.0,0.0
hh_with_children,top_1_percent,2006,0.0,0.0,0.0,0.0,0.0
hh_with_children,top_1_percent,2007,0.0,0.0,0.0,0.0,0.0
hh_with_children,top_1_percent,2008,0.1,0.0,0.0,0.0,0.0
hh_with_children,top_1_percent,2009,0.1,0.0,0.0,0.0,0.0
hh_with_children,top_1_percent,2010,0.1,0.0,0.0,0.0,0.0
hh_with_children,top_1_percent,2011,0.1,0.0,0.0,0.0,0.0
hh_with_children,top_1_percent,2012,0.0,0.0,0.0,0.0,0.0
hh_with_children,top_1_percent,2013,0.0,0.0,0.0,0.0,0.0
hh_with_children,top_1_percent,2014,0.1,0.1,0.0,0.0,0.0
hh_with_children,top_1_percent,2015,0.1,0.0,0.0,0.0,0.0
hh_with_children,top_1_percent,2016,0.1,0.1,0.0,0.0,0.0
elderly_headed_hh,all_quintiles,1979,2.0,0.8,0.2,0.6,0.5
elderly_headed_hh,all_quintiles,1980,2.1,0.8,0.3,0.5,0.5
elderly_headed_hh,all_quintiles,1981,2.1,0.8,0.3,0.5,0.6
elderly_headed_hh,all_quintiles,1982,2.0,0.8,0.2,0.4,0.5
elderly_headed_hh,all_quintiles,1983,2.1,0.9,0.2,0.5,0.6
elderly_headed_hh,all_quintiles,1984,1.9,0.8,0.2,0.4,0.6
elderly_headed_hh,all_quintiles,1985,2.0,0.9,0.2,0.4,0.6
elderly_headed_hh,all_quintiles,1986,1.9,0.8,0.1,0.4,0.6
elderly_headed_hh,all_quintiles,1987,2.0,0.9,0.1,0.4,0.6
elderly_headed_hh,all_quintiles,1988,2.1,0.9,0.1,0.4,0.6
elderly_headed_hh,all_quintiles,1989,2.1,0.9,0.1,0.4,0.6
elderly_headed_hh,all_quintiles,1990,2.2,1.0,0.1,0.4,0.7
elderly_headed_hh,all_quintiles,1991,2.4,1.2,0.2,0.5,0.7
elderly_headed_hh,all_quintiles,1992,2.6,1.2,0.2,0.5,0.6
elderly_headed_hh,all_quintiles,1993,2.7,1.3,0.2,0.5,0.7
elderly_headed_hh,all_quintiles,1994,2.8,1.4,0.2,0.5,0.7
elderly_headed_hh,all_quintiles,1995,2.7,1.4,0.2,0.5,0.6
elderly_headed_hh,all_quintiles,1996,2.5,1.3,0.2,0.5,0.5
elderly_headed_hh,all_quintiles,1997,2.3,1.3,0.1,0.4,0.5
elderly_headed_hh,all_quintiles,1998,2.4,1.4,0.1,0.4,0.5
elderly_headed_hh,all_quintiles,1999,2.4,1.4,0.1,0.4,0.4
elderly_headed_hh,all_quintiles,2000,2.5,1.5,0.1,0.4,0.5
elderly_headed_hh,all_quintiles,2001,2.8,1.8,0.1,0.4,0.5
elderly_headed_hh,all_quintiles,2002,3.1,2.0,0.1,0.5,0.5
elderly_headed_hh,all_quintiles,2003,3.3,2.2,0.1,0.4,0.6
elderly_headed_hh,all_quintiles,2004,3.2,2.1,0.1,0.4,0.5
elderly_headed_hh,all_quintiles,2005,2.9,1.9,0.1,0.3,0.5
elderly_headed_hh,all_quintiles,2006,2.6,1.5,0.1,0.3,0.7
elderly_headed_hh,all_quintiles,2007,2.5,1.3,0.1,0.3,0.7
elderly_headed_hh,all_quintiles,2008,2.9,1.7,0.2,0.3,0.8
elderly_headed_hh,all_quintiles,2009,3.3,1.9,0.2,0.4,0.8
elderly_headed_hh,all_quintiles,2010,3.2,1.7,0.3,0.3,0.8
elderly_headed_hh,all_quintiles,2011,3.0,1.6,0.3,0.3,0.8
elderly_headed_hh,all_quintiles,2012,2.8,1.5,0.3,0.3,0.7
elderly_headed_hh,all_quintiles,2013,2.7,1.4,0.3,0.3,0.7
elderly_headed_hh,all_quintiles,2014,2.9,1.6,0.3,0.3,0.7
elderly_headed_hh,all_quintiles,2015,2.9,1.6,0.3,0.3,0.8
elderly_headed_hh,all_quintiles,2016,3.1,1.7,0.3,0.3,0.9
elderly_headed_hh,lowest_quintile,1979,15.4,5.5,1.9,4.1,3.8
elderly_headed_hh,lowest_quintile,1980,18.5,6.8,2.4,4.5,4.8
elderly_headed_hh,lowest_quintile,1981,21.1,8.0,2.9,4.6,5.6
elderly_headed_hh,lowest_quintile,1982,23.8,9.7,2.6,5.3,6.3
elderly_headed_hh,lowest_quintile,1983,29.1,12.4,3.0,6.3,7.4
elderly_headed_hh,lowest_quintile,1984,26.9,12.1,2.4,5.3,7.1
elderly_headed_hh,lowest_quintile,1985,29.1,12.9,2.4,5.6,8.3
elderly_headed_hh,lowest_quintile,1986,29.1,12.9,2.2,5.4,8.6
elderly_headed_hh,lowest_quintile,1987,28.0,12.2,1.9,5.4,8.5
elderly_headed_hh,lowest_quintile,1988,29.7,13.0,2.0,5.7,8.9
elderly_headed_hh,lowest_quintile,1989,30.8,13.8,2.4,5.8,8.8
elderly_headed_hh,lowest_quintile,1990,30.3,13.6,2.2,5.4,9.1
elderly_headed_hh,lowest_quintile,1991,33.8,15.7,2.4,6.1,9.6
elderly_headed_hh,lowest_quintile,1992,38.9,18.4,3.3,7.7,9.4
elderly_headed_hh,lowest_quintile,1993,41.4,18.8,3.4,8.7,10.5
elderly_headed_hh,lowest_quintile,1994,40.5,18.5,3.4,8.0,10.6
elderly_headed_hh,lowest_quintile,1995,38.5,17.8,2.9,7.8,10.0
elderly_headed_hh,lowest_quintile,1996,41.6,19.2,3.3,9.1,10.1
elderly_headed_hh,lowest_quintile,1997,38.5,18.1,2.3,7.5,10.7
elderly_headed_hh,lowest_quintile,1998,38.7,19.5,2.1,7.6,9.6
elderly_headed_hh,lowest_quintile,1999,36.0,19.5,1.8,6.7,8.1
elderly_headed_hh,lowest_quintile,2000,36.2,19.9,1.6,6.5,8.2
elderly_headed_hh,lowest_quintile,2001,41.0,23.2,1.8,7.0,9.0
elderly_headed_hh,lowest_quintile,2002,45.4,26.7,1.9,7.4,9.4
elderly_headed_hh,lowest_quintile,2003,48.1,27.6,2.4,7.4,10.7
elderly_headed_hh,lowest_quintile,2004,47.6,27.8,2.5,7.1,10.2
elderly_headed_hh,lowest_quintile,2005,46.0,26.0,2.8,6.5,10.7
elderly_headed_hh,lowest_quintile,2006,44.7,21.2,2.6,6.6,14.4
elderly_headed_hh,lowest_quintile,2007,39.2,17.3,2.6,5.2,14.2
elderly_headed_hh,lowest_quintile,2008,42.2,20.9,3.1,5.4,12.8
elderly_headed_hh,lowest_quintile,2009,52.4,25.6,4.8,7.1,15.0
elderly_headed_hh,lowest_quintile,2010,54.7,27.0,5.6,6.8,15.4
elderly_headed_hh,lowest_quintile,2011,49.5,23.0,6.0,6.0,14.5
elderly_headed_hh,lowest_quintile,2012,53.8,25.8,7.3,6.9,13.9
elderly_headed_hh,lowest_quintile,2013,48.8,23.1,6.7,6.2,12.8
elderly_headed_hh,lowest_quintile,2014,53.2,27.3,5.8,6.1,13.9
elderly_headed_hh,lowest_quintile,2015,51.4,25.0,5.4,6.0,15.1
elderly_headed_hh,lowest_quintile,2016,49.8,24.1,5.1,5.1,15.4
elderly_headed_hh,second_quintile,1979,1.8,0.7,0.1,0.5,0.4
elderly_headed_hh,second_quintile,1980,1.8,0.7,0.2,0.3,0.5
elderly_headed_hh,second_quintile,1981,2.4,0.9,0.3,0.5,0.7
elderly_headed_hh,second_quintile,1982,3.1,1.2,0.3,0.7,1.0
elderly_headed_hh,second_quintile,1983,4.1,1.5,0.4,0.7,1.5
elderly_headed_hh,second_quintile,1984,3.1,1.1,0.2,0.6,1.2
elderly_headed_hh,second_quintile,1985,3.3,1.1,0.2,0.5,1.4
elderly_headed_hh,second_quintile,1986,3.6,1.5,0.2,0.6,1.4
elderly_headed_hh,second_quintile,1987,3.8,1.7,0.2,0.7,1.2
elderly_headed_hh,second_quintile,1988,3.4,1.4,0.2,0.7,1.2
elderly_headed_hh,second_quintile,1989,3.3,1.3,0.2,0.6,1.3
elderly_headed_hh,second_quintile,1990,3.8,1.8,0.2,0.7,1.1
elderly_headed_hh,second_quintile,1991,4.6,2.2,0.3,0.9,1.3
elderly_headed_hh,second_quintile,1992,5.8,2.6,0.5,1.1,1.6
elderly_headed_hh,second_quintile,1993,6.4,2.9,0.5,1.1,1.9
elderly_headed_hh,second_quintile,1994,6.2,3.2,0.4,1.1,1.5
elderly_headed_hh,second_quintile,1995,6.3,3.2,0.4,1.0,1.7
elderly_headed_hh,second_quintile,1996,6.3,3.2,0.4,1.0,1.7
elderly_headed_hh,second_quintile,1997,5.9,3.3,0.3,1.0,1.3
elderly_headed_hh,second_quintile,1998,5.9,3.7,0.2,0.8,1.2
elderly_headed_hh,second_quintile,1999,6.2,4.0,0.2,1.0,1.0
elderly_headed_hh,second_quintile,2000,6.3,3.9,0.2,1.0,1.2
elderly_headed_hh,second_quintile,2001,6.8,4.4,0.2,0.9,1.2
elderly_headed_hh,second_quintile,2002,7.9,5.1,0.2,1.0,1.5
elderly_headed_hh,second_quintile,2003,8.5,5.5,0.4,1.0,1.6
elderly_headed_hh,second_quintile,2004,9.1,6.3,0.4,0.9,1.5
elderly_headed_hh,second_quintile,2005,8.2,5.5,0.4,0.8,1.5
elderly_headed_hh,second_quintile,2006,8.9,4.8,0.3,0.9,2.8
elderly_headed_hh,second_quintile,2007,7.9,4.2,0.4,0.9,2.6
elderly_headed_hh,second_quintile,2008,9.8,5.5,0.5,0.9,2.8
elderly_headed_hh,second_quintile,2009,12.2,6.5,0.9,1.2,3.6
elderly_headed_hh,second_quintile,2010,12.3,6.0,1.2,1.1,4.0
elderly_headed_hh,second_quintile,2011,11.8,5.9,1.4,1.0,3.5
elderly_headed_hh,second_quintile,2012,12.5,6.4,1.3,1.2,3.5
elderly_headed_hh,second_quintile,2013,11.0,5.3,1.3,1.0,3.3
elderly_headed_hh,second_quintile,2014,11.9,6.4,1.2,0.9,3.4
elderly_headed_hh,second_quintile,2015,11.0,5.7,1.1,0.9,3.3
elderly_headed_hh,second_quintile,2016,11.0,5.7,1.0,0.8,3.5
elderly_headed_hh,middle_quintile,1979,0.7,0.3,0.0,0.2,0.1
elderly_headed_hh,middle_quintile,1980,0.5,0.2,0.0,0.2,0.1
elderly_headed_hh,middle_quintile,1981,0.6,0.3,0.0,0.2,0.1
elderly_headed_hh,middle_quintile,1982,0.7,0.3,0.0,0.1,0.2
elderly_headed_hh,middle_quintile,1983,0.8,0.3,0.1,0.2,0.2
elderly_headed_hh,middle_quintile,1984,0.6,0.3,0.0,0.2,0.2
elderly_headed_hh,middle_quintile,1985,0.8,0.3,0.0,0.2,0.2
elderly_headed_hh,middle_quintile,1986,0.8,0.4,0.0,0.2,0.2
elderly_headed_hh,middle_quintile,1987,0.7,0.4,0.0,0.2,0.1
elderly_headed_hh,middle_quintile,1988,0.7,0.3,0.0,0.2,0.2
elderly_headed_hh,middle_quintile,1989,0.6,0.3,0.0,0.1,0.2
elderly_headed_hh,middle_quintile,1990,0.7,0.3,0.0,0.1,0.2
elderly_headed_hh,middle_quintile,1991,1.0,0.5,0.0,0.2,0.2
elderly_headed_hh,middle_quintile,1992,1.0,0.5,0.0,0.2,0.2
elderly_headed_hh,middle_quintile,1993,1.2,0.7,0.1,0.2,0.2
elderly_headed_hh,middle_quintile,1994,1.3,0.8,0.0,0.2,0.2
elderly_headed_hh,middle_quintile,1995,1.4,0.9,0.0,0.3,0.2
elderly_headed_hh,middle_quintile,1996,1.8,1.2,0.1,0.3,0.2
elderly_headed_hh,middle_quintile,1997,1.6,1.1,0.0,0.3,0.2
elderly_headed_hh,middle_quintile,1998,1.6,1.2,0.0,0.2,0.1
elderly_headed_hh,middle_quintile,1999,1.4,1.0,0.0,0.2,0.1
elderly_headed_hh,middle_quintile,2000,1.7,1.2,0.0,0.3,0.2
elderly_headed_hh,middle_quintile,2001,1.8,1.3,0.0,0.2,0.2
elderly_headed_hh,middle_quintile,2002,2.1,1.5,0.1,0.2,0.3
elderly_headed_hh,middle_quintile,2003,2.4,1.9,0.0,0.3,0.2
elderly_headed_hh,middle_quintile,2004,2.6,2.1,0.0,0.3,0.2
elderly_headed_hh,middle_quintile,2005,2.6,2.1,0.1,0.3,0.2
elderly_headed_hh,middle_quintile,2006,2.5,1.7,0.1,0.3,0.5
elderly_headed_hh,middle_quintile,2007,2.7,1.8,0.1,0.3,0.6
elderly_headed_hh,middle_quintile,2008,2.8,1.9,0.1,0.3,0.5
elderly_headed_hh,middle_quintile,2009,3.2,2.2,0.2,0.3,0.6
elderly_headed_hh,middle_quintile,2010,3.4,2.2,0.2,0.3,0.7
elderly_headed_hh,middle_quintile,2011,3.0,1.9,0.2,0.3,0.6
elderly_headed_hh,middle_quintile,2012,3.0,1.9,0.2,0.4,0.6
elderly_headed_hh,middle_quintile,2013,2.9,1.7,0.3,0.3,0.7
elderly_headed_hh,middle_quintile,2014,3.0,1.9,0.2,0.3,0.6
elderly_headed_hh,middle_quintile,2015,3.2,2.1,0.2,0.3,0.7
elderly_headed_hh,middle_quintile,2016,3.3,2.1,0.2,0.3,0.8
elderly_headed_hh,fourth_quintile,1979,0.3,0.1,0.0,0.2,0.0
elderly_headed_hh,fourth_quintile,1980,0.4,0.2,0.0,0.2,0.0
elderly_headed_hh,fourth_quintile,1981,0.3,0.2,0.0,0.1,0.0
elderly_headed_hh,fourth_quintile,1982,0.3,0.2,0.0,0.1,0.0
elderly_headed_hh,fourth_quintile,1983,0.3,0.1,0.0,0.1,0.1
elderly_headed_hh,fourth_quintile,1984,0.2,0.1,0.0,0.1,0.0
elderly_headed_hh,fourth_quintile,1985,0.3,0.1,0.0,0.1,0.0
elderly_headed_hh,fourth_quintile,1986,0.3,0.2,0.0,0.1,0.0
elderly_headed_hh,fourth_quintile,1987,0.2,0.1,0.0,0.1,0.0
elderly_headed_hh,fourth_quintile,1988,0.3,0.1,0.0,0.1,0.1
elderly_headed_hh,fourth_quintile,1989,0.3,0.1,0.0,0.1,0.0
elderly_headed_hh,fourth_quintile,1990,0.2,0.1,0.0,0.1,0.1
elderly_headed_hh,fourth_quintile,1991,0.2,0.1,0.0,0.1,0.0
elderly_headed_hh,fourth_quintile,1992,0.4,0.2,0.0,0.1,0.0
elderly_headed_hh,fourth_quintile,1993,0.5,0.3,0.0,0.1,0.0
elderly_headed_hh,fourth_quintile,1994,0.6,0.4,0.0,0.1,0.0
elderly_headed_hh,fourth_quintile,1995,0.6,0.5,0.0,0.1,0.0
elderly_headed_hh,fourth_quintile,1996,0.6,0.5,0.0,0.1,0.0
elderly_headed_hh,fourth_quintile,1997,0.8,0.6,0.0,0.1,0.0
elderly_headed_hh,fourth_quintile,1998,0.8,0.6,0.0,0.1,0.0
elderly_headed_hh,fourth_quintile,1999,0.7,0.5,0.0,0.1,0.0
elderly_headed_hh,fourth_quintile,2000,0.8,0.6,0.0,0.1,0.0
elderly_headed_hh,fourth_quintile,2001,0.8,0.7,0.0,0.1,0.0
elderly_headed_hh,fourth_quintile,2002,1.0,0.9,0.0,0.1,0.0
elderly_headed_hh,fourth_quintile,2003,1.0,0.9,0.0,0.1,0.0
elderly_headed_hh,fourth_quintile,2004,1.1,0.9,0.0,0.1,0.0
elderly_headed_hh,fourth_quintile,2005,1.2,1.0,0.0,0.1,0.0
elderly_headed_hh,fourth_quintile,2006,1.1,0.8,0.0,0.1,0.2
elderly_headed_hh,fourth_quintile,2007,1.4,1.0,0.0,0.2,0.2
elderly_headed_hh,fourth_quintile,2008,1.0,0.7,0.0,0.1,0.1
elderly_headed_hh,fourth_quintile,2009,1.2,0.9,0.0,0.1,0.2
elderly_headed_hh,fourth_quintile,2010,1.3,0.9,0.0,0.1,0.2
elderly_headed_hh,fourth_quintile,2011,1.2,0.8,0.1,0.2,0.2
elderly_headed_hh,fourth_quintile,2012,0.9,0.7,0.0,0.1,0.1
elderly_headed_hh,fourth_quintile,2013,1.0,0.7,0.0,0.1,0.2
elderly_headed_hh,fourth_quintile,2014,1.1,0.7,0.0,0.1,0.2
elderly_headed_hh,fourth_quintile,2015,1.2,0.8,0.1,0.1,0.2
elderly_headed_hh,fourth_quintile,2016,1.1,0.8,0.0,0.1,0.2
elderly_headed_hh,highest_quintile,1979,0.1,0.1,0.0,0.0,0.0
elderly_headed_hh,highest_quintile,1980,0.1,0.0,0.0,0.0,0.0
elderly_headed_hh,highest_quintile,1981,0.1,0.0,0.0,0.0,0.0
elderly_headed_hh,highest_quintile,1982,0.1,0.0,0.0,0.0,0.0
elderly_headed_hh,highest_quintile,1983,0.1,0.0,0.0,0.0,0.0
elderly_headed_hh,highest_quintile,1984,0.1,0.0,0.0,0.0,0.0
elderly_headed_hh,highest_quintile,1985,0.1,0.0,0.0,0.0,0.0
elderly_headed_hh,highest_quintile,1986,0.1,0.0,0.0,0.0,0.0
elderly_headed_hh,highest_quintile,1987,0.1,0.0,0.0,0.0,0.0
elderly_headed_hh,highest_quintile,1988,0.1,0.0,0.0,0.0,0.0
elderly_headed_hh,highest_quintile,1989,0.1,0.0,0.0,0.0,0.0
elderly_headed_hh,highest_quintile,1990,0.1,0.0,0.0,0.0,0.0
elderly_headed_hh,highest_quintile,1991,0.1,0.0,0.0,0.0,0.0
elderly_headed_hh,highest_quintile,1992,0.1,0.1,0.0,0.0,0.0
elderly_headed_hh,highest_quintile,1993,0.1,0.1,0.0,0.0,0.0
elderly_headed_hh,highest_quintile,1994,0.2,0.1,0.0,0.0,0.0
elderly_headed_hh,highest_quintile,1995,0.2,0.1,0.0,0.0,0.0
elderly_headed_hh,highest_quintile,1996,0.2,0.2,0.0,0.0,0.0
elderly_headed_hh,highest_quintile,1997,0.2,0.1,0.0,0.0,0.0
elderly_headed_hh,highest_quintile,1998,0.2,0.2,0.0,0.0,0.0
elderly_headed_hh,highest_quintile,1999,0.2,0.1,0.0,0.0,0.0
elderly_headed_hh,highest_quintile,2000,0.2,0.2,0.0,0.0,0.0
elderly_headed_hh,highest_quintile,2001,0.2,0.2,0.0,0.0,0.0
elderly_headed_hh,highest_quintile,2002,0.2,0.2,0.0,0.0,0.0
elderly_headed_hh,highest_quintile,2003,0.3,0.2,0.0,0.0,0.0
elderly_headed_hh,highest_quintile,2004,0.3,0.2,0.0,0.0,0.0
elderly_headed_hh,highest_quintile,2005,0.2,0.2,0.0,0.0,0.0
elderly_headed_hh,highest_quintile,2006,0.3,0.2,0.0,0.0,0.0
elderly_headed_hh,highest_quintile,2007,0.3,0.2,0.0,0.0,0.0
elderly_headed_hh,highest_quintile,2008,0.3,0.2,0.0,0.0,0.0
elderly_headed_hh,highest_quintile,2009,0.3,0.3,0.0,0.0,0.0
elderly_headed_hh,highest_quintile,2010,0.3,0.3,0.0,0.0,0.0
elderly_headed_hh,highest_quintile,2011,0.2,0.2,0.0,0.0,0.0
elderly_headed_hh,highest_quintile,2012,0.2,0.2,0.0,0.0,0.0
elderly_headed_hh,highest_quintile,2013,0.2,0.2,0.0,0.0,0.0
elderly_headed_hh,highest_quintile,2014,0.3,0.2,0.0,0.0,0.0
elderly_headed_hh,highest_quintile,2015,0.3,0.2,0.0,0.0,0.0
elderly_headed_hh,highest_quintile,2016,0.3,0.2,0.0,0.0,0.0
elderly_headed_hh,percentiles_81_90,1979,0.2,0.1,0.0,0.1,0.0
elderly_headed_hh,percentiles_81_90,1980,0.2,0.1,0.0,0.1,0.0
elderly_headed_hh,percentiles_81_90,1981,0.1,0.1,0.0,0.0,0.0
elderly_headed_hh,percentiles_81_90,1982,0.2,0.1,0.0,0.1,0.0
elderly_headed_hh,percentiles_81_90,1983,0.1,0.1,0.0,0.0,0.0
elderly_headed_hh,percentiles_81_90,1984,0.1,0.1,0.0,0.0,0.0
elderly_headed_hh,percentiles_81_90,1985,0.2,0.1,0.0,0.1,0.0
elderly_headed_hh,percentiles_81_90,1986,0.1,0.1,0.0,0.1,0.0
elderly_headed_hh,percentiles_81_90,1987,0.2,0.1,0.0,0.0,0.0
elderly_headed_hh,percentiles_81_90,1988,0.2,0.1,0.0,0.0,0.1
elderly_headed_hh,percentiles_81_90,1989,0.1,0.0,0.0,0.0,0.0
elderly_headed_hh,percentiles_81_90,1990,0.1,0.1,0.0,0.0,0.0
elderly_headed_hh,percentiles_81_90,1991,0.2,0.1,0.0,0.0,0.0
elderly_headed_hh,percentiles_81_90,1992,0.2,0.1,0.0,0.0,0.0
elderly_headed_hh,percentiles_81_90,1993,0.4,0.3,0.0,0.1,0.0
elderly_headed_hh,percentiles_81_90,1994,0.3,0.2,0.0,0.1,0.0
elderly_headed_hh,percentiles_81_90,1995,0.3,0.3,0.0,0.1,0.0
elderly_headed_hh,percentiles_81_90,1996,0.4,0.3,0.0,0.1,0.0
elderly_headed_hh,percentiles_81_90,1997,0.4,0.3,0.0,0.1,0.0
elderly_headed_hh,percentiles_81_90,1998,0.5,0.4,0.0,0.1,0.0
elderly_headed_hh,percentiles_81_90,1999,0.5,0.3,0.0,0.1,0.0
elderly_headed_hh,percentiles_81_90,2000,0.5,0.4,0.0,0.1,0.0
elderly_headed_hh,percentiles_81_90,2001,0.4,0.3,0.0,0.0,0.0
elderly_headed_hh,percentiles_81_90,2002,0.6,0.5,0.0,0.1,0.0
elderly_headed_hh,percentiles_81_90,2003,0.7,0.6,0.0,0.1,0.0
elderly_headed_hh,percentiles_81_90,2004,0.6,0.5,0.0,0.1,0.0
elderly_headed_hh,percentiles_81_90,2005,0.5,0.4,0.0,0.1,0.0
elderly_headed_hh,percentiles_81_90,2006,0.6,0.4,0.0,0.1,0.1
elderly_headed_hh,percentiles_81_90,2007,0.7,0.5,0.0,0.1,0.1
elderly_headed_hh,percentiles_81_90,2008,0.5,0.4,0.0,0.1,0.1
elderly_headed_hh,percentiles_81_90,2009,0.7,0.5,0.0,0.1,0.1
elderly_headed_hh,percentiles_81_90,2010,0.8,0.6,0.0,0.1,0.1
elderly_headed_hh,percentiles_81_90,2011,0.4,0.3,0.0,0.1,0.1
elderly_headed_hh,percentiles_81_90,2012,0.6,0.4,0.0,0.1,0.1
elderly_headed_hh,percentiles_81_90,2013,0.4,0.3,0.0,0.0,0.1
elderly_headed_hh,percentiles_81_90,2014,0.6,0.4,0.0,0.0,0.1
elderly_headed_hh,percentiles_81_90,2015,0.5,0.4,0.0,0.0,0.1
elderly_headed_hh,percentiles_81_90,2016,0.7,0.5,0.0,0.0,0.1
elderly_headed_hh,percentiles_91_95,1979,0.1,0.1,0.0,0.0,0.0
elderly_headed_hh,percentiles_91_95,1980,0.1,0.0,0.0,0.0,0.0
elderly_headed_hh,percentiles_91_95,1981,0.1,0.1,0.0,0.0,0.0
elderly_headed_hh,percentiles_91_95,1982,0.1,0.1,0.0,0.0,0.0
elderly_headed_hh,percentiles_91_95,1983,0.1,0.1,0.0,0.0,0.0
elderly_headed_hh,percentiles_91_95,1984,0.1,0.0,0.0,0.0,0.0
elderly_headed_hh,percentiles_91_95,1985,0.1,0.0,0.0,0.0,0.0
elderly_headed_hh,percentiles_91_95,1986,0.1,0.0,0.0,0.0,0.0
elderly_headed_hh,percentiles_91_95,1987,0.0,0.0,0.0,0.0,0.0
elderly_headed_hh,percentiles_91_95,1988,0.1,0.0,0.0,0.0,0.0
elderly_headed_hh,percentiles_91_95,1989,0.1,0.0,0.0,0.0,0.0
elderly_headed_hh,percentiles_91_95,1990,0.1,0.0,0.0,0.0,0.0
elderly_headed_hh,percentiles_91_95,1991,0.0,0.0,0.0,0.0,0.0
elderly_headed_hh,percentiles_91_95,1992,0.1,0.1,0.0,0.1,0.0
elderly_headed_hh,percentiles_91_95,1993,0.1,0.1,0.0,0.0,0.0
elderly_headed_hh,percentiles_91_95,1994,0.2,0.1,0.0,0.0,0.0
elderly_headed_hh,percentiles_91_95,1995,0.2,0.2,0.0,0.0,0.0
elderly_headed_hh,percentiles_91_95,1996,0.3,0.2,0.0,0.1,0.0
elderly_headed_hh,percentiles_91_95,1997,0.2,0.2,0.0,0.0,0.0
elderly_headed_hh,percentiles_91_95,1998,0.4,0.3,0.0,0.1,0.0
elderly_headed_hh,percentiles_91_95,1999,0.3,0.2,0.0,0.0,0.0
elderly_headed_hh,percentiles_91_95,2000,0.2,0.2,0.0,0.0,0.0
elderly_headed_hh,percentiles_91_95,2001,0.3,0.3,0.0,0.0,0.0
elderly_headed_hh,percentiles_91_95,2002,0.2,0.2,0.0,0.0,0.0
elderly_headed_hh,percentiles_91_95,2003,0.3,0.3,0.0,0.0,0.0
elderly_headed_hh,percentiles_91_95,2004,0.3,0.3,0.0,0.0,0.0
elderly_headed_hh,percentiles_91_95,2005,0.4,0.3,0.0,0.0,0.0
elderly_headed_hh,percentiles_91_95,2006,0.5,0.4,0.0,0.0,0.1
elderly_headed_hh,percentiles_91_95,2007,0.5,0.3,0.0,0.0,0.1
elderly_headed_hh,percentiles_91_95,2008,0.4,0.3,0.0,0.0,0.0
elderly_headed_hh,percentiles_91_95,2009,0.4,0.3,0.0,0.0,0.0
elderly_headed_hh,percentiles_91_95,2010,0.3,0.2,0.0,0.0,0.0
elderly_headed_hh,percentiles_91_95,2011,0.3,0.2,0.0,0.0,0.0
elderly_headed_hh,percentiles_91_95,2012,0.3,0.2,0.0,0.0,0.0
elderly_headed_hh,percentiles_91_95,2013,0.3,0.3,0.0,0.0,0.0
elderly_headed_hh,percentiles_91_95,2014,0.4,0.3,0.0,0.0,0.1
elderly_headed_hh,percentiles_91_95,2015,0.4,0.3,0.0,0.0,0.1
elderly_headed_hh,percentiles_91_95,2016,0.4,0.3,0.0,0.0,0.1
elderly_headed_hh,percentiles_96_99,1979,0.1,0.1,0.0,0.0,0.0
elderly_headed_hh,percentiles_96_99,1980,0.0,0.0,0.0,0.0,0.0
elderly_headed_hh,percentiles_96_99,1981,0.1,0.1,0.0,0.0,0.0
elderly_headed_hh,percentiles_96_99,1982,0.0,0.0,0.0,0.0,0.0
elderly_headed_hh,percentiles_96_99,1983,0.1,0.0,0.0,0.1,0.0
elderly_headed_hh,percentiles_96_99,1984,0.0,0.0,0.0,0.0,0.0
elderly_headed_hh,percentiles_96_99,1985,0.1,0.0,0.0,0.0,0.0
elderly_headed_hh,percentiles_96_99,1986,0.0,0.0,0.0,0.0,0.0
elderly_headed_hh,percentiles_96_99,1987,0.0,0.0,0.0,0.0,0.0
elderly_headed_hh,percentiles_96_99,1988,0.0,0.0,0.0,0.0,0.0
elderly_headed_hh,percentiles_96_99,1989,0.1,0.0,0.0,0.0,0.1
elderly_headed_hh,percentiles_96_99,1990,0.1,0.0,0.0,0.0,0.1
elderly_headed_hh,percentiles_96_99,1991,0.1,0.0,0.0,0.0,0.0
elderly_headed_hh,percentiles_96_99,1992,0.1,0.1,0.0,0.0,0.0
elderly_headed_hh,percentiles_96_99,1993,0.0,0.0,0.0,0.0,0.0
elderly_headed_hh,percentiles_96_99,1994,0.2,0.2,0.0,0.0,0.0
elderly_headed_hh,percentiles_96_99,1995,0.1,0.1,0.0,0.0,0.0
elderly_headed_hh,percentiles_96_99,1996,0.1,0.1,0.0,0.0,0.0
elderly_headed_hh,percentiles_96_99,1997,0.1,0.1,0.0,0.0,0.0
elderly_headed_hh,percentiles_96_99,1998,0.1,0.1,0.0,0.0,0.0
elderly_headed_hh,percentiles_96_99,1999,0.2,0.1,0.0,0.0,0.0
elderly_headed_hh,percentiles_96_99,2000,0.2,0.2,0.0,0.0,0.0
elderly_headed_hh,percentiles_96_99,2001,0.2,0.2,0.0,0.0,0.0
elderly_headed_hh,percentiles_96_99,2002,0.2,0.2,0.0,0.0,0.0
elderly_headed_hh,percentiles_96_99,2003,0.2,0.2,0.0,0.0,0.0
elderly_headed_hh,percentiles_96_99,2004,0.2,0.2,0.0,0.0,0.0
elderly_headed_hh,percentiles_96_99,2005,0.2,0.2,0.0,0.0,0.0
elderly_headed_hh,percentiles_96_99,2006,0.2,0.2,0.0,0.0,0.0
elderly_headed_hh,percentiles_96_99,2007,0.3,0.2,0.0,0.0,0.1
elderly_headed_hh,percentiles_96_99,2008,0.3,0.2,0.0,0.0,0.0
elderly_headed_hh,percentiles_96_99,2009,0.2,0.2,0.0,0.0,0.0
elderly_headed_hh,percentiles_96_99,2010,0.2,0.2,0.0,0.0,0.0
elderly_headed_hh,percentiles_96_99,2011,0.1,0.1,0.0,0.0,0.0
elderly_headed_hh,percentiles_96_99,2012,0.1,0.1,0.0,0.0,0.0
elderly_headed_hh,percentiles_96_99,2013,0.2,0.1,0.0,0.0,0.0
elderly_headed_hh,percentiles_96_99,2014,0.1,0.1,0.0,0.0,0.0
elderly_headed_hh,percentiles_96_99,2015,0.2,0.1,0.0,0.0,0.0
elderly_headed_hh,percentiles_96_99,2016,0.2,0.1,0.0,0.0,0.0
elderly_headed_hh,top_1_percent,1979,0.0,0.0,0.0,0.0,0.0
elderly_headed_hh,top_1_percent,1980,0.0,0.0,0.0,0.0,0.0
elderly_headed_hh,top_1_percent,1981,0.0,0.0,0.0,0.0,0.0
elderly_headed_hh,top_1_percent,1982,0.0,0.0,0.0,0.0,0.0
elderly_headed_hh,top_1_percent,1983,0.0,0.0,0.0,0.0,0.0
elderly_headed_hh,top_1_percent,1984,0.0,0.0,0.0,0.0,0.0
elderly_headed_hh,top_1_percent,1985,0.0,0.0,0.0,0.0,0.0
elderly_headed_hh,top_1_percent,1986,0.0,0.0,0.0,0.0,0.0
elderly_headed_hh,top_1_percent,1987,0.0,0.0,0.0,0.0,0.0
elderly_headed_hh,top_1_percent,1988,0.0,0.0,0.0,0.0,0.0
elderly_headed_hh,top_1_percent,1989,0.0,0.0,0.0,0.0,0.0
elderly_headed_hh,top_1_percent,1990,0.0,0.0,0.0,0.0,0.0
elderly_headed_hh,top_1_percent,1991,0.0,0.0,0.0,0.0,0.0
elderly_headed_hh,top_1_percent,1992,0.0,0.0,0.0,0.0,0.0
elderly_headed_hh,top_1_percent,1993,0.0,0.0,0.0,0.0,0.0
elderly_headed_hh,top_1_percent,1994,0.0,0.0,0.0,0.0,0.0
elderly_headed_hh,top_1_percent,1995,0.0,0.0,0.0,0.0,0.0
elderly_headed_hh,top_1_percent,1996,0.0,0.0,0.0,0.0,0.0
elderly_headed_hh,top_1_percent,1997,0.0,0.0,0.0,0.0,0.0
elderly_headed_hh,top_1_percent,1998,0.0,0.0,0.0,0.0,0.0
elderly_headed_hh,top_1_percent,1999,0.0,0.0,0.0,0.0,0.0
elderly_headed_hh,top_1_percent,2000,0.0,0.0,0.0,0.0,0.0
elderly_headed_hh,top_1_percent,2001,0.0,0.0,0.0,0.0,0.0
elderly_headed_hh,top_1_percent,2002,0.0,0.0,0.0,0.0,0.0
elderly_headed_hh,top_1_percent,2003,0.0,0.0,0.0,0.0,0.0
elderly_headed_hh,top_1_percent,2004,0.0,0.0,0.0,0.0,0.0
elderly_headed_hh,top_1_percent,2005,0.0,0.0,0.0,0.0,0.0
elderly_headed_hh,top_1_percent,2006,0.1,0.0,0.0,0.0,0.0
elderly_headed_hh,top_1_percent,2007,0.0,0.0,0.0,0.0,0.0
elderly_headed_hh,top_1_percent,2008,0.0,0.0,0.0,0.0,0.0
elderly_headed_hh,top_1_percent,2009,0.0,0.0,0.0,0.0,0.0
elderly_headed_hh,top_1_percent,2010,0.1,0.0,0.0,0.0,0.0
elderly_headed_hh,top_1_percent,2011,0.0,0.0,0.0,0.0,0.0
elderly_headed_hh,top_1_percent,2012,0.0,0.0,0.0,0.0,0.0
elderly_headed_hh,top_1_percent,2013,0.0,0.0,0.0,0.0,0.0
elderly_headed_hh,top_1_percent,2014,0.0,0.0,0.0,0.0,0.0
elderly_headed_hh,top_1_percent,2015,0.0,0.0,0.0,0.0,0.0
elderly_headed_hh,top_1_percent,2016,0.0,0.0,0.0,0.0,0.0
nonelderly_childless_hh,all_quintiles,1979,1.0,0.3,0.1,0.4,0.2
nonelderly_childless_hh,all_quintiles,1980,1.1,0.3,0.1,0.4,0.2
nonelderly_childless_hh,all_quintiles,1981,1.1,0.4,0.2,0.4,0.2
nonelderly_childless_hh,all_quintiles,1982,1.1,0.4,0.1,0.4,0.2
nonelderly_childless_hh,all_quintiles,1983,1.2,0.4,0.1,0.4,0.3
nonelderly_childless_hh,all_quintiles,1984,1.1,0.4,0.1,0.4,0.3
nonelderly_childless_hh,all_quintiles,1985,1.1,0.4,0.1,0.4,0.2
nonelderly_childless_hh,all_quintiles,1986,1.1,0.4,0.1,0.4,0.2
nonelderly_childless_hh,all_quintiles,1987,1.1,0.4,0.1,0.4,0.2
nonelderly_childless_hh,all_quintiles,1988,1.1,0.4,0.1,0.4,0.2
nonelderly_childless_hh,all_quintiles,1989,1.2,0.5,0.1,0.4,0.2
nonelderly_childless_hh,all_quintiles,1990,1.2,0.5,0.1,0.4,0.2
nonelderly_childless_hh,all_quintiles,1991,1.4,0.6,0.1,0.4,0.2
nonelderly_childless_hh,all_quintiles,1992,1.6,0.7,0.2,0.4,0.3
nonelderly_childless_hh,all_quintiles,1993,1.7,0.8,0.2,0.5,0.3
nonelderly_childless_hh,all_quintiles,1994,1.8,0.9,0.1,0.5,0.3
nonelderly_childless_hh,all_quintiles,1995,1.9,1.0,0.1,0.5,0.3
nonelderly_childless_hh,all_quintiles,1996,1.8,0.9,0.1,0.5,0.3
nonelderly_childless_hh,all_quintiles,1997,1.8,1.0,0.1,0.4,0.3
nonelderly_childless_hh,all_quintiles,1998,1.9,1.1,0.1,0.5,0.3
nonelderly_childless_hh,all_quintiles,1999,1.9,1.2,0.1,0.4,0.2
nonelderly_childless_hh,all_quintiles,2000,2.0,1.3,0.1,0.4,0.2
nonelderly_childless_hh,all_quintiles,2001,2.3,1.5,0.1,0.5,0.3
nonelderly_childless_hh,all_quintiles,2002,2.6,1.7,0.1,0.5,0.3
nonelderly_childless_hh,all_quintiles,2003,2.7,1.8,0.1,0.5,0.3
nonelderly_childless_hh,all_quintiles,2004,2.7,1.9,0.1,0.5,0.3
nonelderly_childless_hh,all_quintiles,2005,2.6,1.8,0.1,0.4,0.3
nonelderly_childless_hh,all_quintiles,2006,2.5,1.6,0.1,0.4,0.3
nonelderly_childless_hh,all_quintiles,2007,2.6,1.7,0.1,0.4,0.3
nonelderly_childless_hh,all_quintiles,2008,2.8,1.8,0.2,0.5,0.3
nonelderly_childless_hh,all_quintiles,2009,3.4,2.1,0.3,0.5,0.4
nonelderly_childless_hh,all_quintiles,2010,3.6,2.2,0.4,0.6,0.4
nonelderly_childless_hh,all_quintiles,2011,3.6,2.2,0.4,0.6,0.4
nonelderly_childless_hh,all_quintiles,2012,3.6,2.2,0.4,0.6,0.4
nonelderly_childless_hh,all_quintiles,2013,3.7,2.3,0.4,0.6,0.4
nonelderly_childless_hh,all_quintiles,2014,4.1,2.8,0.4,0.6,0.4
nonelderly_childless_hh,all_quintiles,2015,4.3,3.0,0.3,0.5,0.5
nonelderly_childless_hh,all_quintiles,2016,4.4,3.0,0.3,0.5,0.5
nonelderly_childless_hh,lowest_quintile,1979,24.4,7.3,3.0,9.4,4.7
nonelderly_childless_hh,lowest_quintile,1980,27.8,8.3,3.7,10.4,5.4
nonelderly_childless_hh,lowest_quintile,1981,29.6,8.9,4.4,10.6,5.7
nonelderly_childless_hh,lowest_quintile,1982,28.7,8.7,4.3,9.4,6.2
nonelderly_childless_hh,lowest_quintile,1983,33.4,10.1,4.5,10.7,8.1
nonelderly_childless_hh,lowest_quintile,1984,28.2,8.5,3.4,9.2,7.2
nonelderly_childless_hh,lowest_quintile,1985,30.0,9.4,3.5,9.3,7.8
nonelderly_childless_hh,lowest_quintile,1986,29.9,9.8,3.2,10.1,6.8
nonelderly_childless_hh,lowest_quintile,1987,31.7,10.6,3.1,11.2,6.8
nonelderly_childless_hh,lowest_quintile,1988,33.8,11.8,3.2,11.6,7.2
nonelderly_childless_hh,lowest_quintile,1989,34.4,12.9,3.2,10.5,7.7
nonelderly_childless_hh,lowest_quintile,1990,32.8,12.2,3.3,9.6,7.7
nonelderly_childless_hh,lowest_quintile,1991,37.6,15.2,3.8,11.4,7.2
nonelderly_childless_hh,lowest_quintile,1992,41.6,17.1,4.5,11.7,8.2
nonelderly_childless_hh,lowest_quintile,1993,45.1,19.2,4.7,12.5,8.7
nonelderly_childless_hh,lowest_quintile,1994,48.4,22.2,4.5,13.0,8.8
nonelderly_childless_hh,lowest_quintile,1995,45.3,21.1,4.0,11.2,9.0
nonelderly_childless_hh,lowest_quintile,1996,49.0,23.3,4.1,12.6,9.1
nonelderly_childless_hh,lowest_quintile,1997,47.7,23.5,3.1,12.3,8.9
nonelderly_childless_hh,lowest_quintile,1998,47.9,25.1,2.5,12.0,8.3
nonelderly_childless_hh,lowest_quintile,1999,42.8,24.3,2.0,10.3,6.2
nonelderly_childless_hh,lowest_quintile,2000,50.1,28.8,2.5,11.1,7.7
nonelderly_childless_hh,lowest_quintile,2001,52.9,31.2,2.4,11.3,7.9
nonelderly_childless_hh,lowest_quintile,2002,56.1,33.8,2.7,11.2,8.5
nonelderly_childless_hh,lowest_quintile,2003,57.7,35.6,3.3,10.7,8.1
nonelderly_childless_hh,lowest_quintile,2004,57.9,36.9,3.6,9.9,7.5
nonelderly_childless_hh,lowest_quintile,2005,54.8,33.9,4.1,9.6,7.2
nonelderly_childless_hh,lowest_quintile,2006,51.0,30.1,3.4,9.7,7.8
nonelderly_childless_hh,lowest_quintile,2007,44.8,26.9,3.0,8.3,6.6
nonelderly_childless_hh,lowest_quintile,2008,46.4,27.8,3.4,8.7,6.5
nonelderly_childless_hh,lowest_quintile,2009,54.5,31.1,5.6,10.1,7.8
nonelderly_childless_hh,lowest_quintile,2010,60.2,34.2,6.8,10.9,8.3
nonelderly_childless_hh,lowest_quintile,2011,58.1,31.8,7.9,10.3,8.1
nonelderly_childless_hh,lowest_quintile,2012,62.0,34.5,8.6,11.1,7.7
nonelderly_childless_hh,lowest_quintile,2013,62.1,36.1,7.8,11.5,6.7
nonelderly_childless_hh,lowest_quintile,2014,73.3,45.8,7.4,11.5,8.6
nonelderly_childless_hh,lowest_quintile,2015,72.3,46.4,6.8,10.4,8.6
nonelderly_childless_hh,lowest_quintile,2016,73.5,47.5,6.7,10.3,8.9
nonelderly_childless_hh,second_quintile,1979,1.8,0.6,0.3,0.6,0.3
nonelderly_childless_hh,second_quintile,1980,2.0,0.7,0.3,0.6,0.3
nonelderly_childless_hh,second_quintile,1981,2.2,0.8,0.3,0.7,0.4
nonelderly_childless_hh,second_quintile,1982,2.1,0.8,0.2,0.7,0.4
nonelderly_childless_hh,second_quintile,1983,1.9,0.7,0.2,0.6,0.4
nonelderly_childless_hh,second_quintile,1984,1.8,0.7,0.2,0.6,0.3
nonelderly_childless_hh,second_quintile,1985,1.8,0.8,0.1,0.6,0.3
nonelderly_childless_hh,second_quintile,1986,2.6,1.1,0.1,1.1,0.4
nonelderly_childless_hh,second_quintile,1987,2.5,1.0,0.2,0.8,0.5
nonelderly_childless_hh,second_quintile,1988,2.7,1.2,0.2,0.8,0.5
nonelderly_childless_hh,second_quintile,1989,3.0,1.4,0.2,1.0,0.4
nonelderly_childless_hh,second_quintile,1990,3.2,1.5,0.2,1.0,0.5
nonelderly_childless_hh,second_quintile,1991,3.8,1.8,0.3,1.1,0.6
nonelderly_childless_hh,second_quintile,1992,4.8,2.4,0.5,1.1,0.7
nonelderly_childless_hh,second_quintile,1993,5.0,2.5,0.5,1.3,0.8
nonelderly_childless_hh,second_quintile,1994,5.1,2.8,0.4,1.2,0.8
nonelderly_childless_hh,second_quintile,1995,5.8,3.2,0.4,1.4,0.8
nonelderly_childless_hh,second_quintile,1996,4.8,2.8,0.3,1.0,0.6
nonelderly_childless_hh,second_quintile,1997,5.2,3.3,0.2,1.1,0.5
nonelderly_childless_hh,second_quintile,1998,5.3,3.6,0.2,1.0,0.5
nonelderly_childless_hh,second_quintile,1999,5.7,4.1,0.2,1.0,0.4
nonelderly_childless_hh,second_quintile,2000,5.9,4.3,0.2,1.1,0.4
nonelderly_childless_hh,second_quintile,2001,7.1,5.2,0.2,1.1,0.5
nonelderly_childless_hh,second_quintile,2002,7.5,5.6,0.2,1.2,0.5
nonelderly_childless_hh,second_quintile,2003,8.4,6.3,0.3,1.3,0.6
nonelderly_childless_hh,second_quintile,2004,8.8,6.5,0.3,1.3,0.6
nonelderly_childless_hh,second_quintile,2005,8.7,6.5,0.4,1.1,0.7
nonelderly_childless_hh,second_quintile,2006,9.1,6.5,0.3,1.2,1.2
nonelderly_childless_hh,second_quintile,2007,8.7,6.1,0.3,1.2,1.0
nonelderly_childless_hh,second_quintile,2008,9.9,7.1,0.5,1.2,1.2
nonelderly_childless_hh,second_quintile,2009,11.8,8.0,0.8,1.4,1.5
nonelderly_childless_hh,second_quintile,2010,12.4,8.1,1.1,1.5,1.7
nonelderly_childless_hh,second_quintile,2011,12.7,8.4,1.2,1.6,1.5
nonelderly_childless_hh,second_quintile,2012,12.6,8.5,1.2,1.3,1.5
nonelderly_childless_hh,second_quintile,2013,12.1,8.1,1.2,1.3,1.5
nonelderly_childless_hh,second_quintile,2014,13.9,9.8,1.1,1.5,1.5
nonelderly_childless_hh,second_quintile,2015,13.3,9.9,0.9,1.1,1.5
nonelderly_childless_hh,second_quintile,2016,13.3,9.7,0.9,1.3,1.5
nonelderly_childless_hh,middle_quintile,1979,0.6,0.2,0.1,0.3,0.1
nonelderly_childless_hh,middle_quintile,1980,0.6,0.2,0.1,0.2,0.1
nonelderly_childless_hh,middle_quintile,1981,0.6,0.2,0.1,0.2,0.1
nonelderly_childless_hh,middle_quintile,1982,0.6,0.2,0.0,0.3,0.1
nonelderly_childless_hh,middle_quintile,1983,0.6,0.2,0.0,0.3,0.1
nonelderly_childless_hh,middle_quintile,1984,0.6,0.2,0.1,0.3,0.1
nonelderly_childless_hh,middle_quintile,1985,0.6,0.3,0.0,0.3,0.1
nonelderly_childless_hh,middle_quintile,1986,0.6,0.2,0.0,0.3,0.1
nonelderly_childless_hh,middle_quintile,1987,0.7,0.3,0.0,0.3,0.1
nonelderly_childless_hh,middle_quintile,1988,0.7,0.3,0.0,0.2,0.2
nonelderly_childless_hh,middle_quintile,1989,0.7,0.3,0.0,0.3,0.1
nonelderly_childless_hh,middle_quintile,1990,0.8,0.4,0.0,0.3,0.1
nonelderly_childless_hh,middle_quintile,1991,1.0,0.5,0.1,0.3,0.1
nonelderly_childless_hh,middle_quintile,1992,1.1,0.6,0.1,0.4,0.1
nonelderly_childless_hh,middle_quintile,1993,1.2,0.6,0.1,0.4,0.2
nonelderly_childless_hh,middle_quintile,1994,1.1,0.7,0.1,0.3,0.1
nonelderly_childless_hh,middle_quintile,1995,1.4,0.9,0.1,0.3,0.1
nonelderly_childless_hh,middle_quintile,1996,1.3,0.8,0.1,0.4,0.1
nonelderly_childless_hh,middle_quintile,1997,1.2,0.8,0.0,0.2,0.1
nonelderly_childless_hh,middle_quintile,1998,1.2,0.9,0.0,0.3,0.1
nonelderly_childless_hh,middle_quintile,1999,1.6,1.2,0.0,0.4,0.0
nonelderly_childless_hh,middle_quintile,2000,1.5,1.2,0.0,0.3,0.1
nonelderly_childless_hh,middle_quintile,2001,1.6,1.2,0.0,0.3,0.1
nonelderly_childless_hh,middle_quintile,2002,1.9,1.5,0.0,0.3,0.1
nonelderly_childless_hh,middle_quintile,2003,2.0,1.6,0.0,0.3,0.1
nonelderly_childless_hh,middle_quintile,2004,2.3,1.8,0.0,0.4,0.1
nonelderly_childless_hh,middle_quintile,2005,2.5,2.0,0.1,0.4,0.1
nonelderly_childless_hh,middle_quintile,2006,2.1,1.6,0.1,0.3,0.2
nonelderly_childless_hh,middle_quintile,2007,2.3,1.7,0.1,0.3,0.2
nonelderly_childless_hh,middle_quintile,2008,2.4,1.8,0.1,0.4,0.2
nonelderly_childless_hh,middle_quintile,2009,2.9,2.2,0.2,0.4,0.2
nonelderly_childless_hh,middle_quintile,2010,2.9,2.1,0.2,0.4,0.2
nonelderly_childless_hh,middle_quintile,2011,3.0,2.1,0.2,0.4,0.2
nonelderly_childless_hh,middle_quintile,2012,3.2,2.3,0.2,0.5,0.3
nonelderly_childless_hh,middle_quintile,2013,2.9,2.1,0.2,0.4,0.2
nonelderly_childless_hh,middle_quintile,2014,3.5,2.6,0.2,0.4,0.3
nonelderly_childless_hh,middle_quintile,2015,3.9,3.0,0.2,0.4,0.3
nonelderly_childless_hh,middle_quintile,2016,4.0,3.0,0.2,0.4,0.3
nonelderly_childless_hh,fourth_quintile,1979,0.3,0.1,0.0,0.1,0.0
nonelderly_childless_hh,fourth_quintile,1980,0.3,0.1,0.0,0.1,0.0
nonelderly_childless_hh,fourth_quintile,1981,0.2,0.1,0.0,0.1,0.0
nonelderly_childless_hh,fourth_quintile,1982,0.2,0.1,0.0,0.1,0.0
nonelderly_childless_hh,fourth_quintile,1983,0.3,0.1,0.0,0.1,0.0
nonelderly_childless_hh,fourth_quintile,1984,0.3,0.1,0.0,0.1,0.0
nonelderly_childless_hh,fourth_quintile,1985,0.2,0.1,0.0,0.1,0.0
nonelderly_childless_hh,fourth_quintile,1986,0.2,0.1,0.0,0.1,0.0
nonelderly_childless_hh,fourth_quintile,1987,0.3,0.1,0.0,0.1,0.0
nonelderly_childless_hh,fourth_quintile,1988,0.2,0.1,0.0,0.1,0.0
nonelderly_childless_hh,fourth_quintile,1989,0.3,0.1,0.0,0.1,0.0
nonelderly_childless_hh,fourth_quintile,1990,0.3,0.2,0.0,0.1,0.0
nonelderly_childless_hh,fourth_quintile,1991,0.4,0.2,0.0,0.1,0.0
nonelderly_childless_hh,fourth_quintile,1992,0.4,0.2,0.0,0.1,0.0
nonelderly_childless_hh,fourth_quintile,1993,0.5,0.3,0.0,0.1,0.0
nonelderly_childless_hh,fourth_quintile,1994,0.5,0.3,0.0,0.1,0.0
nonelderly_childless_hh,fourth_quintile,1995,0.5,0.3,0.0,0.1,0.0
nonelderly_childless_hh,fourth_quintile,1996,0.5,0.3,0.0,0.1,0.0
nonelderly_childless_hh,fourth_quintile,1997,0.5,0.3,0.0,0.1,0.0
nonelderly_childless_hh,fourth_quintile,1998,0.5,0.4,0.0,0.1,0.0
nonelderly_childless_hh,fourth_quintile,1999,0.5,0.4,0.0,0.1,0.0
nonelderly_childless_hh,fourth_quintile,2000,0.5,0.4,0.0,0.1,0.0
nonelderly_childless_hh,fourth_quintile,2001,0.5,0.4,0.0,0.1,0.0
nonelderly_childless_hh,fourth_quintile,2002,0.7,0.5,0.0,0.1,0.0
nonelderly_childless_hh,fourth_quintile,2003,0.7,0.5,0.0,0.1,0.0
nonelderly_childless_hh,fourth_quintile,2004,0.8,0.6,0.0,0.1,0.0
nonelderly_childless_hh,fourth_quintile,2005,0.8,0.6,0.0,0.1,0.0
nonelderly_childless_hh,fourth_quintile,2006,0.8,0.6,0.0,0.1,0.0
nonelderly_childless_hh,fourth_quintile,2007,0.7,0.6,0.0,0.1,0.0
nonelderly_childless_hh,fourth_quintile,2008,0.8,0.6,0.0,0.1,0.1
nonelderly_childless_hh,fourth_quintile,2009,0.8,0.6,0.0,0.1,0.0
nonelderly_childless_hh,fourth_quintile,2010,0.9,0.7,0.1,0.1,0.1
nonelderly_childless_hh,fourth_quintile,2011,1.0,0.7,0.0,0.1,0.1
nonelderly_childless_hh,fourth_quintile,2012,1.0,0.7,0.0,0.2,0.1
nonelderly_childless_hh,fourth_quintile,2013,0.9,0.6,0.0,0.1,0.1
nonelderly_childless_hh,fourth_quintile,2014,1.2,1.0,0.1,0.2,0.1
nonelderly_childless_hh,fourth_quintile,2015,1.2,0.9,0.1,0.2,0.1
nonelderly_childless_hh,fourth_quintile,2016,1.3,1.1,0.1,0.1,0.1
nonelderly_childless_hh,highest_quintile,1979,0.1,0.0,0.0,0.0,0.0
nonelderly_childless_hh,highest_quintile,1980,0.0,0.0,0.0,0.0,0.0
nonelderly_childless_hh,highest_quintile,1981,0.1,0.0,0.0,0.0,0.0
nonelderly_childless_hh,highest_quintile,1982,0.1,0.0,0.0,0.0,0.0
nonelderly_childless_hh,highest_quintile,1983,0.0,0.0,0.0,0.0,0.0
nonelderly_childless_hh,highest_quintile,1984,0.1,0.0,0.0,0.0,0.0
nonelderly_childless_hh,highest_quintile,1985,0.1,0.0,0.0,0.0,0.0
nonelderly_childless_hh,highest_quintile,1986,0.1,0.0,0.0,0.0,0.0
nonelderly_childless_hh,highest_quintile,1987,0.1,0.0,0.0,0.0,0.0
nonelderly_childless_hh,highest_quintile,1988,0.0,0.0,0.0,0.0,0.0
nonelderly_childless_hh,highest_quintile,1989,0.1,0.0,0.0,0.0,0.0
nonelderly_childless_hh,highest_quintile,1990,0.1,0.0,0.0,0.0,0.0
nonelderly_childless_hh,highest_quintile,1991,0.1,0.0,0.0,0.0,0.0
nonelderly_childless_hh,highest_quintile,1992,0.1,0.1,0.0,0.0,0.0
nonelderly_childless_hh,highest_quintile,1993,0.1,0.1,0.0,0.0,0.0
nonelderly_childless_hh,highest_quintile,1994,0.1,0.1,0.0,0.0,0.0
nonelderly_childless_hh,highest_quintile,1995,0.1,0.1,0.0,0.0,0.0
nonelderly_childless_hh,highest_quintile,1996,0.1,0.1,0.0,0.0,0.0
nonelderly_childless_hh,highest_quintile,1997,0.1,0.1,0.0,0.0,0.0
nonelderly_childless_hh,highest_quintile,1998,0.1,0.1,0.0,0.0,0.0
nonelderly_childless_hh,highest_quintile,1999,0.1,0.1,0.0,0.0,0.0
nonelderly_childless_hh,highest_quintile,2000,0.1,0.1,0.0,0.0,0.0
nonelderly_childless_hh,highest_quintile,2001,0.1,0.1,0.0,0.0,0.0
nonelderly_childless_hh,highest_quintile,2002,0.1,0.1,0.0,0.0,0.0
nonelderly_childless_hh,highest_quintile,2003,0.2,0.1,0.0,0.0,0.0
nonelderly_childless_hh,highest_quintile,2004,0.1,0.1,0.0,0.0,0.0
nonelderly_childless_hh,highest_quintile,2005,0.2,0.1,0.0,0.0,0.0
nonelderly_childless_hh,highest_quintile,2006,0.2,0.1,0.0,0.0,0.0
nonelderly_childless_hh,highest_quintile,2007,0.2,0.1,0.0,0.0,0.0
nonelderly_childless_hh,highest_quintile,2008,0.2,0.1,0.0,0.0,0.0
nonelderly_childless_hh,highest_quintile,2009,0.2,0.2,0.0,0.0,0.0
nonelderly_childless_hh,highest_quintile,2010,0.2,0.1,0.0,0.0,0.0
nonelderly_childless_hh,highest_quintile,2011,0.2,0.1,0.0,0.0,0.0
nonelderly_childless_hh,highest_quintile,2012,0.2,0.2,0.0,0.0,0.0
nonelderly_childless_hh,highest_quintile,2013,0.2,0.1,0.0,0.0,0.0
nonelderly_childless_hh,highest_quintile,2014,0.2,0.2,0.0,0.0,0.0
nonelderly_childless_hh,highest_quintile,2015,0.3,0.2,0.0,0.0,0.0
nonelderly_childless_hh,highest_quintile,2016,0.3,0.3,0.0,0.0,0.0
nonelderly_childless_hh,percentiles_81_90,1979,0.1,0.0,0.0,0.0,0.0
nonelderly_childless_hh,percentiles_81_90,1980,0.1,0.0,0.0,0.0,0.0
nonelderly_childless_hh,percentiles_81_90,1981,0.1,0.0,0.0,0.1,0.0
nonelderly_childless_hh,percentiles_81_90,1982,0.1,0.0,0.0,0.0,0.0
nonelderly_childless_hh,percentiles_81_90,1983,0.1,0.0,0.0,0.0,0.0
nonelderly_childless_hh,percentiles_81_90,1984,0.1,0.0,0.0,0.0,0.0
nonelderly_childless_hh,percentiles_81_90,1985,0.1,0.0,0.0,0.1,0.0
nonelderly_childless_hh,percentiles_81_90,1986,0.1,0.0,0.0,0.1,0.0
nonelderly_childless_hh,percentiles_81_90,1987,0.1,0.0,0.0,0.0,0.0
nonelderly_childless_hh,percentiles_81_90,1988,0.1,0.0,0.0,0.0,0.0
nonelderly_childless_hh,percentiles_81_90,1989,0.1,0.1,0.0,0.0,0.0
nonelderly_childless_hh,percentiles_81_90,1990,0.2,0.1,0.0,0.1,0.0
nonelderly_childless_hh,percentiles_81_90,1991,0.2,0.1,0.0,0.1,0.0
nonelderly_childless_hh,percentiles_81_90,1992,0.2,0.1,0.0,0.1,0.0
nonelderly_childless_hh,percentiles_81_90,1993,0.2,0.1,0.0,0.1,0.0
nonelderly_childless_hh,percentiles_81_90,1994,0.3,0.2,0.0,0.1,0.0
nonelderly_childless_hh,percentiles_81_90,1995,0.2,0.1,0.0,0.1,0.0
nonelderly_childless_hh,percentiles_81_90,1996,0.3,0.2,0.0,0.1,0.0
nonelderly_childless_hh,percentiles_81_90,1997,0.2,0.2,0.0,0.0,0.0
nonelderly_childless_hh,percentiles_81_90,1998,0.3,0.2,0.0,0.1,0.0
nonelderly_childless_hh,percentiles_81_90,1999,0.2,0.1,0.0,0.1,0.0
nonelderly_childless_hh,percentiles_81_90,2000,0.2,0.2,0.0,0.0,0.0
nonelderly_childless_hh,percentiles_81_90,2001,0.2,0.2,0.0,0.0,0.0
nonelderly_childless_hh,percentiles_81_90,2002,0.3,0.2,0.0,0.1,0.0
nonelderly_childless_hh,percentiles_81_90,2003,0.3,0.2,0.0,0.1,0.0
nonelderly_childless_hh,percentiles_81_90,2004,0.3,0.2,0.0,0.1,0.0
nonelderly_childless_hh,percentiles_81_90,2005,0.3,0.3,0.0,0.1,0.0
nonelderly_childless_hh,percentiles_81_90,2006,0.4,0.3,0.0,0.1,0.0
nonelderly_childless_hh,percentiles_81_90,2007,0.3,0.3,0.0,0.1,0.0
nonelderly_childless_hh,percentiles_81_90,2008,0.3,0.2,0.0,0.1,0.0
nonelderly_childless_hh,percentiles_81_90,2009,0.4,0.3,0.0,0.0,0.0
nonelderly_childless_hh,percentiles_81_90,2010,0.4,0.3,0.0,0.0,0.0
nonelderly_childless_hh,percentiles_81_90,2011,0.4,0.3,0.0,0.1,0.0
nonelderly_childless_hh,percentiles_81_90,2012,0.4,0.3,0.0,0.1,0.0
nonelderly_childless_hh,percentiles_81_90,2013,0.3,0.3,0.0,0.0,0.0
nonelderly_childless_hh,percentiles_81_90,2014,0.5,0.4,0.0,0.0,0.0
nonelderly_childless_hh,percentiles_81_90,2015,0.5,0.4,0.0,0.1,0.0
nonelderly_childless_hh,percentiles_81_90,2016,0.6,0.5,0.0,0.1,0.0
nonelderly_childless_hh,percentiles_91_95,1979,0.0,0.0,0.0,0.0,0.0
nonelderly_childless_hh,percentiles_91_95,1980,0.0,0.0,0.0,0.0,0.0
nonelderly_childless_hh,percentiles_91_95,1981,0.1,0.0,0.0,0.0,0.0
nonelderly_childless_hh,percentiles_91_95,1982,0.0,0.0,0.0,0.0,0.0
nonelderly_childless_hh,percentiles_91_95,1983,0.1,0.0,0.0,0.0,0.0
nonelderly_childless_hh,percentiles_91_95,1984,0.0,0.0,0.0,0.0,0.0
nonelderly_childless_hh,percentiles_91_95,1985,0.1,0.0,0.0,0.0,0.0
nonelderly_childless_hh,percentiles_91_95,1986,0.1,0.0,0.0,0.0,0.0
nonelderly_childless_hh,percentiles_91_95,1987,0.0,0.0,0.0,0.0,0.0
nonelderly_childless_hh,percentiles_91_95,1988,0.0,0.0,0.0,0.0,0.0
nonelderly_childless_hh,percentiles_91_95,1989,0.1,0.0,0.0,0.0,0.0
nonelderly_childless_hh,percentiles_91_95,1990,0.1,0.0,0.0,0.0,0.0
nonelderly_childless_hh,percentiles_91_95,1991,0.1,0.0,0.0,0.0,0.0
nonelderly_childless_hh,percentiles_91_95,1992,0.2,0.1,0.0,0.1,0.0
nonelderly_childless_hh,percentiles_91_95,1993,0.2,0.1,0.0,0.1,0.0
nonelderly_childless_hh,percentiles_91_95,1994,0.1,0.1,0.0,0.0,0.0
nonelderly_childless_hh,percentiles_91_95,1995,0.1,0.1,0.0,0.0,0.0
nonelderly_childless_hh,percentiles_91_95,1996,0.1,0.1,0.0,0.0,0.0
nonelderly_childless_hh,percentiles_91_95,1997,0.1,0.1,0.0,0.0,0.0
nonelderly_childless_hh,percentiles_91_95,1998,0.1,0.1,0.0,0.0,0.0
nonelderly_childless_hh,percentiles_91_95,1999,0.1,0.1,0.0,0.0,0.0
nonelderly_childless_hh,percentiles_91_95,2000,0.1,0.1,0.0,0.0,0.0
nonelderly_childless_hh,percentiles_91_95,2001,0.2,0.1,0.0,0.0,0.0
nonelderly_childless_hh,percentiles_91_95,2002,0.2,0.1,0.0,0.0,0.0
nonelderly_childless_hh,percentiles_91_95,2003,0.2,0.2,0.0,0.0,0.0
nonelderly_childless_hh,percentiles_91_95,2004,0.1,0.1,0.0,0.0,0.0
nonelderly_childless_hh,percentiles_91_95,2005,0.2,0.2,0.0,0.0,0.0
nonelderly_childless_hh,percentiles_91_95,2006,0.2,0.1,0.0,0.0,0.0
nonelderly_childless_hh,percentiles_91_95,2007,0.2,0.1,0.0,0.0,0.0
nonelderly_childless_hh,percentiles_91_95,2008,0.2,0.1,0.0,0.0,0.0
nonelderly_childless_hh,percentiles_91_95,2009,0.2,0.2,0.0,0.0,0.0
nonelderly_childless_hh,percentiles_91_95,2010,0.2,0.2,0.0,0.0,0.0
nonelderly_childless_hh,percentiles_91_95,2011,0.2,0.2,0.0,0.0,0.0
nonelderly_childless_hh,percentiles_91_95,2012,0.2,0.2,0.0,0.0,0.0
nonelderly_childless_hh,percentiles_91_95,2013,0.2,0.1,0.0,0.0,0.0
nonelderly_childless_hh,percentiles_91_95,2014,0.2,0.2,0.0,0.0,0.0
nonelderly_childless_hh,percentiles_91_95,2015,0.3,0.2,0.0,0.0,0.0
nonelderly_childless_hh,percentiles_91_95,2016,0.4,0.3,0.0,0.0,0.0
nonelderly_childless_hh,percentiles_96_99,1979,0.1,0.0,0.0,0.0,0.0
nonelderly_childless_hh,percentiles_96_99,1980,0.0,0.0,0.0,0.0,0.0
nonelderly_childless_hh,percentiles_96_99,1981,0.0,0.0,0.0,0.0,0.0
nonelderly_childless_hh,percentiles_96_99,1982,0.0,0.0,0.0,0.0,0.0
nonelderly_childless_hh,percentiles_96_99,1983,0.0,0.0,0.0,0.0,0.0
nonelderly_childless_hh,percentiles_96_99,1984,0.0,0.0,0.0,0.0,0.0
nonelderly_childless_hh,percentiles_96_99,1985,0.0,0.0,0.0,0.0,0.0
nonelderly_childless_hh,percentiles_96_99,1986,0.0,0.0,0.0,0.0,0.0
nonelderly_childless_hh,percentiles_96_99,1987,0.1,0.0,0.0,0.0,0.0
nonelderly_childless_hh,percentiles_96_99,1988,0.0,0.0,0.0,0.0,0.0
nonelderly_childless_hh,percentiles_96_99,1989,0.1,0.0,0.0,0.0,0.0
nonelderly_childless_hh,percentiles_96_99,1990,0.1,0.0,0.0,0.0,0.0
nonelderly_childless_hh,percentiles_96_99,1991,0.1,0.0,0.0,0.0,0.0
nonelderly_childless_hh,percentiles_96_99,1992,0.0,0.0,0.0,0.0,0.0
nonelderly_childless_hh,percentiles_96_99,1993,0.1,0.0,0.0,0.0,0.0
nonelderly_childless_hh,percentiles_96_99,1994,0.1,0.1,0.0,0.0,0.0
nonelderly_childless_hh,percentiles_96_99,1995,0.1,0.1,0.0,0.0,0.0
nonelderly_childless_hh,percentiles_96_99,1996,0.1,0.0,0.0,0.0,0.0
nonelderly_childless_hh,percentiles_96_99,1997,0.1,0.1,0.0,0.0,0.0
nonelderly_childless_hh,percentiles_96_99,1998,0.1,0.1,0.0,0.0,0.0
nonelderly_childless_hh,percentiles_96_99,1999,0.1,0.1,0.0,0.0,0.0
nonelderly_childless_hh,percentiles_96_99,2000,0.1,0.1,0.0,0.0,0.0
nonelderly_childless_hh,percentiles_96_99,2001,0.1,0.1,0.0,0.0,0.0
nonelderly_childless_hh,percentiles_96_99,2002,0.1,0.0,0.0,0.0,0.0
nonelderly_childless_hh,percentiles_96_99,2003,0.1,0.1,0.0,0.0,0.0
nonelderly_childless_hh,percentiles_96_99,2004,0.1,0.1,0.0,0.0,0.0
nonelderly_childless_hh,percentiles_96_99,2005,0.1,0.1,0.0,0.0,0.0
nonelderly_childless_hh,percentiles_96_99,2006,0.1,0.1,0.0,0.0,0.0
nonelderly_childless_hh,percentiles_96_99,2007,0.1,0.1,0.0,0.0,0.0
nonelderly_childless_hh,percentiles_96_99,2008,0.1,0.1,0.0,0.0,0.0
nonelderly_childless_hh,percentiles_96_99,2009,0.1,0.1,0.0,0.0,0.0
nonelderly_childless_hh,percentiles_96_99,2010,0.1,0.1,0.0,0.0,0.0
nonelderly_childless_hh,percentiles_96_99,2011,0.1,0.1,0.0,0.0,0.0
nonelderly_childless_hh,percentiles_96_99,2012,0.1,0.1,0.0,0.0,0.0
nonelderly_childless_hh,percentiles_96_99,2013,0.1,0.1,0.0,0.0,0.0
nonelderly_childless_hh,percentiles_96_99,2014,0.1,0.1,0.0,0.0,0.0
nonelderly_childless_hh,percentiles_96_99,2015,0.2,0.1,0.0,0.0,0.0
nonelderly_childless_hh,percentiles_96_99,2016,0.2,0.2,0.0,0.0,0.0
nonelderly_childless_hh,top_1_percent,1979,0.0,0.0,0.0,0.0,0.0
nonelderly_childless_hh,top_1_percent,1980,0.0,0.0,0.0,0.0,0.0
nonelderly_childless_hh,top_1_percent,1981,0.0,0.0,0.0,0.0,0.0
nonelderly_childless_hh,top_1_percent,1982,0.0,0.0,0.0,0.0,0.0
nonelderly_childless_hh,top_1_percent,1983,0.0,0.0,0.0,0.0,0.0
nonelderly_childless_hh,top_1_percent,1984,0.0,0.0,0.0,0.0,0.0
nonelderly_childless_hh,top_1_percent,1985,0.0,0.0,0.0,0.0,0.0
nonelderly_childless_hh,top_1_percent,1986,0.0,0.0,0.0,0.0,0.0
nonelderly_childless_hh,top_1_percent,1987,0.0,0.0,0.0,0.0,0.0
nonelderly_childless_hh,top_1_percent,1988,0.0,0.0,0.0,0.0,0.0
nonelderly_childless_hh,top_1_percent,1989,0.0,0.0,0.0,0.0,0.0
nonelderly_childless_hh,top_1_percent,1990,0.0,0.0,0.0,0.0,0.0
nonelderly_childless_hh,top_1_percent,1991,0.0,0.0,0.0,0.0,0.0
nonelderly_childless_hh,top_1_percent,1992,0.0,0.0,0.0,0.0,0.0
nonelderly_childless_hh,top_1_percent,1993,0.0,0.0,0.0,0.0,0.0
nonelderly_childless_hh,top_1_percent,1994,0.0,0.0,0.0,0.0,0.0
nonelderly_childless_hh,top_1_percent,1995,0.0,0.0,0.0,0.0,0.0
nonelderly_childless_hh,top_1_percent,1996,0.0,0.0,0.0,0.0,0.0
nonelderly_childless_hh,top_1_percent,1997,0.0,0.0,0.0,0.0,0.0
nonelderly_childless_hh,top_1_percent,1998,0.0,0.0,0.0,0.0,0.0
nonelderly_childless_hh,top_1_percent,1999,0.0,0.0,0.0,0.0,0.0
nonelderly_childless_hh,top_1_percent,2000,0.0,0.0,0.0,0.0,0.0
nonelderly_childless_hh,top_1_percent,2001,0.0,0.0,0.0,0.0,0.0
nonelderly_childless_hh,top_1_percent,2002,0.0,0.0,0.0,0.0,0.0
nonelderly_childless_hh,top_1_percent,2003,0.0,0.0,0.0,0.0,0.0
nonelderly_childless_hh,top_1_percent,2004,0.0,0.0,0.0,0.0,0.0
nonelderly_childless_hh,top_1_percent,2005,0.0,0.0,0.0,0.0,0.0
nonelderly_childless_hh,top_1_percent,2006,0.0,0.0,0.0,0.0,0.0
nonelderly_childless_hh,top_1_percent,2007,0.0,0.0,0.0,0.0,0.0
nonelderly_childless_hh,top_1_percent,2008,0.0,0.0,0.0,0.0,0.0
nonelderly_childless_hh,top_1_percent,2009,0.0,0.0,0.0,0.0,0.0
nonelderly_childless_hh,top_1_percent,2010,0.0,0.0,0.0,0.0,0.0
nonelderly_childless_hh,top_1_percent,2011,0.0,0.0,0.0,0.0,0.0
nonelderly_childless_hh,top_1_percent,2012,0.0,0.0,0.0,0.0,0.0
nonelderly_childless_hh,top_1_percent,2013,0.0,0.0,0.0,0.0,0.0
nonelderly_childless_hh,top_1_percent,2014,0.0,0.0,0.0,0.0,0.0
nonelderly_childless_hh,top_1_percent,2015,0.0,0.0,0.0,0.0,0.0
nonelderly_childless_hh,top_1_percent,2016,0.0,0.0,0.0,0.0,0.0
