household_type,income_group,year,all_means_tested_transfers,medicaid_and_chip,snap,ssi,other_transfers
all_households,all_quintiles,1979,100.0,100.0,100.0,100.0,100.0
all_households,all_quintiles,1980,100.0,100.0,100.0,100.0,100.0
all_households,all_quintiles,1981,100.0,100.0,100.0,100.0,100.0
all_households,all_quintiles,1982,100.0,100.0,100.0,100.0,100.0
all_households,all_quintiles,1983,100.0,100.0,100.0,100.0,100.0
all_households,all_quintiles,1984,100.0,100.0,100.0,100.0,100.0
all_households,all_quintiles,1985,100.0,100.0,100.0,100.0,100.0
all_households,all_quintiles,1986,100.0,100.0,100.0,100.0,100.0
all_households,all_quintiles,1987,100.0,100.0,100.0,100.0,100.0
all_households,all_quintiles,1988,100.0,100.0,100.0,100.0,100.0
all_households,all_quintiles,1989,100.0,100.0,100.0,100.0,100.0
all_households,all_quintiles,1990,100.0,100.0,100.0,100.0,100.0
all_households,all_quintiles,1991,100.0,100.0,100.0,100.0,100.0
all_households,all_quintiles,1992,100.0,100.0,100.0,100.0,100.0
all_households,all_quintiles,1993,100.0,100.0,100.0,100.0,100.0
all_households,all_quintiles,1994,100.0,100.0,100.0,100.0,100.0
all_households,all_quintiles,1995,100.0,100.0,100.0,100.0,100.0
all_households,all_quintiles,1996,100.0,100.0,100.0,100.0,100.0
all_households,all_quintiles,1997,100.0,100.0,100.0,100.0,100.0
all_households,all_quintiles,1998,100.0,100.0,100.0,100.0,100.0
all_households,all_quintiles,1999,100.0,100.0,100.0,100.0,100.0
all_households,all_quintiles,2000,100.0,100.0,100.0,100.0,100.0
all_households,all_quintiles,2001,100.0,100.0,100.0,100.0,100.0
all_households,all_quintiles,2002,100.0,100.0,100.0,100.0,100.0
all_households,all_quintiles,2003,100.0,100.0,100.0,100.0,100.0
all_households,all_quintiles,2004,100.0,100.0,100.0,100.0,100.0
all_households,all_quintiles,2005,100.0,100.0,100.0,100.0,100.0
all_households,all_quintiles,2006,100.0,100.0,100.0,100.0,100.0
all_households,all_quintiles,2007,100.0,100.0,100.0,100.0,100.0
all_households,all_quintiles,2008,100.0,100.0,100.0,100.0,100.0
all_households,all_quintiles,2009,100.0,100.0,100.0,100.0,100.0
all_households,all_quintiles,2010,100.0,100.0,100.0,100.0,100.0
all_households,all_quintiles,2011,100.0,100.0,100.0,100.0,100.0
all_households,all_quintiles,2012,100.0,100.0,100.0,100.0,100.0
all_households,all_quintiles,2013,100.0,100.0,100.0,100.0,100.0
all_households,all_quintiles,2014,100.0,100.0,100.0,100.0,100.0
all_households,all_quintiles,2015,100.0,100.0,100.0,100.0,100.0
all_households,all_quintiles,2016,100.0,100.0,100.0,100.0,100.0
all_households,lowest_quintile,1979,48.4,47.1,61.9,31.7,50.2
all_households,lowest_quintile,1980,44.5,42.8,58.6,27.1,45.9
all_households,lowest_quintile,1981,44.7,42.1,59.8,27.3,45.6
all_households,lowest_quintile,1982,45.7,41.4,62.1,25.4,49.1
all_households,lowest_quintile,1983,45.4,41.3,63.0,21.9,49.0
all_households,lowest_quintile,1984,44.3,40.9,59.4,26.7,47.3
all_households,lowest_quintile,1985,44.7,39.6,62.9,24.8,49.0
all_households,lowest_quintile,1986,44.3,39.8,63.0,23.2,49.6
all_households,lowest_quintile,1987,47.0,41.2,68.9,21.6,54.9
all_households,lowest_quintile,1988,43.9,38.3,67.4,17.1,51.9
all_households,lowest_quintile,1989,41.0,36.1,64.2,16.8,47.9
all_households,lowest_quintile,1990,38.8,34.3,60.4,14.9,45.6
all_households,lowest_quintile,1991,36.5,32.2,55.5,15.4,42.9
all_households,lowest_quintile,1992,31.0,28.3,49.4,12.2,35.6
all_households,lowest_quintile,1993,30.9,27.8,48.9,12.3,36.4
all_households,lowest_quintile,1994,30.8,26.9,50.6,16.9,34.6
all_households,lowest_quintile,1995,29.2,26.4,48.6,16.8,31.8
all_households,lowest_quintile,1996,27.7,25.2,45.9,17.4,29.9
all_households,lowest_quintile,1997,25.1,24.1,42.0,16.0,25.8
all_households,lowest_quintile,1998,26.1,25.1,43.0,17.1,28.1
all_households,lowest_quintile,1999,25.4,24.7,42.6,15.2,28.8
all_households,lowest_quintile,2000,25.1,24.8,43.5,15.1,26.9
all_households,lowest_quintile,2001,25.7,24.8,45.7,15.4,29.1
all_households,lowest_quintile,2002,23.0,22.7,41.7,12.8,24.5
all_households,lowest_quintile,2003,23.0,22.6,44.0,11.0,23.9
all_households,lowest_quintile,2004,23.2,22.8,45.4,11.8,21.6
all_households,lowest_quintile,2005,24.0,22.7,45.1,13.5,25.2
all_households,lowest_quintile,2006,25.1,24.9,47.0,14.9,21.5
all_households,lowest_quintile,2007,25.2,24.9,46.4,15.5,22.2
all_households,lowest_quintile,2008,24.8,24.2,43.8,15.4,22.6
all_households,lowest_quintile,2009,23.8,22.6,42.8,12.5,21.2
all_households,lowest_quintile,2010,23.8,22.5,41.0,13.7,19.8
all_households,lowest_quintile,2011,24.9,22.5,44.2,14.3,22.2
all_households,lowest_quintile,2012,26.2,23.9,46.4,15.0,23.1
all_households,lowest_quintile,2013,26.1,24.3,45.0,14.8,22.8
all_households,lowest_quintile,2014,25.8,25.4,42.2,11.6,23.0
all_households,lowest_quintile,2015,26.6,26.3,42.7,14.0,23.1
all_households,lowest_quintile,2016,26.2,26.1,43.1,12.7,22.9
all_households,second_quintile,1979,30.0,29.6,25.8,34.5,30.5
all_households,second_quintile,1980,33.9,33.9,28.6,38.5,34.5
all_households,second_quintile,1981,33.0,33.0,26.5,35.8,35.3
all_households,second_quintile,1982,34.5,34.8,28.8,39.7,34.9
all_households,second_quintile,1983,34.6,35.6,26.8,41.6,34.7
all_households,second_quintile,1984,34.1,35.3,27.3,36.4,35.2
all_households,second_quintile,1985,34.9,36.6,28.2,37.5,35.3
all_households,second_quintile,1986,34.6,35.6,27.6,39.1,34.6
all_households,second_quintile,1987,32.3,34.9,22.3,40.6,30.0
all_households,second_quintile,1988,33.1,35.0,22.5,42.9,31.0
all_households,second_quintile,1989,34.3,35.8,25.4,39.7,33.7
all_households,second_quintile,1990,34.2,34.8,27.2,38.1,34.6
all_households,second_quintile,1991,33.7,33.7,29.2,35.2,35.2
all_households,second_quintile,1992,35.1,33.9,32.6,34.0,38.8
all_households,second_quintile,1993,34.3,33.1,31.7,33.1,38.1
all_households,second_quintile,1994,33.2,31.7,30.4,32.9,37.1
all_households,second_quintile,1995,32.9,31.4,31.5,32.1,36.6
all_households,second_quintile,1996,35.3,33.3,34.8,33.9,40.1
all_households,second_quintile,1997,36.3,33.2,37.2,34.0,43.9
all_households,second_quintile,1998,35.7,33.2,37.3,34.6,42.1
all_households,second_quintile,1999,35.5,33.4,37.8,34.5,42.1
all_households,second_quintile,2000,34.7,32.4,35.9,34.2,42.7
all_households,second_quintile,2001,33.3,31.4,35.1,33.2,39.5
all_households,second_quintile,2002,32.0,30.4,35.2,30.4,38.8
all_households,second_quintile,2003,30.7,28.9,34.2,28.9,37.8
all_households,second_quintile,2004,29.9,28.2,32.7,27.3,38.4
all_households,second_quintile,2005,31.8,30.3,33.6,30.9,38.8
all_households,second_quintile,2006,30.8,29.5,33.1,31.1,34.6
all_households,second_quintile,2007,30.3,28.9,32.2,30.4,35.1
all_households,second_quintile,2008,30.6,29.2,32.7,30.5,35.3
all_households,second_quintile,2009,29.1,27.5,32.3,28.3,33.5
all_households,second_quintile,2010,29.4,28.1,31.9,28.0,33.3
all_households,second_quintile,2011,30.0,29.0,31.3,29.5,33.1
all_households,second_quintile,2012,29.2,28.2,30.9,27.9,33.2
all_households,second_quintile,2013,29.9,29.1,30.9,29.8,33.0
all_households,second_quintile,2014,29.8,29.0,31.2,28.7,33.9
all_households,second_quintile,2015,30.2,29.4,31.1,29.2,34.9
all_households,second_quintile,2016,29.4,28.5,29.7,28.7,34.4
all_households,middle_quintile,1979,11.3,11.5,7.2,17.7,10.2
all_households,middle_quintile,1980,12.1,12.8,8.1,18.0,11.1
all_households,middle_quintile,1981,12.5,13.5,8.3,18.8,11.5
all_households,middle_quintile,1982,11.8,13.4,5.8,20.2,10.3
all_households,middle_quintile,1983,12.2,13.8,6.4,20.5,10.5
all_households,middle_quintile,1984,12.7,14.2,7.6,20.5,10.8
all_households,middle_quintile,1985,12.4,14.6,5.4,21.7,9.9
all_households,middle_quintile,1986,12.6,14.9,5.8,20.4,10.0
all_households,middle_quintile,1987,12.7,14.6,5.2,22.1,9.7
all_households,middle_quintile,1988,14.1,16.2,5.9,24.3,10.7
all_households,middle_quintile,1989,15.2,17.0,6.0,25.8,12.0
all_households,middle_quintile,1990,16.8,18.7,8.2,26.7,13.8
all_households,middle_quintile,1991,18.4,20.6,9.9,29.1,14.6
all_households,middle_quintile,1992,21.1,22.8,12.0,31.8,17.8
all_households,middle_quintile,1993,21.3,23.1,12.9,30.6,17.9
all_households,middle_quintile,1994,22.2,24.2,12.9,29.7,19.7
all_households,middle_quintile,1995,23.4,24.4,13.6,31.4,21.9
all_households,middle_quintile,1996,23.1,24.0,13.6,29.1,22.3
all_households,middle_quintile,1997,24.4,24.9,15.5,30.2,23.3
all_households,middle_quintile,1998,24.0,24.6,14.9,29.3,22.2
all_households,middle_quintile,1999,24.3,24.9,14.5,30.1,22.1
all_households,middle_quintile,2000,24.6,24.8,14.7,30.8,22.5
all_households,middle_quintile,2001,25.3,25.7,14.4,30.8,23.8
all_households,middle_quintile,2002,26.8,26.9,16.5,33.1,26.3
all_households,middle_quintile,2003,27.4,27.4,15.9,34.9,27.3
all_households,middle_quintile,2004,27.4,27.5,15.5,33.1,29.3
all_households,middle_quintile,2005,25.4,26.0,15.5,29.2,25.8
all_households,middle_quintile,2006,25.0,24.7,14.0,29.4,28.5
all_households,middle_quintile,2007,24.4,24.5,14.6,28.5,26.3
all_households,middle_quintile,2008,25.6,26.0,15.7,29.1,27.6
all_households,middle_quintile,2009,25.7,26.0,16.5,32.3,27.4
all_households,middle_quintile,2010,25.5,25.8,16.9,31.3,27.9
all_households,middle_quintile,2011,25.8,26.6,16.6,30.4,28.4
all_households,middle_quintile,2012,25.8,26.8,15.7,31.5,27.8
all_households,middle_quintile,2013,26.2,26.7,16.7,33.7,28.4
all_households,middle_quintile,2014,25.3,25.3,17.1,33.0,27.3
all_households,middle_quintile,2015,24.0,24.1,16.4,30.5,25.6
all_households,middle_quintile,2016,24.3,24.3,17.2,31.9,24.9
all_households,fourth_quintile,1979,6.0,6.8,2.7,9.3,5.7
all_households,fourth_quintile,1980,5.7,6.3,2.7,9.4,5.1
all_households,fourth_quintile,1981,5.5,6.5,2.7,10.0,4.5
all_households,fourth_quintile,1982,4.3,5.5,1.5,8.3,3.3
all_households,fourth_quintile,1983,4.3,5.3,1.5,10.2,2.8
all_households,fourth_quintile,1984,4.9,5.6,2.6,9.3,3.5
all_households,fourth_quintile,1985,4.4,5.4,1.3,9.1,3.1
all_households,fourth_quintile,1986,4.8,5.6,1.7,10.9,2.9
all_households,fourth_quintile,1987,4.8,5.9,1.5,9.9,2.8
all_households,fourth_quintile,1988,5.3,6.6,1.9,10.4,3.2
all_households,fourth_quintile,1989,5.6,6.6,1.9,10.7,3.8
all_households,fourth_quintile,1990,5.7,7.2,1.9,11.9,3.0
all_households,fourth_quintile,1991,7.0,8.5,3.0,13.2,4.0
all_households,fourth_quintile,1992,8.0,9.5,3.8,13.8,4.9
all_households,fourth_quintile,1993,8.6,10.1,4.3,14.9,4.9
all_households,fourth_quintile,1994,8.7,10.4,4.1,12.8,6.1
all_households,fourth_quintile,1995,9.7,11.5,4.4,13.4,7.1
all_households,fourth_quintile,1996,9.1,11.2,3.9,13.4,5.2
all_households,fourth_quintile,1997,9.6,11.4,3.9,13.6,5.4
all_households,fourth_quintile,1998,9.5,10.8,3.4,13.1,5.9
all_households,fourth_quintile,1999,9.8,11.4,3.8,12.9,5.1
all_households,fourth_quintile,2000,10.4,11.7,4.4,13.5,5.6
all_households,fourth_quintile,2001,10.7,12.1,3.5,14.4,5.4
all_households,fourth_quintile,2002,12.6,13.7,4.7,16.9,8.1
all_households,fourth_quintile,2003,13.2,14.4,4.4,17.7,8.9
all_households,fourth_quintile,2004,13.9,15.2,4.6,19.7,8.4
all_households,fourth_quintile,2005,12.8,14.1,4.3,18.1,7.9
all_households,fourth_quintile,2006,13.1,14.2,4.2,16.6,11.6
all_households,fourth_quintile,2007,13.5,14.4,4.9,17.4,11.7
all_households,fourth_quintile,2008,12.9,13.9,5.6,16.8,10.5
all_households,fourth_quintile,2009,14.9,16.2,5.9,19.7,13.6
all_households,fourth_quintile,2010,15.2,16.3,7.3,19.1,15.2
all_households,fourth_quintile,2011,13.8,15.2,6.0,18.5,12.8
all_households,fourth_quintile,2012,13.4,14.8,5.4,18.4,12.3
all_households,fourth_quintile,2013,12.9,14.2,5.5,16.1,12.0
all_households,fourth_quintile,2014,13.5,14.0,7.1,20.0,11.7
all_households,fourth_quintile,2015,13.4,14.0,7.1,18.8,11.8
all_households,fourth_quintile,2016,14.1,14.5,7.6,19.5,13.3
all_households,highest_quintile,1979,3.5,4.2,1.4,6.2,2.7
all_households,highest_quintile,1980,3.0,3.2,0.9,6.4,2.5
all_households,highest_quintile,1981,3.0,3.7,0.9,7.1,1.9
all_households,highest_quintile,1982,2.6,3.9,0.6,5.6,1.4
all_households,highest_quintile,1983,2.3,2.8,0.5,5.0,1.7
all_households,highest_quintile,1984,2.6,2.7,1.1,6.1,1.8
all_households,highest_quintile,1985,2.6,2.8,0.8,6.2,1.7
all_households,highest_quintile,1986,2.6,3.0,0.8,5.3,1.9
all_households,highest_quintile,1987,2.5,2.6,1.0,5.1,2.0
all_households,highest_quintile,1988,2.8,3.1,0.8,4.6,2.6
all_households,highest_quintile,1989,3.2,3.8,1.0,6.2,1.9
all_households,highest_quintile,1990,3.5,4.1,1.0,7.2,2.3
all_households,highest_quintile,1991,3.5,4.1,1.2,6.2,2.5
all_households,highest_quintile,1992,4.1,4.9,1.5,7.5,2.4
all_households,highest_quintile,1993,4.1,5.2,1.1,8.3,1.8
all_households,highest_quintile,1994,4.5,6.3,1.1,7.0,2.0
all_households,highest_quintile,1995,4.3,5.8,1.4,5.8,2.2
all_households,highest_quintile,1996,4.4,5.9,1.2,5.7,2.2
all_households,highest_quintile,1997,4.3,6.0,0.8,5.9,1.3
all_households,highest_quintile,1998,4.4,5.8,0.9,5.4,1.4
all_households,highest_quintile,1999,4.5,5.3,0.8,6.8,1.5
all_households,highest_quintile,2000,4.9,5.9,1.1,6.0,2.0
all_households,highest_quintile,2001,4.7,5.6,0.8,5.8,1.9
all_households,highest_quintile,2002,5.1,5.9,1.3,6.4,2.0
all_households,highest_quintile,2003,5.1,6.1,0.9,6.8,1.7
all_households,highest_quintile,2004,5.2,5.9,1.1,7.9,2.1
all_households,highest_quintile,2005,5.4,6.4,0.8,7.8,1.8
all_households,highest_quintile,2006,5.5,6.3,1.1,7.4,3.4
all_households,highest_quintile,2007,6.0,6.8,1.3,7.6,4.2
all_households,highest_quintile,2008,5.2,5.9,1.3,7.4,3.3
all_households,highest_quintile,2009,5.9,7.1,1.7,6.6,3.8
all_households,highest_quintile,2010,5.6,6.7,2.1,7.3,3.4
all_households,highest_quintile,2011,4.9,6.0,1.2,6.7,3.0
all_households,highest_quintile,2012,4.9,6.0,1.1,6.8,3.1
all_households,highest_quintile,2013,4.4,5.3,1.3,5.1,3.2
all_households,highest_quintile,2014,5.1,5.8,1.9,6.2,3.7
all_households,highest_quintile,2015,5.3,5.8,2.2,7.1,4.2
all_households,highest_quintile,2016,5.6,6.2,1.9,6.7,4.1
all_households,percentiles_81_90,1979,2.0,2.3,0.7,3.9,1.6
all_households,percentiles_81_90,1980,1.8,1.9,0.5,3.7,1.5
all_households,percentiles_81_90,1981,1.8,2.2,0.5,4.7,0.9
all_households,percentiles_81_90,1982,1.4,2.0,0.3,3.5,0.7
all_households,percentiles_81_90,1983,1.3,1.7,0.2,2.7,0.9
all_households,percentiles_81_90,1984,1.5,1.6,0.5,3.5,1.1
all_households,percentiles_81_90,1985,1.4,1.5,0.3,3.9,0.8
all_households,percentiles_81_90,1986,1.5,1.8,0.4,3.2,1.0
all_households,percentiles_81_90,1987,1.4,1.4,0.4,2.8,1.1
all_households,percentiles_81_90,1988,1.3,1.7,0.2,2.9,0.8
all_households,percentiles_81_90,1989,1.8,2.3,0.5,3.9,0.9
all_households,percentiles_81_90,1990,1.8,2.3,0.4,4.0,1.0
all_households,percentiles_81_90,1991,1.8,2.3,0.7,3.0,1.3
all_households,percentiles_81_90,1992,2.2,2.7,0.8,4.3,1.2
all_households,percentiles_81_90,1993,2.7,3.4,0.6,5.4,1.1
all_households,percentiles_81_90,1994,2.6,3.6,0.7,4.2,1.1
all_households,percentiles_81_90,1995,2.4,3.2,0.9,3.3,1.2
all_households,percentiles_81_90,1996,2.5,3.3,0.8,3.2,1.4
all_households,percentiles_81_90,1997,2.7,3.7,0.5,3.7,0.7
all_households,percentiles_81_90,1998,2.6,3.4,0.6,3.2,0.8
all_households,percentiles_81_90,1999,2.8,3.3,0.5,4.5,0.8
all_households,percentiles_81_90,2000,3.0,3.6,0.8,3.7,1.1
all_households,percentiles_81_90,2001,2.7,3.3,0.5,3.4,1.1
all_households,percentiles_81_90,2002,3.2,3.8,0.8,4.0,1.3
all_households,percentiles_81_90,2003,3.2,3.7,0.6,4.4,1.1
all_households,percentiles_81_90,2004,3.4,3.9,0.7,5.3,1.4
all_households,percentiles_81_90,2005,3.3,3.9,0.5,4.6,1.0
all_households,percentiles_81_90,2006,3.4,3.9,0.7,4.6,2.0
all_households,percentiles_81_90,2007,3.8,4.3,0.9,5.2,2.3
all_households,percentiles_81_90,2008,3.1,3.5,0.8,4.7,1.8
all_households,percentiles_81_90,2009,3.7,4.4,1.0,4.2,2.4
all_households,percentiles_81_90,2010,3.5,4.2,1.3,4.5,2.2
all_households,percentiles_81_90,2011,3.2,3.9,0.8,4.8,1.9
all_households,percentiles_81_90,2012,3.2,3.8,0.7,4.4,2.0
all_households,percentiles_81_90,2013,2.9,3.3,1.0,3.6,2.0
all_households,percentiles_81_90,2014,3.3,3.7,1.2,4.2,2.4
all_households,percentiles_81_90,2015,3.3,3.5,1.4,4.6,2.7
all_households,percentiles_81_90,2016,3.4,3.8,1.2,4.3,2.5
all_households,percentiles_91_95,1979,0.8,1.0,0.3,1.5,0.5
all_households,percentiles_91_95,1980,0.7,0.8,0.1,1.6,0.5
all_households,percentiles_91_95,1981,0.5,0.7,0.1,1.2,0.4
all_households,percentiles_91_95,1982,0.6,1.0,0.2,1.2,0.4
all_households,percentiles_91_95,1983,0.4,0.6,0.1,1.1,0.3
all_households,percentiles_91_95,1984,0.5,0.6,0.3,1.4,0.3
all_households,percentiles_91_95,1985,0.6,0.6,0.1,1.4,0.4
all_households,percentiles_91_95,1986,0.6,0.7,0.2,1.3,0.4
all_households,percentiles_91_95,1987,0.5,0.5,0.2,0.9,0.4
all_households,percentiles_91_95,1988,0.6,0.7,0.3,1.0,0.5
all_households,percentiles_91_95,1989,0.7,0.9,0.2,1.3,0.4
all_households,percentiles_91_95,1990,0.9,1.0,0.3,1.9,0.6
all_households,percentiles_91_95,1991,0.9,1.1,0.3,2.1,0.5
all_households,percentiles_91_95,1992,1.2,1.4,0.5,2.2,0.8
all_households,percentiles_91_95,1993,0.8,1.1,0.2,1.6,0.3
all_households,percentiles_91_95,1994,1.1,1.4,0.3,1.8,0.5
all_households,percentiles_91_95,1995,1.1,1.5,0.2,1.6,0.6
all_households,percentiles_91_95,1996,1.1,1.6,0.2,1.9,0.3
all_households,percentiles_91_95,1997,1.0,1.4,0.2,1.5,0.3
all_households,percentiles_91_95,1998,1.0,1.3,0.2,1.2,0.3
all_households,percentiles_91_95,1999,0.9,1.0,0.2,1.4,0.4
all_households,percentiles_91_95,2000,1.1,1.3,0.2,1.4,0.5
all_households,percentiles_91_95,2001,1.0,1.3,0.1,1.1,0.4
all_households,percentiles_91_95,2002,1.1,1.3,0.2,1.5,0.4
all_households,percentiles_91_95,2003,1.2,1.5,0.1,1.5,0.3
all_households,percentiles_91_95,2004,1.0,1.1,0.2,1.4,0.4
all_households,percentiles_91_95,2005,1.3,1.4,0.1,2.0,0.4
all_households,percentiles_91_95,2006,1.2,1.4,0.2,1.8,0.7
all_households,percentiles_91_95,2007,1.3,1.4,0.2,1.6,1.1
all_households,percentiles_91_95,2008,1.2,1.3,0.3,1.7,0.9
all_households,percentiles_91_95,2009,1.3,1.5,0.4,1.5,0.8
all_households,percentiles_91_95,2010,1.3,1.6,0.5,1.9,0.8
all_households,percentiles_91_95,2011,0.9,1.1,0.2,0.9,0.6
all_households,percentiles_91_95,2012,1.0,1.3,0.2,1.4,0.7
all_households,percentiles_91_95,2013,0.9,1.1,0.2,1.0,0.7
all_households,percentiles_91_95,2014,1.1,1.2,0.3,1.3,0.8
all_households,percentiles_91_95,2015,1.1,1.2,0.5,1.4,0.8
all_households,percentiles_91_95,2016,1.3,1.4,0.5,1.5,1.0
all_households,percentiles_96_99,1979,0.5,0.7,0.2,0.7,0.4
all_households,percentiles_96_99,1980,0.4,0.4,0.2,0.9,0.4
all_households,percentiles_96_99,1981,0.5,0.7,0.2,1.0,0.4
all_households,percentiles_96_99,1982,0.4,0.7,0.1,0.8,0.2
all_households,percentiles_96_99,1983,0.4,0.4,0.2,1.1,0.3
all_households,percentiles_96_99,1984,0.4,0.4,0.2,1.0,0.3
all_households,percentiles_96_99,1985,0.4,0.4,0.2,0.7,0.4
all_households,percentiles_96_99,1986,0.4,0.4,0.1,0.6,0.3
all_households,percentiles_96_99,1987,0.5,0.5,0.2,1.1,0.4
all_households,percentiles_96_99,1988,0.8,0.6,0.2,0.7,1.2
all_households,percentiles_96_99,1989,0.5,0.4,0.2,0.8,0.5
all_households,percentiles_96_99,1990,0.6,0.6,0.2,1.1,0.4
all_households,percentiles_96_99,1991,0.6,0.6,0.2,0.8,0.6
all_households,percentiles_96_99,1992,0.5,0.7,0.2,0.9,0.3
all_households,percentiles_96_99,1993,0.5,0.5,0.2,1.0,0.3
all_households,percentiles_96_99,1994,0.7,1.1,0.1,0.9,0.3
all_households,percentiles_96_99,1995,0.6,0.9,0.2,0.8,0.3
all_households,percentiles_96_99,1996,0.6,0.9,0.1,0.6,0.4
all_households,percentiles_96_99,1997,0.6,0.8,0.1,0.6,0.3
all_households,percentiles_96_99,1998,0.7,0.9,0.1,0.8,0.2
all_households,percentiles_96_99,1999,0.6,0.8,0.1,0.7,0.3
all_households,percentiles_96_99,2000,0.7,0.9,0.1,0.7,0.3
all_households,percentiles_96_99,2001,0.8,0.9,0.1,1.1,0.3
all_households,percentiles_96_99,2002,0.6,0.7,0.2,0.7,0.2
all_households,percentiles_96_99,2003,0.6,0.8,0.1,0.7,0.2
all_households,percentiles_96_99,2004,0.7,0.8,0.2,1.2,0.2
all_households,percentiles_96_99,2005,0.7,0.9,0.1,1.0,0.3
all_households,percentiles_96_99,2006,0.7,0.8,0.2,0.8,0.5
all_households,percentiles_96_99,2007,0.8,1.0,0.2,0.8,0.7
all_households,percentiles_96_99,2008,0.8,0.9,0.2,0.9,0.5
all_households,percentiles_96_99,2009,0.8,0.9,0.2,0.7,0.5
all_households,percentiles_96_99,2010,0.6,0.7,0.2,0.7,0.4
all_households,percentiles_96_99,2011,0.6,0.8,0.1,0.7,0.4
all_households,percentiles_96_99,2012,0.6,0.7,0.1,0.6,0.4
all_households,percentiles_96_99,2013,0.5,0.6,0.1,0.4,0.4
all_households,percentiles_96_99,2014,0.6,0.7,0.2,0.6,0.4
all_households,percentiles_96_99,2015,0.7,0.8,0.2,0.9,0.5
all_households,percentiles_96_99,2016,0.7,0.8,0.2,0.8,0.5
all_households,top_1_percent,1979,0.1,0.2,0.1,0.1,0.1
all_households,top_1_percent,1980,0.1,0.1,0.1,0.2,0.1
all_households,top_1_percent,1981,0.2,0.2,0.1,0.2,0.2
all_households,top_1_percent,1982,0.1,0.2,0.1,0.2,0.1
all_households,top_1_percent,1983,0.1,0.1,0.1,0.1,0.2
all_households,top_1_percent,1984,0.2,0.2,0.1,0.3,0.2
all_households,top_1_percent,1985,0.2,0.2,0.1,0.2,0.2
all_households,top_1_percent,1986,0.1,0.1,0.1,0.2,0.2
all_households,top_1_percent,1987,0.2,0.2,0.1,0.2,0.1
all_households,top_1_percent,1988,0.1,0.1,0.1,0.1,0.1
all_households,top_1_percent,1989,0.1,0.2,0.1,0.2,0.1
all_households,top_1_percent,1990,0.1,0.1,0.1,0.2,0.2
all_households,top_1_percent,1991,0.2,0.2,0.1,0.2,0.1
all_households,top_1_percent,1992,0.1,0.1,0.0,0.2,0.1
all_households,top_1_percent,1993,0.1,0.2,0.1,0.2,0.1
all_households,top_1_percent,1994,0.1,0.2,0.1,0.1,0.1
all_households,top_1_percent,1995,0.2,0.2,0.1,0.2,0.1
all_households,top_1_percent,1996,0.1,0.2,0.0,0.1,0.1
all_households,top_1_percent,1997,0.1,0.1,0.0,0.1,0.0
all_households,top_1_percent,1998,0.1,0.2,0.0,0.1,0.1
all_households,top_1_percent,1999,0.1,0.1,0.0,0.2,0.0
all_households,top_1_percent,2000,0.2,0.2,0.0,0.2,0.1
all_households,top_1_percent,2001,0.2,0.2,0.0,0.2,0.1
all_households,top_1_percent,2002,0.2,0.2,0.1,0.2,0.1
all_households,top_1_percent,2003,0.1,0.1,0.1,0.2,0.1
all_households,top_1_percent,2004,0.1,0.1,0.0,0.1,0.1
all_households,top_1_percent,2005,0.1,0.1,0.1,0.1,0.1
all_households,top_1_percent,2006,0.2,0.2,0.0,0.2,0.2
all_households,top_1_percent,2007,0.1,0.2,0.0,0.1,0.1
all_households,top_1_percent,2008,0.2,0.2,0.1,0.1,0.2
all_households,top_1_percent,2009,0.2,0.2,0.1,0.2,0.1
all_households,top_1_percent,2010,0.2,0.2,0.1,0.2,0.1
all_households,top_1_percent,2011,0.2,0.2,0.1,0.3,0.1
all_households,top_1_percent,2012,0.2,0.2,0.0,0.3,0.1
all_households,top_1_percent,2013,0.2,0.2,0.0,0.1,0.1
all_households,top_1_percent,2014,0.2,0.2,0.2,0.1,0.1
all_households,top_1_percent,2015,0.2,0.2,0.1,0.2,0.1
all_households,top_1_percent,2016,0.2,0.2,0.1,0.1,0.2
hh_with_children,all_quintiles,1979,100.0,100.0,100.0,100.0,100.0
hh_with_children,all_quintiles,1980,100.0,100.0,100.0,100.0,100.0
hh_with_children,all_quintiles,1981,100.0,100.0,100.0,100.0,100.0
hh_with_children,all_quintiles,1982,100.0,100.0,100.0,100.0,100.0
hh_with_children,all_quintiles,1983,100.0,100.0,100.0,100.0,100.0
hh_with_children,all_quintiles,1984,100.0,100.0,100.0,100.0,100.0
hh_with_children,all_quintiles,1985,100.0,100.0,100.0,100.0,100.0
hh_with_children,all_quintiles,1986,100.0,100.0,100.0,100.0,100.0
hh_with_children,all_quintiles,1987,100.0,100.0,100.0,100.0,100.0
hh_with_children,all_quintiles,1988,100.0,100.0,100.0,100.0,100.0
hh_with_children,all_quintiles,1989,100.0,100.0,100.0,100.0,100.0
hh_with_children,all_quintiles,1990,100.0,100.0,100.0,100.0,100.0
hh_with_children,all_quintiles,1991,100.0,100.0,100.0,100.0,100.0
hh_with_children,all_quintiles,1992,100.0,100.0,100.0,100.0,100.0
hh_with_children,all_quintiles,1993,100.0,100.0,100.0,100.0,100.0
hh_with_children,all_quintiles,1994,100.0,100.0,100.0,100.0,100.0
hh_with_children,all_quintiles,1995,100.0,100.0,100.0,100.0,100.0
hh_with_children,all_quintiles,1996,100.0,100.0,100.0,100.0,100.0
hh_with_children,all_quintiles,1997,100.0,100.0,100.0,100.0,100.0
hh_with_children,all_quintiles,1998,100.0,100.0,100.0,100.0,100.0
hh_with_children,all_quintiles,1999,100.0,100.0,100.0,100.0,100.0
hh_with_children,all_quintiles,2000,100.0,100.0,100.0,100.0,100.0
hh_with_children,all_quintiles,2001,100.0,100.0,100.0,100.0,100.0
hh_with_children,all_quintiles,2002,100.0,100.0,100.0,100.0,100.0
hh_with_children,all_quintiles,2003,100.0,100.0,100.0,100.0,100.0
hh_with_children,all_quintiles,2004,100.0,100.0,100.0,100.0,100.0
hh_with_children,all_quintiles,2005,100.0,100.0,100.0,100.0,100.0
hh_with_children,all_quintiles,2006,100.0,100.0,100.0,100.0,100.0
hh_with_children,all_quintiles,2007,100.0,100.0,100.0,100.0,100.0
hh_with_children,all_quintiles,2008,100.0,100.0,100.0,100.0,100.0
hh_with_children,all_quintiles,2009,100.0,100.0,100.0,100.0,100.0
hh_with_children,all_quintiles,2010,100.0,100.0,100.0,100.0,100.0
hh_with_children,all_quintiles,2011,100.0,100.0,100.0,100.0,100.0
hh_with_children,all_quintiles,2012,100.0,100.0,100.0,100.0,100.0
hh_with_children,all_quintiles,2013,100.0,100.0,100.0,100.0,100.0
hh_with_children,all_quintiles,2014,100.0,100.0,100.0,100.0,100.0
hh_with_children,all_quintiles,2015,100.0,100.0,100.0,100.0,100.0
hh_with_children,all_quintiles,2016,100.0,100.0,100.0,100.0,100.0
hh_with_children,lowest_quintile,1979,52.3,51.1,63.0,27.5,52.4
hh_with_children,lowest_quintile,1980,48.7,46.7,59.3,22.5,49.1
hh_with_children,lowest_quintile,1981,50.6,48.3,61.1,25.1,50.3
hh_with_children,lowest_quintile,1982,53.6,50.0,63.6,26.7,55.2
hh_with_children,lowest_quintile,1983,56.3,53.9,66.8,24.9,57.0
hh_with_children,lowest_quintile,1984,52.9,50.8,61.5,30.0,54.0
hh_with_children,lowest_quintile,1985,55.9,52.2,66.0,31.4,57.9
hh_with_children,lowest_quintile,1986,56.3,54.1,66.5,29.3,58.0
hh_with_children,lowest_quintile,1987,62.8,58.5,74.9,33.7,66.2
hh_with_children,lowest_quintile,1988,60.1,55.3,73.0,28.9,64.2
hh_with_children,lowest_quintile,1989,56.0,52.0,70.0,27.2,59.1
hh_with_children,lowest_quintile,1990,52.2,48.3,65.7,21.9,56.0
hh_with_children,lowest_quintile,1991,48.9,45.8,60.0,22.0,52.0
hh_with_children,lowest_quintile,1992,41.8,40.4,54.2,17.9,43.4
hh_with_children,lowest_quintile,1993,41.1,39.1,53.4,17.3,44.3
hh_with_children,lowest_quintile,1994,40.9,38.5,54.9,24.2,41.9
hh_with_children,lowest_quintile,1995,38.5,36.6,51.9,23.0,39.5
hh_with_children,lowest_quintile,1996,35.5,34.3,48.2,20.5,36.1
hh_with_children,lowest_quintile,1997,31.6,32.2,43.7,15.5,31.2
hh_with_children,lowest_quintile,1998,34.6,35.0,45.5,21.4,34.1
hh_with_children,lowest_quintile,1999,33.9,34.5,45.8,17.0,34.0
hh_with_children,lowest_quintile,2000,34.2,35.4,46.7,17.9,32.8
hh_with_children,lowest_quintile,2001,36.4,36.4,49.7,21.2,36.8
hh_with_children,lowest_quintile,2002,32.6,33.3,45.0,15.1,31.7
hh_with_children,lowest_quintile,2003,32.6,32.8,47.4,14.9,31.1
hh_with_children,lowest_quintile,2004,32.2,32.5,48.5,15.3,27.8
hh_with_children,lowest_quintile,2005,33.3,32.6,47.7,17.1,32.9
hh_with_children,lowest_quintile,2006,35.2,35.0,50.5,18.7,32.1
hh_with_children,lowest_quintile,2007,34.6,34.1,50.2,19.0,32.9
hh_with_children,lowest_quintile,2008,33.6,33.0,47.5,18.2,32.4
hh_with_children,lowest_quintile,2009,32.8,31.9,46.2,15.1,30.6
hh_with_children,lowest_quintile,2010,32.4,31.4,44.5,16.8,29.3
hh_with_children,lowest_quintile,2011,33.3,31.5,46.6,16.9,31.1
hh_with_children,lowest_quintile,2012,34.9,33.0,48.8,19.6,32.6
hh_with_children,lowest_quintile,2013,34.4,32.9,47.5,18.1,33.2
hh_with_children,lowest_quintile,2014,33.2,32.8,45.4,15.1,30.9
hh_with_children,lowest_quintile,2015,32.8,32.3,44.9,16.6,30.1
hh_with_children,lowest_quintile,2016,32.7,32.1,46.4,14.9,30.6
hh_with_children,second_quintile,1979,28.5,28.8,25.3,40.0,28.0
hh_with_children,second_quintile,1980,31.8,32.4,28.3,44.5,31.0
hh_with_children,second_quintile,1981,30.0,30.2,25.5,37.8,31.0
hh_with_children,second_quintile,1982,31.9,32.5,28.1,47.7,30.8
hh_with_children,second_quintile,1983,31.5,32.0,25.2,52.2,31.3
hh_with_children,second_quintile,1984,30.4,30.5,26.2,37.2,31.2
hh_with_children,second_quintile,1985,30.2,31.3,26.4,39.2,29.8
hh_with_children,second_quintile,1986,29.8,30.1,25.7,41.4,29.5
hh_with_children,second_quintile,1987,25.3,27.9,18.7,42.1,23.0
hh_with_children,second_quintile,1988,26.0,27.5,19.3,40.1,24.9
hh_with_children,second_quintile,1989,29.3,30.6,22.0,42.2,28.8
hh_with_children,second_quintile,1990,31.3,32.1,25.2,41.6,31.1
hh_with_children,second_quintile,1991,31.8,31.6,27.6,37.9,32.8
hh_with_children,second_quintile,1992,35.5,34.0,31.6,39.2,38.5
hh_with_children,second_quintile,1993,35.6,35.0,31.7,37.7,37.7
hh_with_children,second_quintile,1994,34.5,33.1,30.1,36.0,37.8
hh_with_children,second_quintile,1995,34.8,33.2,31.5,34.9,38.6
hh_with_children,second_quintile,1996,38.3,36.2,35.4,38.8,42.4
hh_with_children,second_quintile,1997,40.5,37.0,38.7,38.4,47.8
hh_with_children,second_quintile,1998,39.2,36.6,38.1,39.6,44.8
hh_with_children,second_quintile,1999,38.6,35.8,38.6,38.4,45.3
hh_with_children,second_quintile,2000,37.2,34.0,37.2,38.0,46.1
hh_with_children,second_quintile,2001,35.8,33.3,35.9,39.4,42.4
hh_with_children,second_quintile,2002,35.8,33.4,36.7,35.8,43.8
hh_with_children,second_quintile,2003,34.8,32.9,35.9,35.2,41.6
hh_with_children,second_quintile,2004,34.5,32.1,34.3,32.7,45.6
hh_with_children,second_quintile,2005,36.2,34.3,35.9,38.7,43.2
hh_with_children,second_quintile,2006,35.6,33.6,34.5,39.3,42.7
hh_with_children,second_quintile,2007,35.0,33.3,34.0,37.9,41.8
hh_with_children,second_quintile,2008,34.3,32.7,34.3,35.2,40.9
hh_with_children,second_quintile,2009,33.7,31.8,34.6,34.6,41.0
hh_with_children,second_quintile,2010,34.8,33.2,34.5,33.8,42.6
hh_with_children,second_quintile,2011,34.8,33.3,33.8,37.7,41.0
hh_with_children,second_quintile,2012,33.9,32.8,33.6,34.1,39.8
hh_with_children,second_quintile,2013,33.5,32.8,32.9,34.8,37.2
hh_with_children,second_quintile,2014,32.8,31.9,33.5,33.8,37.5
hh_with_children,second_quintile,2015,33.7,32.9,33.7,35.7,38.8
hh_with_children,second_quintile,2016,32.4,31.8,31.8,34.1,37.3
hh_with_children,middle_quintile,1979,10.1,10.2,6.8,17.4,10.3
hh_with_children,middle_quintile,1980,11.1,11.9,7.7,18.7,11.0
hh_with_children,middle_quintile,1981,10.8,11.9,8.2,18.9,10.3
hh_with_children,middle_quintile,1982,8.3,9.5,5.0,15.3,8.1
hh_with_children,middle_quintile,1983,6.7,8.0,4.6,12.5,6.2
hh_with_children,middle_quintile,1984,9.5,10.8,6.9,19.3,8.3
hh_with_children,middle_quintile,1985,7.5,9.2,4.2,17.6,6.2
hh_with_children,middle_quintile,1986,7.7,9.1,4.6,16.2,6.6
hh_with_children,middle_quintile,1987,6.7,7.6,3.3,14.3,6.0
hh_with_children,middle_quintile,1988,7.6,9.4,3.9,17.0,6.0
hh_with_children,middle_quintile,1989,8.0,9.4,4.2,18.3,6.5
hh_with_children,middle_quintile,1990,10.4,12.0,5.9,22.5,8.5
hh_with_children,middle_quintile,1991,11.4,13.3,7.6,25.3,8.6
hh_with_children,middle_quintile,1992,14.0,15.3,9.1,27.4,11.5
hh_with_children,middle_quintile,1993,14.8,15.9,10.2,26.7,12.2
hh_with_children,middle_quintile,1994,15.4,17.0,9.9,24.6,13.5
hh_with_children,middle_quintile,1995,17.1,18.6,11.2,27.9,14.6
hh_with_children,middle_quintile,1996,17.2,18.3,11.8,26.3,15.1
hh_with_children,middle_quintile,1997,19.1,20.1,13.7,29.9,15.8
hh_with_children,middle_quintile,1998,17.5,18.2,12.8,25.9,14.9
hh_with_children,middle_quintile,1999,17.8,18.3,11.9,27.7,14.9
hh_with_children,middle_quintile,2000,17.6,18.2,11.5,27.4,14.1
hh_with_children,middle_quintile,2001,17.6,18.4,10.9,25.2,14.7
hh_with_children,middle_quintile,2002,20.0,20.3,13.7,30.1,17.4
hh_with_children,middle_quintile,2003,20.2,20.5,12.2,30.1,19.2
hh_with_children,middle_quintile,2004,20.9,21.6,12.5,29.1,19.9
hh_with_children,middle_quintile,2005,19.3,20.3,12.4,25.3,17.3
hh_with_children,middle_quintile,2006,18.1,18.7,11.1,25.7,16.9
hh_with_children,middle_quintile,2007,18.9,19.8,11.6,26.8,16.5
hh_with_children,middle_quintile,2008,19.8,20.7,12.5,28.3,17.7
hh_with_children,middle_quintile,2009,19.9,20.7,13.7,29.3,18.3
hh_with_children,middle_quintile,2010,20.1,21.2,14.0,29.3,18.7
hh_with_children,middle_quintile,2011,19.9,21.2,14.0,27.8,18.6
hh_with_children,middle_quintile,2012,19.7,21.0,12.8,29.4,18.4
hh_with_children,middle_quintile,2013,21.1,21.8,14.3,32.8,20.5
hh_with_children,middle_quintile,2014,20.5,20.9,14.4,31.4,20.3
hh_with_children,middle_quintile,2015,19.8,20.5,13.9,27.4,18.0
hh_with_children,middle_quintile,2016,20.9,21.4,14.5,31.9,18.8
hh_with_children,fourth_quintile,1979,5.4,5.9,2.4,9.4,5.8
hh_with_children,fourth_quintile,1980,5.0,5.5,2.4,9.8,5.2
hh_with_children,fourth_quintile,1981,4.9,5.7,2.5,12.1,4.7
hh_with_children,fourth_quintile,1982,3.1,4.0,1.3,4.8,3.1
hh_with_children,fourth_quintile,1983,2.4,2.8,1.1,5.7,2.3
hh_with_children,fourth_quintile,1984,3.5,4.0,2.3,6.8,3.2
hh_with_children,fourth_quintile,1985,3.1,3.7,1.0,6.6,3.1
hh_with_children,fourth_quintile,1986,2.8,3.1,1.3,6.9,2.6
hh_with_children,fourth_quintile,1987,2.9,3.6,1.1,6.1,2.5
hh_with_children,fourth_quintile,1988,3.8,4.8,1.5,8.8,3.0
hh_with_children,fourth_quintile,1989,3.8,4.6,1.6,7.4,3.4
hh_with_children,fourth_quintile,1990,3.5,4.5,1.2,9.3,2.4
hh_with_children,fourth_quintile,1991,4.5,5.6,2.5,10.0,3.3
hh_with_children,fourth_quintile,1992,5.5,6.7,3.1,10.8,3.9
hh_with_children,fourth_quintile,1993,5.4,6.3,2.9,12.0,3.6
hh_with_children,fourth_quintile,1994,6.1,7.3,3.4,10.4,4.6
hh_with_children,fourth_quintile,1995,6.0,7.1,3.6,9.2,4.7
hh_with_children,fourth_quintile,1996,6.1,7.5,3.0,10.6,4.2
hh_with_children,fourth_quintile,1997,6.3,7.6,3.0,12.1,3.6
hh_with_children,fourth_quintile,1998,6.2,7.1,2.6,10.1,4.4
hh_with_children,fourth_quintile,1999,6.9,8.2,2.8,11.3,4.0
hh_with_children,fourth_quintile,2000,7.4,8.4,3.1,11.8,4.5
hh_with_children,fourth_quintile,2001,6.9,8.0,2.4,10.0,3.8
hh_with_children,fourth_quintile,2002,8.0,8.9,3.4,13.5,4.4
hh_with_children,fourth_quintile,2003,8.7,9.7,3.1,13.9,6.0
hh_with_children,fourth_quintile,2004,8.5,9.5,3.2,15.8,4.5
hh_with_children,fourth_quintile,2005,7.5,8.5,2.7,13.3,4.2
hh_with_children,fourth_quintile,2006,7.5,8.5,2.6,10.8,5.3
hh_with_children,fourth_quintile,2007,7.7,8.6,2.9,11.2,5.9
hh_with_children,fourth_quintile,2008,7.9,8.9,3.8,11.3,5.6
hh_with_children,fourth_quintile,2009,9.3,10.5,3.6,15.6,6.9
hh_with_children,fourth_quintile,2010,8.8,9.8,4.7,14.4,6.7
hh_with_children,fourth_quintile,2011,8.3,9.5,4.1,12.9,6.7
hh_with_children,fourth_quintile,2012,8.2,9.3,3.6,13.1,6.5
hh_with_children,fourth_quintile,2013,7.7,8.7,3.9,10.1,6.5
hh_with_children,fourth_quintile,2014,9.6,10.2,5.0,15.8,7.9
hh_with_children,fourth_quintile,2015,9.7,10.1,5.6,14.6,9.4
hh_with_children,fourth_quintile,2016,9.9,10.3,5.4,14.6,9.5
hh_with_children,highest_quintile,1979,2.6,2.9,1.2,4.5,2.8
hh_with_children,highest_quintile,1980,2.2,2.0,0.9,3.6,2.6
hh_with_children,highest_quintile,1981,1.9,2.3,0.8,4.1,2.0
hh_with_children,highest_quintile,1982,1.7,2.4,0.5,3.7,1.6
hh_with_children,highest_quintile,1983,1.4,1.4,0.5,3.1,1.5
hh_with_children,highest_quintile,1984,1.9,1.9,1.0,4.6,1.8
hh_with_children,highest_quintile,1985,1.7,1.9,0.8,3.4,1.8
hh_with_children,highest_quintile,1986,1.8,1.8,0.7,3.5,2.0
hh_with_children,highest_quintile,1987,1.6,1.5,0.7,3.0,1.7
hh_with_children,highest_quintile,1988,1.6,1.9,0.6,4.3,1.4
hh_with_children,highest_quintile,1989,2.0,2.5,0.8,4.2,1.7
hh_with_children,highest_quintile,1990,1.8,2.3,0.8,4.1,1.3
hh_with_children,highest_quintile,1991,2.4,2.8,1.2,3.9,2.3
hh_with_children,highest_quintile,1992,2.6,3.1,1.4,4.4,2.3
hh_with_children,highest_quintile,1993,2.3,2.8,0.8,5.5,1.6
hh_with_children,highest_quintile,1994,2.5,3.5,0.9,4.0,1.8
hh_with_children,highest_quintile,1995,3.1,4.1,1.3,4.6,2.2
hh_with_children,highest_quintile,1996,2.4,3.2,0.9,3.1,1.7
hh_with_children,highest_quintile,1997,2.2,2.8,0.5,3.9,1.4
hh_with_children,highest_quintile,1998,2.0,2.5,0.5,2.3,1.4
hh_with_children,highest_quintile,1999,2.4,2.7,0.5,5.1,1.4
hh_with_children,highest_quintile,2000,3.1,3.6,1.1,4.4,2.1
hh_with_children,highest_quintile,2001,2.9,3.4,0.7,4.1,2.0
hh_with_children,highest_quintile,2002,3.1,3.5,0.8,4.9,2.4
hh_with_children,highest_quintile,2003,3.1,3.6,0.8,5.4,1.9
hh_with_children,highest_quintile,2004,3.3,3.7,0.7,6.6,1.9
hh_with_children,highest_quintile,2005,3.2,3.7,0.6,5.2,2.0
hh_with_children,highest_quintile,2006,3.2,3.6,0.7,4.9,2.7
hh_with_children,highest_quintile,2007,3.2,3.6,0.8,4.5,2.4
hh_with_children,highest_quintile,2008,3.5,3.9,1.2,6.0,2.7
hh_with_children,highest_quintile,2009,3.7,4.4,1.3,4.8,2.7
hh_with_children,highest_quintile,2010,3.3,3.8,1.6,5.3,2.3
hh_with_children,highest_quintile,2011,3.0,3.8,0.8,4.0,2.1
hh_with_children,highest_quintile,2012,2.8,3.5,0.7,3.2,2.3
hh_with_children,highest_quintile,2013,2.8,3.4,0.8,3.7,2.3
hh_with_children,highest_quintile,2014,3.4,3.9,1.2,3.6,3.0
hh_with_children,highest_quintile,2015,3.8,4.0,1.6,5.4,3.4
hh_with_children,highest_quintile,2016,3.8,4.1,1.4,4.2,3.5
hh_with_children,percentiles_81_90,1979,1.6,1.8,0.6,3.2,1.7
hh_with_children,percentiles_81_90,1980,1.2,1.2,0.5,2.3,1.4
hh_with_children,percentiles_81_90,1981,1.1,1.4,0.5,2.9,1.0
hh_with_children,percentiles_81_90,1982,0.9,1.2,0.2,2.4,0.8
hh_with_children,percentiles_81_90,1983,0.7,0.7,0.2,2.0,0.7
hh_with_children,percentiles_81_90,1984,1.0,1.1,0.4,2.9,1.0
hh_with_children,percentiles_81_90,1985,0.8,0.9,0.3,2.1,0.8
hh_with_children,percentiles_81_90,1986,1.0,1.1,0.3,2.1,1.0
hh_with_children,percentiles_81_90,1987,0.9,0.8,0.4,1.8,1.0
hh_with_children,percentiles_81_90,1988,0.9,0.9,0.1,2.8,0.7
hh_with_children,percentiles_81_90,1989,1.2,1.5,0.4,2.5,0.9
hh_with_children,percentiles_81_90,1990,1.0,1.3,0.3,2.7,0.7
hh_with_children,percentiles_81_90,1991,1.3,1.6,0.6,2.3,1.0
hh_with_children,percentiles_81_90,1992,1.4,1.7,0.7,2.8,1.1
hh_with_children,percentiles_81_90,1993,1.5,1.8,0.5,3.6,0.9
hh_with_children,percentiles_81_90,1994,1.4,1.9,0.5,2.1,0.9
hh_with_children,percentiles_81_90,1995,1.8,2.3,0.9,2.6,1.2
hh_with_children,percentiles_81_90,1996,1.5,2.1,0.6,2.2,1.1
hh_with_children,percentiles_81_90,1997,1.4,1.8,0.3,2.6,0.8
hh_with_children,percentiles_81_90,1998,1.2,1.5,0.4,1.3,0.8
hh_with_children,percentiles_81_90,1999,1.6,1.7,0.3,3.7,0.8
hh_with_children,percentiles_81_90,2000,2.0,2.3,0.7,3.0,1.2
hh_with_children,percentiles_81_90,2001,1.7,2.0,0.4,2.4,1.0
hh_with_children,percentiles_81_90,2002,1.9,2.1,0.5,2.9,1.5
hh_with_children,percentiles_81_90,2003,2.0,2.2,0.5,3.7,1.2
hh_with_children,percentiles_81_90,2004,2.1,2.3,0.5,4.3,1.0
hh_with_children,percentiles_81_90,2005,1.9,2.2,0.4,3.0,1.1
hh_with_children,percentiles_81_90,2006,2.0,2.3,0.4,3.0,1.4
hh_with_children,percentiles_81_90,2007,1.9,2.2,0.4,3.0,1.4
hh_with_children,percentiles_81_90,2008,2.0,2.2,0.7,3.6,1.5
hh_with_children,percentiles_81_90,2009,2.3,2.7,0.8,3.1,1.6
hh_with_children,percentiles_81_90,2010,2.0,2.3,1.0,3.3,1.3
hh_with_children,percentiles_81_90,2011,1.8,2.3,0.5,2.6,1.1
hh_with_children,percentiles_81_90,2012,1.7,2.1,0.4,2.1,1.4
hh_with_children,percentiles_81_90,2013,1.8,2.1,0.6,2.9,1.3
hh_with_children,percentiles_81_90,2014,2.2,2.5,0.8,2.6,1.9
hh_with_children,percentiles_81_90,2015,2.2,2.4,1.1,2.7,2.1
hh_with_children,percentiles_81_90,2016,2.2,2.4,0.8,2.6,1.9
hh_with_children,percentiles_91_95,1979,0.6,0.6,0.3,0.8,0.6
hh_with_children,percentiles_91_95,1980,0.4,0.4,0.1,0.7,0.5
hh_with_children,percentiles_91_95,1981,0.3,0.3,0.1,0.8,0.4
hh_with_children,percentiles_91_95,1982,0.4,0.6,0.2,0.8,0.4
hh_with_children,percentiles_91_95,1983,0.2,0.2,0.1,0.3,0.2
hh_with_children,percentiles_91_95,1984,0.4,0.3,0.2,1.2,0.3
hh_with_children,percentiles_91_95,1985,0.3,0.4,0.1,0.8,0.4
hh_with_children,percentiles_91_95,1986,0.4,0.3,0.2,0.4,0.5
hh_with_children,percentiles_91_95,1987,0.2,0.2,0.1,0.3,0.2
hh_with_children,percentiles_91_95,1988,0.4,0.5,0.3,1.3,0.3
hh_with_children,percentiles_91_95,1989,0.4,0.6,0.2,1.0,0.4
hh_with_children,percentiles_91_95,1990,0.4,0.6,0.2,1.1,0.3
hh_with_children,percentiles_91_95,1991,0.5,0.6,0.3,0.6,0.5
hh_with_children,percentiles_91_95,1992,0.8,0.8,0.5,0.9,0.8
hh_with_children,percentiles_91_95,1993,0.4,0.5,0.1,1.1,0.3
hh_with_children,percentiles_91_95,1994,0.6,0.8,0.2,1.2,0.4
hh_with_children,percentiles_91_95,1995,0.7,0.9,0.2,1.2,0.6
hh_with_children,percentiles_91_95,1996,0.5,0.6,0.2,0.7,0.4
hh_with_children,percentiles_91_95,1997,0.4,0.5,0.1,1.0,0.2
hh_with_children,percentiles_91_95,1998,0.3,0.4,0.1,0.2,0.3
hh_with_children,percentiles_91_95,1999,0.4,0.5,0.1,0.8,0.4
hh_with_children,percentiles_91_95,2000,0.7,0.8,0.2,1.1,0.5
hh_with_children,percentiles_91_95,2001,0.6,0.6,0.1,0.7,0.5
hh_with_children,percentiles_91_95,2002,0.7,0.8,0.1,1.2,0.5
hh_with_children,percentiles_91_95,2003,0.6,0.7,0.1,1.1,0.3
hh_with_children,percentiles_91_95,2004,0.6,0.7,0.1,0.9,0.5
hh_with_children,percentiles_91_95,2005,0.7,0.9,0.1,1.3,0.4
hh_with_children,percentiles_91_95,2006,0.7,0.7,0.2,1.3,0.7
hh_with_children,percentiles_91_95,2007,0.6,0.8,0.1,0.8,0.5
hh_with_children,percentiles_91_95,2008,0.8,0.9,0.2,1.3,0.6
hh_with_children,percentiles_91_95,2009,0.8,1.0,0.3,1.2,0.5
hh_with_children,percentiles_91_95,2010,0.7,0.8,0.2,1.3,0.5
hh_with_children,percentiles_91_95,2011,0.6,0.8,0.2,0.4,0.5
hh_with_children,percentiles_91_95,2012,0.5,0.6,0.2,0.4,0.4
hh_with_children,percentiles_91_95,2013,0.5,0.7,0.1,0.6,0.5
hh_with_children,percentiles_91_95,2014,0.6,0.8,0.2,0.5,0.6
hh_with_children,percentiles_91_95,2015,0.8,0.8,0.3,1.1,0.7
hh_with_children,percentiles_91_95,2016,0.8,0.9,0.3,1.0,0.8
hh_with_children,percentiles_96_99,1979,0.4,0.3,0.2,0.4,0.4
hh_with_children,percentiles_96_99,1980,0.3,0.3,0.2,0.4,0.4
hh_with_children,percentiles_96_99,1981,0.3,0.4,0.2,0.3,0.4
hh_with_children,percentiles_96_99,1982,0.3,0.5,0.1,0.5,0.3
hh_with_children,percentiles_96_99,1983,0.3,0.3,0.2,0.6,0.4
hh_with_children,percentiles_96_99,1984,0.3,0.3,0.2,0.5,0.3
hh_with_children,percentiles_96_99,1985,0.3,0.3,0.2,0.4,0.4
hh_with_children,percentiles_96_99,1986,0.3,0.2,0.1,0.4,0.3
hh_with_children,percentiles_96_99,1987,0.3,0.3,0.2,0.7,0.4
hh_with_children,percentiles_96_99,1988,0.3,0.3,0.2,0.1,0.3
hh_with_children,percentiles_96_99,1989,0.3,0.3,0.2,0.4,0.3
hh_with_children,percentiles_96_99,1990,0.3,0.4,0.2,0.3,0.3
hh_with_children,percentiles_96_99,1991,0.5,0.4,0.2,0.7,0.7
hh_with_children,percentiles_96_99,1992,0.4,0.4,0.2,0.6,0.3
hh_with_children,percentiles_96_99,1993,0.3,0.4,0.1,0.7,0.3
hh_with_children,percentiles_96_99,1994,0.5,0.6,0.1,0.5,0.4
hh_with_children,percentiles_96_99,1995,0.4,0.6,0.1,0.6,0.3
hh_with_children,percentiles_96_99,1996,0.3,0.4,0.1,0.2,0.2
hh_with_children,percentiles_96_99,1997,0.3,0.3,0.1,0.2,0.3
hh_with_children,percentiles_96_99,1998,0.4,0.4,0.0,0.7,0.2
hh_with_children,percentiles_96_99,1999,0.3,0.4,0.1,0.3,0.2
hh_with_children,percentiles_96_99,2000,0.3,0.4,0.1,0.2,0.3
hh_with_children,percentiles_96_99,2001,0.5,0.6,0.1,0.6,0.4
hh_with_children,percentiles_96_99,2002,0.4,0.5,0.2,0.7,0.3
hh_with_children,percentiles_96_99,2003,0.4,0.5,0.1,0.4,0.3
hh_with_children,percentiles_96_99,2004,0.6,0.6,0.1,1.4,0.3
hh_with_children,percentiles_96_99,2005,0.5,0.6,0.1,0.8,0.3
hh_with_children,percentiles_96_99,2006,0.4,0.5,0.1,0.5,0.5
hh_with_children,percentiles_96_99,2007,0.5,0.6,0.2,0.6,0.4
hh_with_children,percentiles_96_99,2008,0.5,0.6,0.1,0.9,0.4
hh_with_children,percentiles_96_99,2009,0.5,0.6,0.1,0.3,0.5
hh_with_children,percentiles_96_99,2010,0.4,0.5,0.2,0.5,0.4
hh_with_children,percentiles_96_99,2011,0.4,0.6,0.1,0.5,0.3
hh_with_children,percentiles_96_99,2012,0.4,0.5,0.1,0.4,0.4
hh_with_children,percentiles_96_99,2013,0.3,0.4,0.1,0.2,0.4
hh_with_children,percentiles_96_99,2014,0.4,0.5,0.1,0.3,0.4
hh_with_children,percentiles_96_99,2015,0.6,0.6,0.2,1.2,0.5
hh_with_children,percentiles_96_99,2016,0.5,0.6,0.2,0.4,0.5
hh_with_children,top_1_percent,1979,0.1,0.1,0.1,0.1,0.2
hh_with_children,top_1_percent,1980,0.2,0.1,0.1,0.2,0.2
hh_with_children,top_1_percent,1981,0.2,0.2,0.1,0.1,0.2
hh_with_children,top_1_percent,1982,0.1,0.2,0.1,0.0,0.1
hh_with_children,top_1_percent,1983,0.2,0.2,0.1,0.1,0.2
hh_with_children,top_1_percent,1984,0.1,0.2,0.1,0.1,0.2
hh_with_children,top_1_percent,1985,0.2,0.3,0.2,0.2,0.2
hh_with_children,top_1_percent,1986,0.2,0.2,0.1,0.5,0.2
hh_with_children,top_1_percent,1987,0.2,0.2,0.1,0.2,0.2
hh_with_children,top_1_percent,1988,0.1,0.1,0.1,0.0,0.1
hh_with_children,top_1_percent,1989,0.1,0.2,0.1,0.3,0.1
hh_with_children,top_1_percent,1990,0.1,0.1,0.1,0.1,0.1
hh_with_children,top_1_percent,1991,0.1,0.2,0.1,0.2,0.1
hh_with_children,top_1_percent,1992,0.1,0.1,0.0,0.1,0.1
hh_with_children,top_1_percent,1993,0.1,0.1,0.1,0.1,0.1
hh_with_children,top_1_percent,1994,0.1,0.1,0.1,0.1,0.1
hh_with_children,top_1_percent,1995,0.2,0.3,0.1,0.2,0.1
hh_with_children,top_1_percent,1996,0.1,0.1,0.0,0.0,0.1
hh_with_children,top_1_percent,1997,0.1,0.1,0.0,0.0,0.1
hh_with_children,top_1_percent,1998,0.1,0.1,0.0,0.1,0.1
hh_with_children,top_1_percent,1999,0.1,0.2,0.0,0.3,0.1
hh_with_children,top_1_percent,2000,0.1,0.1,0.0,0.1,0.1
hh_with_children,top_1_percent,2001,0.2,0.2,0.0,0.3,0.1
hh_with_children,top_1_percent,2002,0.2,0.2,0.1,0.2,0.2
hh_with_children,top_1_percent,2003,0.1,0.1,0.1,0.2,0.1
hh_with_children,top_1_percent,2004,0.1,0.1,0.0,0.1,0.1
hh_with_children,top_1_percent,2005,0.1,0.1,0.0,0.1,0.1
hh_with_children,top_1_percent,2006,0.1,0.1,0.0,0.1,0.1
hh_with_children,top_1_percent,2007,0.1,0.1,0.0,0.1,0.1
hh_with_children,top_1_percent,2008,0.2,0.2,0.1,0.2,0.3
hh_with_children,top_1_percent,2009,0.2,0.2,0.1,0.2,0.2
hh_with_children,top_1_percent,2010,0.2,0.2,0.1,0.3,0.1
hh_with_children,top_1_percent,2011,0.2,0.2,0.1,0.4,0.1
hh_with_children,top_1_percent,2012,0.2,0.2,0.0,0.3,0.1
hh_with_children,top_1_percent,2013,0.1,0.2,0.0,0.0,0.1
hh_with_children,top_1_percent,2014,0.2,0.2,0.1,0.1,0.1
hh_with_children,top_1_percent,2015,0.2,0.2,0.1,0.4,0.1
hh_with_children,top_1_percent,2016,0.2,0.2,0.1,0.2,0.2
elderly_headed_hh,all_quintiles,1979,100.0,100.0,100.0,100.0,100.0
elderly_headed_hh,all_quintiles,1980,100.0,100.0,100.0,100.0,100.0
elderly_headed_hh,all_quintiles,1981,100.0,100.0,100.0,100.0,100.0
elderly_headed_hh,all_quintiles,1982,100.0,100.0,100.0,100.0,100.0
elderly_headed_hh,all_quintiles,1983,100.0,100.0,100.0,100.0,100.0
elderly_headed_hh,all_quintiles,1984,100.0,100.0,100.0,100.0,100.0
elderly_headed_hh,all_quintiles,1985,100.0,100.0,100.0,100.0,100.0
elderly_headed_hh,all_quintiles,1986,100.0,100.0,100.0,100.0,100.0
elderly_headed_hh,all_quintiles,1987,100.0,100.0,100.0,100.0,100.0
elderly_headed_hh,all_quintiles,1988,100.0,100.0,100.0,100.0,100.0
elderly_headed_hh,all_quintiles,1989,100.0,100.0,100.0,100.0,100.0
elderly_headed_hh,all_quintiles,1990,100.0,100.0,100.0,100.0,100.0
elderly_headed_hh,all_quintiles,1991,100.0,100.0,100.0,100.0,100.0
elderly_headed_hh,all_quintiles,1992,100.0,100.0,100.0,100.0,100.0
elderly_headed_hh,all_quintiles,1993,100.0,100.0,100.0,100.0,100.0
elderly_headed_hh,all_quintiles,1994,100.0,100.0,100.0,100.0,100.0
elderly_headed_hh,all_quintiles,1995,100.0,100.0,100.0,100.0,100.0
elderly_headed_hh,all_quintiles,1996,100.0,100.0,100.0,100.0,100.0
elderly_headed_hh,all_quintiles,1997,100.0,100.0,100.0,100.0,100.0
elderly_headed_hh,all_quintiles,1998,100.0,100.0,100.0,100.0,100.0
elderly_headed_hh,all_quintiles,1999,100.0,100.0,100.0,100.0,100.0
elderly_headed_hh,all_quintiles,2000,100.0,100.0,100.0,100.0,100.0
elderly_headed_hh,all_quintiles,2001,100.0,100.0,100.0,100.0,100.0
elderly_headed_hh,all_quintiles,2002,100.0,100.0,100.0,100.0,100.0
elderly_headed_hh,all_quintiles,2003,100.0,100.0,100.0,100.0,100.0
elderly_headed_hh,all_quintiles,2004,100.0,100.0,100.0,100.0,100.0
elderly_headed_hh,all_quintiles,2005,100.0,100.0,100.0,100.0,100.0
elderly_headed_hh,all_quintiles,2006,100.0,100.0,100.0,100.0,100.0
elderly_headed_hh,all_quintiles,2007,100.0,100.0,100.0,100.0,100.0
elderly_headed_hh,all_quintiles,2008,100.0,100.0,100.0,100.0,100.0
elderly_headed_hh,all_quintiles,2009,100.0,100.0,100.0,100.0,100.0
elderly_headed_hh,all_quintiles,2010,100.0,100.0,100.0,100.0,100.0
elderly_headed_hh,all_quintiles,2011,100.0,100.0,100.0,100.0,100.0
elderly_headed_hh,all_quintiles,2012,100.0,100.0,100.0,100.0,100.0
elderly_headed_hh,all_quintiles,2013,100.0,100.0,100.0,100.0,100.0
elderly_headed_hh,all_quintiles,2014,100.0,100.0,100.0,100.0,100.0
elderly_headed_hh,all_quintiles,2015,100.0,100.0,100.0,100.0,100.0
elderly_headed_hh,all_quintiles,2016,100.0,100.0,100.0,100.0,100.0
elderly_headed_hh,lowest_quintile,1979,45.3,46.0,64.8,40.5,40.2
elderly_headed_hh,lowest_quintile,1980,38.7,41.9,58.5,37.8,25.1
elderly_headed_hh,lowest_quintile,1981,29.7,33.0,52.1,30.1,13.4
elderly_headed_hh,lowest_quintile,1982,25.2,28.8,45.0,26.8,11.1
elderly_headed_hh,lowest_quintile,1983,16.7,20.5,33.0,18.7,3.9
elderly_headed_hh,lowest_quintile,1984,19.3,22.5,37.4,22.1,7.4
elderly_headed_hh,lowest_quintile,1985,14.9,17.8,32.9,16.6,5.1
elderly_headed_hh,lowest_quintile,1986,12.5,13.6,30.5,14.8,5.4
elderly_headed_hh,lowest_quintile,1987,12.4,11.8,30.3,15.4,7.6
elderly_headed_hh,lowest_quintile,1988,12.5,13.5,30.2,12.7,7.5
elderly_headed_hh,lowest_quintile,1989,13.5,12.7,31.7,16.5,8.6
elderly_headed_hh,lowest_quintile,1990,11.4,10.1,29.5,12.3,8.8
elderly_headed_hh,lowest_quintile,1991,10.6,9.5,25.8,12.2,7.7
elderly_headed_hh,lowest_quintile,1992,7.0,5.9,19.9,8.0,4.3
elderly_headed_hh,lowest_quintile,1993,6.3,5.0,20.2,7.1,4.3
elderly_headed_hh,lowest_quintile,1994,8.4,6.7,24.4,9.0,7.0
elderly_headed_hh,lowest_quintile,1995,8.2,7.0,24.8,11.1,3.9
elderly_headed_hh,lowest_quintile,1996,7.6,6.5,25.7,10.1,3.1
elderly_headed_hh,lowest_quintile,1997,8.4,7.7,24.4,11.7,3.9
elderly_headed_hh,lowest_quintile,1998,8.2,6.9,23.2,11.0,6.7
elderly_headed_hh,lowest_quintile,1999,8.3,6.2,24.0,9.3,11.0
elderly_headed_hh,lowest_quintile,2000,8.0,6.4,25.1,10.5,7.9
elderly_headed_hh,lowest_quintile,2001,7.0,5.1,23.8,9.3,8.5
elderly_headed_hh,lowest_quintile,2002,6.6,5.4,22.3,9.6,5.5
elderly_headed_hh,lowest_quintile,2003,5.7,4.9,20.8,7.4,4.3
elderly_headed_hh,lowest_quintile,2004,7.9,6.4,25.2,11.7,7.0
elderly_headed_hh,lowest_quintile,2005,6.5,5.1,26.2,9.0,4.8
elderly_headed_hh,lowest_quintile,2006,6.2,4.8,22.0,8.3,5.9
elderly_headed_hh,lowest_quintile,2007,6.5,4.6,22.1,8.3,6.8
elderly_headed_hh,lowest_quintile,2008,7.3,5.5,21.0,8.8,7.7
elderly_headed_hh,lowest_quintile,2009,6.2,4.5,18.1,7.7,6.3
elderly_headed_hh,lowest_quintile,2010,5.4,3.5,15.8,6.3,5.7
elderly_headed_hh,lowest_quintile,2011,8.4,5.5,22.6,9.6,8.3
elderly_headed_hh,lowest_quintile,2012,8.8,5.9,25.3,8.5,8.6
elderly_headed_hh,lowest_quintile,2013,9.5,6.2,25.8,9.5,9.1
elderly_headed_hh,lowest_quintile,2014,11.2,9.4,24.3,8.8,11.2
elderly_headed_hh,lowest_quintile,2015,12.5,9.9,27.4,9.9,13.7
elderly_headed_hh,lowest_quintile,2016,13.1,10.4,28.8,11.7,14.1
elderly_headed_hh,second_quintile,1979,34.2,30.4,26.4,30.3,48.8
elderly_headed_hh,second_quintile,1980,42.2,37.6,31.5,35.8,60.8
elderly_headed_hh,second_quintile,1981,48.7,44.0,37.6,42.1,66.9
elderly_headed_hh,second_quintile,1982,46.3,41.9,42.4,38.8,61.0
elderly_headed_hh,second_quintile,1983,47.2,46.5,46.5,41.3,53.1
elderly_headed_hh,second_quintile,1984,51.5,50.0,47.6,41.6,61.9
elderly_headed_hh,second_quintile,1985,52.4,50.4,51.7,42.8,61.8
elderly_headed_hh,second_quintile,1986,52.8,49.6,51.5,45.3,62.6
elderly_headed_hh,second_quintile,1987,54.1,50.5,52.5,46.1,65.2
elderly_headed_hh,second_quintile,1988,55.0,53.7,51.7,48.7,61.6
elderly_headed_hh,second_quintile,1989,50.7,51.1,52.9,42.3,55.1
elderly_headed_hh,second_quintile,1990,49.1,47.8,45.1,46.2,53.7
elderly_headed_hh,second_quintile,1991,44.2,43.5,46.8,38.2,49.1
elderly_headed_hh,second_quintile,1992,40.8,39.7,48.2,34.2,46.1
elderly_headed_hh,second_quintile,1993,36.2,31.5,41.6,32.6,46.3
elderly_headed_hh,second_quintile,1994,35.5,32.5,40.9,35.1,40.7
elderly_headed_hh,second_quintile,1995,33.7,33.3,42.2,33.2,32.7
elderly_headed_hh,second_quintile,1996,32.3,28.9,38.3,33.1,37.9
elderly_headed_hh,second_quintile,1997,31.3,28.5,37.9,31.5,36.5
elderly_headed_hh,second_quintile,1998,31.5,28.2,40.9,31.8,39.7
elderly_headed_hh,second_quintile,1999,36.6,34.6,39.9,37.0,42.0
elderly_headed_hh,second_quintile,2000,32.5,29.8,35.0,32.1,41.0
elderly_headed_hh,second_quintile,2001,33.3,31.4,38.2,32.0,40.2
elderly_headed_hh,second_quintile,2002,27.5,25.1,33.9,26.1,36.4
elderly_headed_hh,second_quintile,2003,26.6,23.0,38.1,24.3,39.2
elderly_headed_hh,second_quintile,2004,24.4,22.6,30.4,23.3,31.5
elderly_headed_hh,second_quintile,2005,29.5,26.7,35.7,30.7,37.7
elderly_headed_hh,second_quintile,2006,24.5,22.8,35.0,24.7,26.5
elderly_headed_hh,second_quintile,2007,24.8,21.4,30.7,24.0,30.5
elderly_headed_hh,second_quintile,2008,26.8,24.6,33.0,24.7,31.2
elderly_headed_hh,second_quintile,2009,23.3,19.8,31.9,23.0,28.9
elderly_headed_hh,second_quintile,2010,20.3,17.7,29.7,19.4,23.2
elderly_headed_hh,second_quintile,2011,22.4,19.1,32.8,19.8,26.1
elderly_headed_hh,second_quintile,2012,24.7,21.3,33.5,22.3,29.7
elderly_headed_hh,second_quintile,2013,25.1,20.8,33.9,20.4,32.1
elderly_headed_hh,second_quintile,2014,30.0,27.1,34.1,25.9,36.5
elderly_headed_hh,second_quintile,2015,27.7,23.6,33.9,24.0,35.7
elderly_headed_hh,second_quintile,2016,30.1,26.1,34.8,24.8,38.1
elderly_headed_hh,middle_quintile,1979,11.8,12.7,6.1,17.0,7.0
elderly_headed_hh,middle_quintile,1980,10.3,10.2,6.9,13.5,9.1
elderly_headed_hh,middle_quintile,1981,13.5,13.1,7.8,14.7,16.0
elderly_headed_hh,middle_quintile,1982,19.3,18.4,9.9,22.7,21.4
elderly_headed_hh,middle_quintile,1983,25.9,22.5,16.1,23.4,36.2
elderly_headed_hh,middle_quintile,1984,20.7,17.9,12.0,23.9,25.2
elderly_headed_hh,middle_quintile,1985,24.1,22.7,12.5,25.2,28.0
elderly_headed_hh,middle_quintile,1986,25.1,25.7,14.5,23.4,27.6
elderly_headed_hh,middle_quintile,1987,24.7,26.4,12.6,26.8,23.0
elderly_headed_hh,middle_quintile,1988,21.7,22.3,14.1,21.6,22.5
elderly_headed_hh,middle_quintile,1989,27.5,27.4,12.5,27.5,30.8
elderly_headed_hh,middle_quintile,1990,29.4,31.0,21.6,28.7,29.1
elderly_headed_hh,middle_quintile,1991,32.6,32.7,23.6,30.3,36.2
elderly_headed_hh,middle_quintile,1992,38.5,38.4,26.4,38.4,42.6
elderly_headed_hh,middle_quintile,1993,39.5,40.7,27.5,38.4,41.6
elderly_headed_hh,middle_quintile,1994,38.6,38.4,28.2,37.7,42.9
elderly_headed_hh,middle_quintile,1995,38.5,35.0,25.0,36.2,51.3
elderly_headed_hh,middle_quintile,1996,37.6,35.3,27.7,34.4,48.8
elderly_headed_hh,middle_quintile,1997,37.3,34.2,28.3,35.4,48.4
elderly_headed_hh,middle_quintile,1998,36.8,35.6,26.7,34.3,44.5
elderly_headed_hh,middle_quintile,1999,35.0,34.7,26.5,33.3,39.8
elderly_headed_hh,middle_quintile,2000,35.7,34.8,30.0,34.0,41.3
elderly_headed_hh,middle_quintile,2001,36.7,35.5,28.7,37.2,42.0
elderly_headed_hh,middle_quintile,2002,36.0,34.5,28.8,35.1,43.6
elderly_headed_hh,middle_quintile,2003,38.6,37.3,32.4,41.4,42.8
elderly_headed_hh,middle_quintile,2004,38.6,36.8,33.5,36.8,49.0
elderly_headed_hh,middle_quintile,2005,35.0,33.4,26.5,32.1,45.6
elderly_headed_hh,middle_quintile,2006,38.8,35.0,30.5,36.1,48.8
elderly_headed_hh,middle_quintile,2007,31.6,28.8,27.3,28.6,38.6
elderly_headed_hh,middle_quintile,2008,35.5,33.8,30.9,31.0,42.1
elderly_headed_hh,middle_quintile,2009,34.7,33.2,29.2,32.4,40.5
elderly_headed_hh,middle_quintile,2010,36.7,34.0,33.2,37.9,43.2
elderly_headed_hh,middle_quintile,2011,38.7,37.7,30.0,36.3,44.8
elderly_headed_hh,middle_quintile,2012,35.8,35.9,27.1,32.9,40.6
elderly_headed_hh,middle_quintile,2013,34.9,34.8,26.7,35.8,38.2
elderly_headed_hh,middle_quintile,2014,31.8,31.6,25.7,30.8,34.8
elderly_headed_hh,middle_quintile,2015,31.8,31.9,24.9,34.6,33.0
elderly_headed_hh,middle_quintile,2016,28.1,28.2,23.8,28.6,28.9
elderly_headed_hh,fourth_quintile,1979,4.6,5.5,1.6,5.7,3.2
elderly_headed_hh,fourth_quintile,1980,5.4,5.9,2.6,7.5,3.9
elderly_headed_hh,fourth_quintile,1981,4.3,5.2,1.6,6.5,2.6
elderly_headed_hh,fourth_quintile,1982,5.5,6.1,1.8,6.1,5.3
elderly_headed_hh,fourth_quintile,1983,6.7,6.4,3.8,10.4,5.3
elderly_headed_hh,fourth_quintile,1984,6.2,6.6,2.2,9.3,4.4
elderly_headed_hh,fourth_quintile,1985,5.8,6.3,2.0,9.5,3.6
elderly_headed_hh,fourth_quintile,1986,6.4,7.3,2.5,10.6,3.2
elderly_headed_hh,fourth_quintile,1987,6.4,8.3,2.8,8.9,2.7
elderly_headed_hh,fourth_quintile,1988,7.3,8.1,3.2,13.1,3.2
elderly_headed_hh,fourth_quintile,1989,5.2,5.8,2.1,7.6,3.5
elderly_headed_hh,fourth_quintile,1990,6.9,8.3,3.3,9.6,3.8
elderly_headed_hh,fourth_quintile,1991,9.3,10.7,3.2,14.9,4.3
elderly_headed_hh,fourth_quintile,1992,9.0,10.5,4.3,12.2,4.7
elderly_headed_hh,fourth_quintile,1993,13.1,15.8,9.7,16.2,6.6
elderly_headed_hh,fourth_quintile,1994,11.8,14.1,5.5,12.5,8.2
elderly_headed_hh,fourth_quintile,1995,14.0,16.4,6.2,14.1,10.8
elderly_headed_hh,fourth_quintile,1996,15.1,18.4,6.6,16.9,8.1
elderly_headed_hh,fourth_quintile,1997,14.9,17.5,8.2,14.5,10.1
elderly_headed_hh,fourth_quintile,1998,14.0,16.6,6.4,14.3,7.1
elderly_headed_hh,fourth_quintile,1999,12.2,14.7,6.8,11.8,5.6
elderly_headed_hh,fourth_quintile,2000,14.4,16.7,8.4,14.7,7.8
elderly_headed_hh,fourth_quintile,2001,15.1,17.7,7.6,14.6,8.0
elderly_headed_hh,fourth_quintile,2002,20.8,23.2,11.6,20.7,13.4
elderly_headed_hh,fourth_quintile,2003,20.2,22.7,7.3,20.4,13.2
elderly_headed_hh,fourth_quintile,2004,20.1,23.0,8.6,19.7,11.0
elderly_headed_hh,fourth_quintile,2005,19.8,22.9,9.6,20.1,10.4
elderly_headed_hh,fourth_quintile,2006,19.2,22.6,10.4,18.8,13.5
elderly_headed_hh,fourth_quintile,2007,21.9,25.6,14.4,23.4,15.5
elderly_headed_hh,fourth_quintile,2008,20.3,23.3,12.3,23.0,14.3
elderly_headed_hh,fourth_quintile,2009,23.9,27.3,15.8,25.9,17.5
elderly_headed_hh,fourth_quintile,2010,24.7,27.5,16.3,24.1,21.5
elderly_headed_hh,fourth_quintile,2011,21.0,25.3,11.3,21.2,15.9
elderly_headed_hh,fourth_quintile,2012,21.4,24.7,11.4,25.9,16.3
elderly_headed_hh,fourth_quintile,2013,21.1,25.4,10.7,26.2,14.9
elderly_headed_hh,fourth_quintile,2014,17.5,19.7,11.4,24.7,12.1
elderly_headed_hh,fourth_quintile,2015,17.6,21.3,9.2,20.6,11.4
elderly_headed_hh,fourth_quintile,2016,19.1,22.5,9.8,25.9,13.2
elderly_headed_hh,highest_quintile,1979,4.0,5.4,1.0,5.9,0.8
elderly_headed_hh,highest_quintile,1980,3.2,4.2,0.2,5.4,1.0
elderly_headed_hh,highest_quintile,1981,3.7,4.8,0.8,6.6,1.1
elderly_headed_hh,highest_quintile,1982,3.5,4.8,0.7,5.3,1.2
elderly_headed_hh,highest_quintile,1983,3.5,4.0,0.6,6.2,1.5
elderly_headed_hh,highest_quintile,1984,2.3,3.0,0.7,3.0,1.1
elderly_headed_hh,highest_quintile,1985,2.8,2.8,0.7,5.9,1.4
elderly_headed_hh,highest_quintile,1986,3.3,3.8,1.0,5.9,1.2
elderly_headed_hh,highest_quintile,1987,2.5,3.0,1.8,2.8,1.5
elderly_headed_hh,highest_quintile,1988,3.5,2.4,0.6,3.9,5.2
elderly_headed_hh,highest_quintile,1989,3.2,3.0,0.8,6.1,2.0
elderly_headed_hh,highest_quintile,1990,3.2,2.7,0.3,3.2,4.5
elderly_headed_hh,highest_quintile,1991,3.3,3.6,0.5,4.3,2.6
elderly_headed_hh,highest_quintile,1992,4.6,5.4,1.1,6.7,2.3
elderly_headed_hh,highest_quintile,1993,4.8,6.9,0.9,5.6,1.0
elderly_headed_hh,highest_quintile,1994,5.5,8.2,0.9,5.6,1.1
elderly_headed_hh,highest_quintile,1995,5.6,8.2,1.8,5.4,1.2
elderly_headed_hh,highest_quintile,1996,7.1,10.7,1.6,5.4,1.8
elderly_headed_hh,highest_quintile,1997,8.0,11.8,1.1,6.8,0.9
elderly_headed_hh,highest_quintile,1998,9.4,12.6,2.6,8.6,1.9
elderly_headed_hh,highest_quintile,1999,7.7,9.6,2.6,8.4,1.4
elderly_headed_hh,highest_quintile,2000,9.2,12.1,1.4,8.4,1.8
elderly_headed_hh,highest_quintile,2001,7.8,10.2,1.5,6.7,1.3
elderly_headed_hh,highest_quintile,2002,9.1,11.7,2.9,8.4,1.1
elderly_headed_hh,highest_quintile,2003,8.8,11.9,1.2,6.4,0.5
elderly_headed_hh,highest_quintile,2004,8.8,11.0,2.1,8.3,1.4
elderly_headed_hh,highest_quintile,2005,8.8,11.5,1.7,7.8,1.2
elderly_headed_hh,highest_quintile,2006,11.0,14.4,1.9,11.6,5.0
elderly_headed_hh,highest_quintile,2007,14.9,19.3,5.3,15.3,8.3
elderly_headed_hh,highest_quintile,2008,9.9,12.6,2.3,12.2,4.5
elderly_headed_hh,highest_quintile,2009,11.6,15.0,4.4,10.5,6.4
elderly_headed_hh,highest_quintile,2010,12.4,16.8,4.5,11.6,6.0
elderly_headed_hh,highest_quintile,2011,9.2,12.0,2.8,12.8,4.5
elderly_headed_hh,highest_quintile,2012,8.9,11.9,2.4,10.0,4.6
elderly_headed_hh,highest_quintile,2013,8.7,12.1,2.2,7.5,4.9
elderly_headed_hh,highest_quintile,2014,9.2,11.8,3.9,9.3,5.1
elderly_headed_hh,highest_quintile,2015,10.1,12.9,4.4,10.7,5.8
elderly_headed_hh,highest_quintile,2016,9.3,12.5,2.4,8.9,5.4
elderly_headed_hh,percentiles_81_90,1979,1.6,1.9,0.5,2.5,0.5
elderly_headed_hh,percentiles_81_90,1980,2.0,2.6,0.1,3.3,0.8
elderly_headed_hh,percentiles_81_90,1981,2.4,2.9,0.7,4.7,0.4
elderly_headed_hh,percentiles_81_90,1982,2.0,2.6,0.3,3.0,0.7
elderly_headed_hh,percentiles_81_90,1983,2.3,2.9,0.3,3.6,1.0
elderly_headed_hh,percentiles_81_90,1984,1.3,1.7,0.4,1.6,0.7
elderly_headed_hh,percentiles_81_90,1985,1.9,1.9,0.0,4.4,0.8
elderly_headed_hh,percentiles_81_90,1986,1.9,2.3,0.7,3.4,0.7
elderly_headed_hh,percentiles_81_90,1987,1.5,1.8,0.9,1.6,1.2
elderly_headed_hh,percentiles_81_90,1988,1.5,1.6,0.5,2.4,0.8
elderly_headed_hh,percentiles_81_90,1989,2.2,2.2,0.5,4.7,0.8
elderly_headed_hh,percentiles_81_90,1990,1.6,1.6,0.2,1.7,1.8
elderly_headed_hh,percentiles_81_90,1991,1.5,1.7,0.2,1.3,1.7
elderly_headed_hh,percentiles_81_90,1992,2.6,3.1,0.9,3.9,1.0
elderly_headed_hh,percentiles_81_90,1993,3.2,4.7,0.6,3.8,0.7
elderly_headed_hh,percentiles_81_90,1994,3.3,4.7,0.7,3.8,0.9
elderly_headed_hh,percentiles_81_90,1995,3.1,4.6,0.9,3.1,0.3
elderly_headed_hh,percentiles_81_90,1996,3.5,5.3,0.9,2.4,1.1
elderly_headed_hh,percentiles_81_90,1997,5.2,7.8,0.7,4.2,0.5
elderly_headed_hh,percentiles_81_90,1998,5.2,7.0,1.5,5.3,0.6
elderly_headed_hh,percentiles_81_90,1999,4.2,5.6,1.6,4.3,0.3
elderly_headed_hh,percentiles_81_90,2000,5.4,7.0,0.9,5.1,1.1
elderly_headed_hh,percentiles_81_90,2001,4.9,6.4,0.9,4.1,1.0
elderly_headed_hh,percentiles_81_90,2002,5.8,7.6,2.3,4.7,0.7
elderly_headed_hh,percentiles_81_90,2003,5.2,7.1,0.4,3.5,0.4
elderly_headed_hh,percentiles_81_90,2004,5.5,6.8,1.2,5.3,1.0
elderly_headed_hh,percentiles_81_90,2005,5.3,7.1,1.2,4.0,0.7
elderly_headed_hh,percentiles_81_90,2006,6.6,8.4,1.4,7.8,2.9
elderly_headed_hh,percentiles_81_90,2007,8.7,11.4,4.3,9.7,4.0
elderly_headed_hh,percentiles_81_90,2008,5.9,7.3,1.8,8.6,2.5
elderly_headed_hh,percentiles_81_90,2009,7.2,9.3,2.2,6.1,4.2
elderly_headed_hh,percentiles_81_90,2010,7.8,10.4,2.5,8.0,3.9
elderly_headed_hh,percentiles_81_90,2011,6.3,8.0,2.1,9.5,3.1
elderly_headed_hh,percentiles_81_90,2012,5.9,7.9,1.9,6.1,2.9
elderly_headed_hh,percentiles_81_90,2013,5.2,7.2,1.6,4.0,3.2
elderly_headed_hh,percentiles_81_90,2014,5.5,7.1,2.2,5.8,3.0
elderly_headed_hh,percentiles_81_90,2015,6.5,8.1,3.1,7.9,3.7
elderly_headed_hh,percentiles_81_90,2016,5.4,7.1,1.5,6.0,3.1
elderly_headed_hh,percentiles_91_95,1979,1.6,1.9,0.1,2.9,0.1
elderly_headed_hh,percentiles_91_95,1980,0.8,1.0,0.0,1.6,0.0
elderly_headed_hh,percentiles_91_95,1981,0.4,0.5,0.1,0.2,0.5
elderly_headed_hh,percentiles_91_95,1982,0.9,1.4,0.4,1.0,0.4
elderly_headed_hh,percentiles_91_95,1983,0.5,0.6,0.2,0.8,0.2
elderly_headed_hh,percentiles_91_95,1984,0.5,0.7,0.0,0.7,0.2
elderly_headed_hh,percentiles_91_95,1985,0.5,0.5,0.5,0.8,0.1
elderly_headed_hh,percentiles_91_95,1986,0.7,0.8,0.1,1.6,0.2
elderly_headed_hh,percentiles_91_95,1987,0.7,0.9,0.7,0.7,0.2
elderly_headed_hh,percentiles_91_95,1988,0.9,0.4,0.1,0.3,2.0
elderly_headed_hh,percentiles_91_95,1989,0.4,0.5,0.1,0.6,0.1
elderly_headed_hh,percentiles_91_95,1990,0.6,0.5,0.0,0.6,0.9
elderly_headed_hh,percentiles_91_95,1991,1.3,1.5,0.3,2.1,0.5
elderly_headed_hh,percentiles_91_95,1992,1.2,1.2,0.0,1.5,1.2
elderly_headed_hh,percentiles_91_95,1993,1.2,1.9,0.1,1.3,0.1
elderly_headed_hh,percentiles_91_95,1994,0.8,1.1,0.1,1.0,0.1
elderly_headed_hh,percentiles_91_95,1995,1.5,2.2,0.3,1.1,0.5
elderly_headed_hh,percentiles_91_95,1996,1.9,2.8,0.5,1.6,0.2
elderly_headed_hh,percentiles_91_95,1997,1.8,2.5,0.3,1.8,0.2
elderly_headed_hh,percentiles_91_95,1998,2.3,3.3,0.3,1.8,0.4
elderly_headed_hh,percentiles_91_95,1999,2.0,2.2,0.6,3.1,0.3
elderly_headed_hh,percentiles_91_95,2000,1.7,2.2,0.3,1.6,0.4
elderly_headed_hh,percentiles_91_95,2001,1.5,2.0,0.4,1.4,0.1
elderly_headed_hh,percentiles_91_95,2002,2.0,2.5,0.1,2.2,0.2
elderly_headed_hh,percentiles_91_95,2003,2.1,2.8,0.5,2.0,0.0
elderly_headed_hh,percentiles_91_95,2004,1.9,2.4,0.5,1.9,0.2
elderly_headed_hh,percentiles_91_95,2005,2.0,2.6,0.2,2.2,0.4
elderly_headed_hh,percentiles_91_95,2006,2.3,3.1,0.3,1.8,1.1
elderly_headed_hh,percentiles_91_95,2007,3.5,4.2,0.6,3.7,2.5
elderly_headed_hh,percentiles_91_95,2008,1.9,2.4,0.2,2.4,0.9
elderly_headed_hh,percentiles_91_95,2009,2.9,3.6,2.1,3.1,1.4
elderly_headed_hh,percentiles_91_95,2010,2.9,4.0,1.6,1.9,1.4
elderly_headed_hh,percentiles_91_95,2011,1.8,2.5,0.5,2.4,0.8
elderly_headed_hh,percentiles_91_95,2012,2.1,2.8,0.3,2.6,1.0
elderly_headed_hh,percentiles_91_95,2013,1.9,2.7,0.3,1.8,1.0
elderly_headed_hh,percentiles_91_95,2014,2.2,2.9,0.8,2.4,1.2
elderly_headed_hh,percentiles_91_95,2015,2.2,2.8,1.0,2.2,1.2
elderly_headed_hh,percentiles_91_95,2016,2.5,3.4,0.7,2.3,1.5
elderly_headed_hh,percentiles_96_99,1979,0.6,1.3,0.3,0.2,0.2
elderly_headed_hh,percentiles_96_99,1980,0.3,0.5,0.0,0.5,0.1
elderly_headed_hh,percentiles_96_99,1981,0.8,1.2,0.0,1.5,0.1
elderly_headed_hh,percentiles_96_99,1982,0.5,0.6,0.0,1.1,0.1
elderly_headed_hh,percentiles_96_99,1983,0.6,0.5,0.1,1.7,0.2
elderly_headed_hh,percentiles_96_99,1984,0.4,0.5,0.2,0.6,0.1
elderly_headed_hh,percentiles_96_99,1985,0.4,0.4,0.1,0.5,0.4
elderly_headed_hh,percentiles_96_99,1986,0.5,0.6,0.1,0.8,0.3
elderly_headed_hh,percentiles_96_99,1987,0.2,0.3,0.1,0.4,0.1
elderly_headed_hh,percentiles_96_99,1988,1.0,0.3,0.0,1.0,2.1
elderly_headed_hh,percentiles_96_99,1989,0.6,0.2,0.1,0.6,1.1
elderly_headed_hh,percentiles_96_99,1990,0.8,0.7,0.1,0.9,1.0
elderly_headed_hh,percentiles_96_99,1991,0.4,0.3,0.1,0.7,0.4
elderly_headed_hh,percentiles_96_99,1992,0.7,0.9,0.1,1.0,0.1
elderly_headed_hh,percentiles_96_99,1993,0.3,0.4,0.2,0.5,0.2
elderly_headed_hh,percentiles_96_99,1994,1.2,2.0,0.1,0.8,0.1
elderly_headed_hh,percentiles_96_99,1995,0.9,1.3,0.4,0.8,0.4
elderly_headed_hh,percentiles_96_99,1996,1.4,2.1,0.2,1.3,0.4
elderly_headed_hh,percentiles_96_99,1997,0.9,1.3,0.1,0.8,0.2
elderly_headed_hh,percentiles_96_99,1998,1.5,2.0,0.7,1.3,0.3
elderly_headed_hh,percentiles_96_99,1999,1.3,1.7,0.4,0.9,0.8
elderly_headed_hh,percentiles_96_99,2000,1.7,2.2,0.2,1.4,0.3
elderly_headed_hh,percentiles_96_99,2001,1.1,1.5,0.1,0.8,0.1
elderly_headed_hh,percentiles_96_99,2002,1.1,1.3,0.4,1.3,0.2
elderly_headed_hh,percentiles_96_99,2003,1.3,1.7,0.3,0.9,0.1
elderly_headed_hh,percentiles_96_99,2004,1.2,1.5,0.3,0.9,0.1
elderly_headed_hh,percentiles_96_99,2005,1.2,1.6,0.2,1.2,0.1
elderly_headed_hh,percentiles_96_99,2006,1.7,2.3,0.2,1.3,0.8
elderly_headed_hh,percentiles_96_99,2007,2.5,3.3,0.3,1.8,1.6
elderly_headed_hh,percentiles_96_99,2008,1.7,2.3,0.2,1.0,0.9
elderly_headed_hh,percentiles_96_99,2009,1.3,1.8,0.2,1.0,0.7
elderly_headed_hh,percentiles_96_99,2010,1.3,1.9,0.3,1.3,0.5
elderly_headed_hh,percentiles_96_99,2011,0.8,1.1,0.2,0.6,0.4
elderly_headed_hh,percentiles_96_99,2012,0.8,1.1,0.1,1.0,0.5
elderly_headed_hh,percentiles_96_99,2013,1.3,1.8,0.3,1.4,0.6
elderly_headed_hh,percentiles_96_99,2014,1.2,1.5,0.8,1.0,0.7
elderly_headed_hh,percentiles_96_99,2015,1.1,1.6,0.3,0.5,0.7
elderly_headed_hh,percentiles_96_99,2016,1.1,1.7,0.2,0.6,0.6
elderly_headed_hh,top_1_percent,1979,0.2,0.3,0.0,0.2,0.0
elderly_headed_hh,top_1_percent,1980,0.0,0.0,0.0,0.1,0.0
elderly_headed_hh,top_1_percent,1981,0.1,0.1,0.0,0.1,0.1
elderly_headed_hh,top_1_percent,1982,0.1,0.2,0.0,0.2,0.0
elderly_headed_hh,top_1_percent,1983,0.0,0.0,0.0,0.0,0.0
elderly_headed_hh,top_1_percent,1984,0.1,0.1,0.0,0.1,0.1
elderly_headed_hh,top_1_percent,1985,0.1,0.1,0.0,0.1,0.1
elderly_headed_hh,top_1_percent,1986,0.1,0.1,0.0,0.1,0.0
elderly_headed_hh,top_1_percent,1987,0.0,0.0,0.0,0.1,0.0
elderly_headed_hh,top_1_percent,1988,0.1,0.0,0.0,0.1,0.3
elderly_headed_hh,top_1_percent,1989,0.1,0.1,0.0,0.2,0.0
elderly_headed_hh,top_1_percent,1990,0.2,0.0,0.0,0.1,0.8
elderly_headed_hh,top_1_percent,1991,0.1,0.1,0.0,0.1,0.0
elderly_headed_hh,top_1_percent,1992,0.2,0.2,0.0,0.3,0.0
elderly_headed_hh,top_1_percent,1993,0.0,0.0,0.0,0.0,0.0
elderly_headed_hh,top_1_percent,1994,0.2,0.4,0.0,0.1,0.0
elderly_headed_hh,top_1_percent,1995,0.1,0.1,0.1,0.4,0.0
elderly_headed_hh,top_1_percent,1996,0.3,0.5,0.0,0.1,0.0
elderly_headed_hh,top_1_percent,1997,0.1,0.2,0.0,0.0,0.0
elderly_headed_hh,top_1_percent,1998,0.4,0.3,0.2,0.2,0.7
elderly_headed_hh,top_1_percent,1999,0.1,0.1,0.0,0.1,0.0
elderly_headed_hh,top_1_percent,2000,0.5,0.6,0.0,0.3,0.1
elderly_headed_hh,top_1_percent,2001,0.2,0.3,0.0,0.4,0.1
elderly_headed_hh,top_1_percent,2002,0.2,0.3,0.1,0.2,0.0
elderly_headed_hh,top_1_percent,2003,0.2,0.3,0.0,0.0,0.0
elderly_headed_hh,top_1_percent,2004,0.3,0.4,0.1,0.2,0.1
elderly_headed_hh,top_1_percent,2005,0.3,0.3,0.1,0.4,0.0
elderly_headed_hh,top_1_percent,2006,0.4,0.5,0.1,0.6,0.2
elderly_headed_hh,top_1_percent,2007,0.2,0.3,0.0,0.1,0.2
elderly_headed_hh,top_1_percent,2008,0.4,0.5,0.1,0.2,0.2
elderly_headed_hh,top_1_percent,2009,0.2,0.3,0.0,0.3,0.1
elderly_headed_hh,top_1_percent,2010,0.3,0.5,0.1,0.4,0.1
elderly_headed_hh,top_1_percent,2011,0.4,0.5,0.1,0.3,0.2
elderly_headed_hh,top_1_percent,2012,0.2,0.2,0.0,0.2,0.2
elderly_headed_hh,top_1_percent,2013,0.3,0.4,0.1,0.2,0.2
elderly_headed_hh,top_1_percent,2014,0.3,0.4,0.1,0.1,0.1
elderly_headed_hh,top_1_percent,2015,0.3,0.4,0.0,0.1,0.1
elderly_headed_hh,top_1_percent,2016,0.2,0.3,0.1,0.0,0.1
nonelderly_childless_hh,all_quintiles,1979,100.0,100.0,100.0,100.0,100.0
nonelderly_childless_hh,all_quintiles,1980,100.0,100.0,100.0,100.0,100.0
nonelderly_childless_hh,all_quintiles,1981,100.0,100.0,100.0,100.0,100.0
nonelderly_childless_hh,all_quintiles,1982,100.0,100.0,100.0,100.0,100.0
nonelderly_childless_hh,all_quintiles,1983,100.0,100.0,100.0,100.0,100.0
nonelderly_childless_hh,all_quintiles,1984,100.0,100.0,100.0,100.0,100.0
nonelderly_childless_hh,all_quintiles,1985,100.0,100.0,100.0,100.0,100.0
nonelderly_childless_hh,all_quintiles,1986,100.0,100.0,100.0,100.0,100.0
nonelderly_childless_hh,all_quintiles,1987,100.0,100.0,100.0,100.0,100.0
nonelderly_childless_hh,all_quintiles,1988,100.0,100.0,100.0,100.0,100.0
nonelderly_childless_hh,all_quintiles,1989,100.0,100.0,100.0,100.0,100.0
nonelderly_childless_hh,all_quintiles,1990,100.0,100.0,100.0,100.0,100.0
nonelderly_childless_hh,all_quintiles,1991,100.0,100.0,100.0,100.0,100.0
nonelderly_childless_hh,all_quintiles,1992,100.0,100.0,100.0,100.0,100.0
nonelderly_childless_hh,all_quintiles,1993,100.0,100.0,100.0,100.0,100.0
nonelderly_childless_hh,all_quintiles,1994,100.0,100.0,100.0,100.0,100.0
nonelderly_childless_hh,all_quintiles,1995,100.0,100.0,100.0,100.0,100.0
nonelderly_childless_hh,all_quintiles,1996,100.0,100.0,100.0,100.0,100.0
nonelderly_childless_hh,all_quintiles,1997,100.0,100.0,100.0,100.0,100.0
nonelderly_childless_hh,all_quintiles,1998,100.0,100.0,100.0,100.0,100.0
nonelderly_childless_hh,all_quintiles,1999,100.0,100.0,100.0,100.0,100.0
nonelderly_childless_hh,all_quintiles,2000,100.0,100.0,100.0,100.0,100.0
nonelderly_childless_hh,all_quintiles,2001,100.0,100.0,100.0,100.0,100.0
nonelderly_childless_hh,all_quintiles,2002,100.0,100.0,100.0,100.0,100.0
nonelderly_childless_hh,all_quintiles,2003,100.0,100.0,100.0,100.0,100.0
nonelderly_childless_hh,all_quintiles,2004,100.0,100.0,100.0,100.0,100.0
nonelderly_childless_hh,all_quintiles,2005,100.0,100.0,100.0,100.0,100.0
nonelderly_childless_hh,all_quintiles,2006,100.0,100.0,100.0,100.0,100.0
nonelderly_childless_hh,all_quintiles,2007,100.0,100.0,100.0,100.0,100.0
nonelderly_childless_hh,all_quintiles,2008,100.0,100.0,100.0,100.0,100.0
nonelderly_childless_hh,all_quintiles,2009,100.0,100.0,100.0,100.0,100.0
nonelderly_childless_hh,all_quintiles,2010,100.0,100.0,100.0,100.0,100.0
nonelderly_childless_hh,all_quintiles,2011,100.0,100.0,100.0,100.0,100.0
nonelderly_childless_hh,all_quintiles,2012,100.0,100.0,100.0,100.0,100.0
nonelderly_childless_hh,all_quintiles,2013,100.0,100.0,100.0,100.0,100.0
nonelderly_childless_hh,all_quintiles,2014,100.0,100.0,100.0,100.0,100.0
nonelderly_childless_hh,all_quintiles,2015,100.0,100.0,100.0,100.0,100.0
nonelderly_childless_hh,all_quintiles,2016,100.0,100.0,100.0,100.0,100.0
nonelderly_childless_hh,lowest_quintile,1979,35.8,35.0,52.7,29.9,38.7
nonelderly_childless_hh,lowest_quintile,1980,33.0,31.6,54.0,25.0,37.3
nonelderly_childless_hh,lowest_quintile,1981,35.9,33.6,58.2,27.5,39.5
nonelderly_childless_hh,lowest_quintile,1982,34.0,29.9,63.1,23.7,39.5
nonelderly_childless_hh,lowest_quintile,1983,32.7,30.0,59.3,21.8,38.6
nonelderly_childless_hh,lowest_quintile,1984,36.3,34.5,59.8,26.6,42.1
nonelderly_childless_hh,lowest_quintile,1985,33.2,30.1,63.0,24.1,37.6
nonelderly_childless_hh,lowest_quintile,1986,32.0,29.8,60.4,23.0,39.4
nonelderly_childless_hh,lowest_quintile,1987,24.4,22.5,52.5,16.4,30.3
nonelderly_childless_hh,lowest_quintile,1988,20.9,18.2,53.9,11.1,28.5
nonelderly_childless_hh,lowest_quintile,1989,19.2,17.5,49.4,10.1,26.0
nonelderly_childless_hh,lowest_quintile,1990,18.4,15.9,45.5,10.7,24.0
nonelderly_childless_hh,lowest_quintile,1991,17.4,14.3,42.4,12.2,21.9
nonelderly_childless_hh,lowest_quintile,1992,15.5,12.4,39.5,8.8,20.7
nonelderly_childless_hh,lowest_quintile,1993,15.8,12.7,39.4,9.6,21.3
nonelderly_childless_hh,lowest_quintile,1994,16.5,14.1,40.3,12.4,18.6
nonelderly_childless_hh,lowest_quintile,1995,17.7,16.7,42.7,12.4,17.5
nonelderly_childless_hh,lowest_quintile,1996,20.5,18.3,43.8,17.4,22.4
nonelderly_childless_hh,lowest_quintile,1997,20.5,19.1,41.1,18.2,22.0
nonelderly_childless_hh,lowest_quintile,1998,19.1,18.3,39.3,15.8,22.0
nonelderly_childless_hh,lowest_quintile,1999,19.0,18.2,35.6,16.0,23.7
nonelderly_childless_hh,lowest_quintile,2000,18.4,17.1,38.2,14.8,24.6
nonelderly_childless_hh,lowest_quintile,2001,17.0,15.7,38.2,13.4,24.0
nonelderly_childless_hh,lowest_quintile,2002,14.8,13.5,35.4,12.2,19.6
nonelderly_childless_hh,lowest_quintile,2003,15.0,13.9,40.2,9.3,20.2
nonelderly_childless_hh,lowest_quintile,2004,14.9,14.4,41.0,9.0,16.0
nonelderly_childless_hh,lowest_quintile,2005,16.6,14.8,43.2,12.2,21.5
nonelderly_childless_hh,lowest_quintile,2006,16.7,15.7,42.0,14.3,14.9
nonelderly_childless_hh,lowest_quintile,2007,18.2,17.4,41.9,15.1,16.9
nonelderly_childless_hh,lowest_quintile,2008,17.9,16.8,39.6,15.5,17.3
nonelderly_childless_hh,lowest_quintile,2009,16.3,14.1,40.8,12.0,17.0
nonelderly_childless_hh,lowest_quintile,2010,17.1,14.9,39.9,13.5,14.8
nonelderly_childless_hh,lowest_quintile,2011,18.2,14.5,45.7,13.8,18.1
nonelderly_childless_hh,lowest_quintile,2012,19.8,16.4,48.2,13.9,18.7
nonelderly_childless_hh,lowest_quintile,2013,19.5,16.7,46.4,13.9,17.1
nonelderly_childless_hh,lowest_quintile,2014,19.3,18.1,42.0,10.2,20.4
nonelderly_childless_hh,lowest_quintile,2015,22.0,21.2,44.1,13.4,21.3
nonelderly_childless_hh,lowest_quintile,2016,21.3,20.7,42.0,11.7,20.7
nonelderly_childless_hh,second_quintile,1979,32.7,31.6,28.2,32.9,37.1
nonelderly_childless_hh,second_quintile,1980,35.2,35.2,28.2,35.7,39.1
nonelderly_childless_hh,second_quintile,1981,31.4,30.6,24.7,31.7,37.3
nonelderly_childless_hh,second_quintile,1982,34.4,34.4,24.7,34.4,40.7
nonelderly_childless_hh,second_quintile,1983,34.6,34.2,24.0,35.4,40.2
nonelderly_childless_hh,second_quintile,1984,32.8,32.7,22.5,33.7,36.4
nonelderly_childless_hh,second_quintile,1985,35.7,35.8,24.8,33.8,43.5
nonelderly_childless_hh,second_quintile,1986,35.4,35.7,25.5,35.2,39.6
nonelderly_childless_hh,second_quintile,1987,37.2,38.6,27.7,37.4,38.4
nonelderly_childless_hh,second_quintile,1988,37.0,37.3,25.0,42.2,32.6
nonelderly_childless_hh,second_quintile,1989,36.3,36.0,29.0,37.0,38.6
nonelderly_childless_hh,second_quintile,1990,32.2,32.0,29.1,32.1,34.3
nonelderly_childless_hh,second_quintile,1991,32.4,31.9,30.1,32.0,35.8
nonelderly_childless_hh,second_quintile,1992,30.2,29.8,29.1,29.1,33.9
nonelderly_childless_hh,second_quintile,1993,29.4,29.1,26.9,28.6,32.8
nonelderly_childless_hh,second_quintile,1994,28.3,28.0,26.5,28.5,29.7
nonelderly_childless_hh,second_quintile,1995,27.4,26.4,25.6,28.4,29.9
nonelderly_childless_hh,second_quintile,1996,29.8,30.1,29.3,29.1,30.3
nonelderly_childless_hh,second_quintile,1997,30.2,29.0,28.8,30.6,34.4
nonelderly_childless_hh,second_quintile,1998,31.1,30.2,31.1,31.4,34.2
nonelderly_childless_hh,second_quintile,1999,29.3,28.8,32.9,30.2,29.1
nonelderly_childless_hh,second_quintile,2000,31.6,31.1,30.4,32.1,34.0
nonelderly_childless_hh,second_quintile,2001,28.9,28.4,30.0,28.9,31.2
nonelderly_childless_hh,second_quintile,2002,27.9,27.9,29.6,27.8,27.3
nonelderly_childless_hh,second_quintile,2003,25.4,25.1,25.4,25.6,26.5
nonelderly_childless_hh,second_quintile,2004,24.4,24.4,27.1,24.4,23.8
nonelderly_childless_hh,second_quintile,2005,25.6,25.5,24.5,24.8,28.0
nonelderly_childless_hh,second_quintile,2006,25.7,25.2,26.7,27.2,25.9
nonelderly_childless_hh,second_quintile,2007,25.1,24.4,26.1,26.8,26.5
nonelderly_childless_hh,second_quintile,2008,26.2,25.2,26.7,28.9,28.0
nonelderly_childless_hh,second_quintile,2009,23.8,23.4,24.7,25.1,23.8
nonelderly_childless_hh,second_quintile,2010,24.4,23.8,24.8,26.3,25.0
nonelderly_childless_hh,second_quintile,2011,25.6,25.8,23.9,26.8,24.7
nonelderly_childless_hh,second_quintile,2012,23.9,23.5,23.1,25.3,24.4
nonelderly_childless_hh,second_quintile,2013,26.2,25.8,24.5,28.9,26.2
nonelderly_childless_hh,second_quintile,2014,24.9,24.8,24.2,26.2,25.2
nonelderly_childless_hh,second_quintile,2015,25.5,25.2,23.5,26.3,28.1
nonelderly_childless_hh,second_quintile,2016,24.3,23.8,22.3,26.4,26.1
nonelderly_childless_hh,middle_quintile,1979,15.3,14.7,10.5,18.3,13.3
nonelderly_childless_hh,middle_quintile,1980,17.0,17.9,11.6,19.8,13.6
nonelderly_childless_hh,middle_quintile,1981,17.5,18.3,9.5,20.6,16.5
nonelderly_childless_hh,middle_quintile,1982,18.2,18.9,7.8,22.5,16.3
nonelderly_childless_hh,middle_quintile,1983,18.9,19.9,10.8,23.8,14.6
nonelderly_childless_hh,middle_quintile,1984,16.9,18.9,9.1,19.9,13.6
nonelderly_childless_hh,middle_quintile,1985,18.5,20.0,8.1,22.9,14.3
nonelderly_childless_hh,middle_quintile,1986,17.9,18.8,8.2,21.7,14.0
nonelderly_childless_hh,middle_quintile,1987,22.2,22.4,13.0,25.1,20.3
nonelderly_childless_hh,middle_quintile,1988,27.0,27.4,13.6,30.3,25.9
nonelderly_childless_hh,middle_quintile,1989,26.2,26.6,13.2,30.1,24.1
nonelderly_childless_hh,middle_quintile,1990,27.0,27.3,14.5,29.1,28.2
nonelderly_childless_hh,middle_quintile,1991,29.4,30.4,17.4,31.1,29.9
nonelderly_childless_hh,middle_quintile,1992,30.5,31.5,20.0,32.7,30.6
nonelderly_childless_hh,middle_quintile,1993,29.4,30.4,19.9,31.3,28.6
nonelderly_childless_hh,middle_quintile,1994,30.8,31.0,21.7,31.6,33.7
nonelderly_childless_hh,middle_quintile,1995,30.7,30.4,20.7,33.2,32.4
nonelderly_childless_hh,middle_quintile,1996,28.9,28.4,16.6,29.8,34.6
nonelderly_childless_hh,middle_quintile,1997,28.4,28.1,19.2,28.4,33.1
nonelderly_childless_hh,middle_quintile,1998,29.6,29.4,20.6,30.3,31.8
nonelderly_childless_hh,middle_quintile,1999,30.7,30.4,22.0,30.9,35.4
nonelderly_childless_hh,middle_quintile,2000,30.7,30.5,21.5,32.2,32.4
nonelderly_childless_hh,middle_quintile,2001,32.4,32.5,23.4,32.6,34.6
nonelderly_childless_hh,middle_quintile,2002,34.0,33.9,23.7,34.6,37.0
nonelderly_childless_hh,middle_quintile,2003,34.3,34.2,23.5,36.1,37.0
nonelderly_childless_hh,middle_quintile,2004,33.3,32.9,20.5,34.9,39.6
nonelderly_childless_hh,middle_quintile,2005,31.1,31.6,22.0,31.2,32.4
nonelderly_childless_hh,middle_quintile,2006,30.3,30.7,19.8,30.0,32.9
nonelderly_childless_hh,middle_quintile,2007,30.2,30.5,21.0,29.7,33.1
nonelderly_childless_hh,middle_quintile,2008,31.0,31.8,21.3,29.1,33.7
nonelderly_childless_hh,middle_quintile,2009,31.6,32.1,21.2,34.6,32.5
nonelderly_childless_hh,middle_quintile,2010,29.6,30.4,19.8,30.9,31.3
nonelderly_childless_hh,middle_quintile,2011,29.9,31.3,18.7,30.5,32.1
nonelderly_childless_hh,middle_quintile,2012,31.1,32.4,18.7,32.5,33.8
nonelderly_childless_hh,middle_quintile,2013,30.8,31.7,18.4,33.9,33.5
nonelderly_childless_hh,middle_quintile,2014,30.5,30.8,20.0,34.8,32.1
nonelderly_childless_hh,middle_quintile,2015,27.9,28.0,18.9,31.4,30.0
nonelderly_childless_hh,middle_quintile,2016,28.2,28.0,20.4,32.9,29.8
nonelderly_childless_hh,fourth_quintile,1979,9.7,10.9,5.1,11.2,7.2
nonelderly_childless_hh,fourth_quintile,1980,8.3,9.2,4.4,10.1,5.9
nonelderly_childless_hh,fourth_quintile,1981,8.4,10.1,4.1,10.4,4.9
nonelderly_childless_hh,fourth_quintile,1982,7.9,9.2,2.2,12.0,2.4
nonelderly_childless_hh,fourth_quintile,1983,8.7,10.4,2.2,12.8,3.6
nonelderly_childless_hh,fourth_quintile,1984,8.0,8.7,4.6,10.9,4.3
nonelderly_childless_hh,fourth_quintile,1985,7.3,8.7,2.2,10.6,2.7
nonelderly_childless_hh,fourth_quintile,1986,9.6,10.0,3.5,13.4,4.9
nonelderly_childless_hh,fourth_quintile,1987,9.5,10.0,3.3,12.7,5.5
nonelderly_childless_hh,fourth_quintile,1988,8.2,9.6,3.0,10.2,4.5
nonelderly_childless_hh,fourth_quintile,1989,10.9,11.6,3.9,14.1,6.9
nonelderly_childless_hh,fourth_quintile,1990,11.6,13.4,4.8,14.8,6.0
nonelderly_childless_hh,fourth_quintile,1991,12.6,14.4,6.0,14.7,7.8
nonelderly_childless_hh,fourth_quintile,1992,14.5,15.8,7.2,17.2,10.9
nonelderly_childless_hh,fourth_quintile,1993,15.2,16.7,8.8,17.3,11.2
nonelderly_childless_hh,fourth_quintile,1994,14.1,15.0,7.1,15.5,12.7
nonelderly_childless_hh,fourth_quintile,1995,16.8,17.9,7.8,17.8,15.9
nonelderly_childless_hh,fourth_quintile,1996,12.8,14.2,7.2,14.8,7.4
nonelderly_childless_hh,fourth_quintile,1997,13.5,14.8,7.1,14.8,8.6
nonelderly_childless_hh,fourth_quintile,1998,13.5,13.9,6.2,15.3,10.6
nonelderly_childless_hh,fourth_quintile,1999,13.8,14.8,7.5,14.7,8.9
nonelderly_childless_hh,fourth_quintile,2000,13.4,14.5,8.0,14.4,7.1
nonelderly_childless_hh,fourth_quintile,2001,14.9,15.8,6.9,17.6,7.8
nonelderly_childless_hh,fourth_quintile,2002,16.4,16.9,7.6,18.0,13.9
nonelderly_childless_hh,fourth_quintile,2003,17.6,18.4,8.6,19.7,13.4
nonelderly_childless_hh,fourth_quintile,2004,20.4,21.1,8.7,22.8,17.2
nonelderly_childless_hh,fourth_quintile,2005,18.6,19.2,7.9,21.3,15.7
nonelderly_childless_hh,fourth_quintile,2006,20.0,20.3,8.0,20.1,22.6
nonelderly_childless_hh,fourth_quintile,2007,19.2,19.7,8.6,20.0,19.4
nonelderly_childless_hh,fourth_quintile,2008,18.1,18.9,9.7,18.9,16.7
nonelderly_childless_hh,fourth_quintile,2009,20.5,21.4,10.2,20.9,22.6
nonelderly_childless_hh,fourth_quintile,2010,21.7,22.8,11.6,21.1,25.3
nonelderly_childless_hh,fourth_quintile,2011,19.5,20.5,9.4,21.5,21.3
nonelderly_childless_hh,fourth_quintile,2012,18.2,19.5,7.7,19.7,19.3
nonelderly_childless_hh,fourth_quintile,2013,17.7,19.3,7.5,17.4,19.3
nonelderly_childless_hh,fourth_quintile,2014,18.1,18.5,10.3,21.4,17.9
nonelderly_childless_hh,fourth_quintile,2015,18.0,18.6,10.0,21.2,16.0
nonelderly_childless_hh,fourth_quintile,2016,18.9,19.3,11.4,20.8,19.0
nonelderly_childless_hh,highest_quintile,1979,6.3,7.3,2.7,7.7,3.4
nonelderly_childless_hh,highest_quintile,1980,6.1,5.7,1.3,9.0,4.0
nonelderly_childless_hh,highest_quintile,1981,6.0,6.7,1.4,9.3,1.5
nonelderly_childless_hh,highest_quintile,1982,5.0,6.9,0.7,7.1,0.7
nonelderly_childless_hh,highest_quintile,1983,4.1,4.9,0.6,5.6,2.6
nonelderly_childless_hh,highest_quintile,1984,5.1,4.2,1.8,8.3,2.9
nonelderly_childless_hh,highest_quintile,1985,4.9,4.9,1.0,8.3,1.7
nonelderly_childless_hh,highest_quintile,1986,4.4,5.1,1.0,6.1,1.6
nonelderly_childless_hh,highest_quintile,1987,5.5,5.2,2.0,7.3,4.2
nonelderly_childless_hh,highest_quintile,1988,5.9,6.5,1.8,5.2,7.4
nonelderly_childless_hh,highest_quintile,1989,6.3,7.4,1.9,7.6,3.5
nonelderly_childless_hh,highest_quintile,1990,8.8,9.7,3.1,11.1,5.7
nonelderly_childless_hh,highest_quintile,1991,6.8,7.9,2.0,8.6,3.2
nonelderly_childless_hh,highest_quintile,1992,8.0,9.3,2.2,10.9,2.9
nonelderly_childless_hh,highest_quintile,1993,9.1,10.3,3.0,12.4,4.2
nonelderly_childless_hh,highest_quintile,1994,9.4,11.3,2.7,11.0,4.3
nonelderly_childless_hh,highest_quintile,1995,6.5,7.9,2.1,7.4,2.7
nonelderly_childless_hh,highest_quintile,1996,7.6,8.6,2.4,8.5,5.0
nonelderly_childless_hh,highest_quintile,1997,6.7,8.3,2.1,7.4,1.5
nonelderly_childless_hh,highest_quintile,1998,6.4,7.8,2.0,6.8,1.1
nonelderly_childless_hh,highest_quintile,1999,6.5,7.3,1.3,7.7,1.8
nonelderly_childless_hh,highest_quintile,2000,5.7,6.5,1.3,6.3,1.6
nonelderly_childless_hh,highest_quintile,2001,6.1,7.0,1.0,6.7,2.0
nonelderly_childless_hh,highest_quintile,2002,6.4,7.3,2.4,6.7,1.8
nonelderly_childless_hh,highest_quintile,2003,6.8,7.5,1.3,8.1,2.0
nonelderly_childless_hh,highest_quintile,2004,6.7,7.1,2.1,8.8,3.1
nonelderly_childless_hh,highest_quintile,2005,7.5,8.3,1.3,9.8,1.7
nonelderly_childless_hh,highest_quintile,2006,6.7,7.5,2.1,8.0,3.2
nonelderly_childless_hh,highest_quintile,2007,6.7,7.4,1.6,7.6,3.4
nonelderly_childless_hh,highest_quintile,2008,6.0,6.6,1.6,6.9,3.4
nonelderly_childless_hh,highest_quintile,2009,7.1,8.5,1.9,6.7,3.6
nonelderly_childless_hh,highest_quintile,2010,6.6,7.6,2.9,7.6,3.3
nonelderly_childless_hh,highest_quintile,2011,6.1,7.4,1.5,6.8,3.1
nonelderly_childless_hh,highest_quintile,2012,6.6,7.7,1.5,8.2,3.4
nonelderly_childless_hh,highest_quintile,2013,5.2,6.0,2.0,5.3,3.3
nonelderly_childless_hh,highest_quintile,2014,6.3,7.1,2.5,7.0,3.6
nonelderly_childless_hh,highest_quintile,2015,6.0,6.4,2.6,7.1,3.9
nonelderly_childless_hh,highest_quintile,2016,6.9,7.7,2.9,7.7,3.8
nonelderly_childless_hh,percentiles_81_90,1979,4.0,4.4,1.9,5.3,2.0
nonelderly_childless_hh,percentiles_81_90,1980,3.6,3.5,0.9,4.9,3.0
nonelderly_childless_hh,percentiles_81_90,1981,3.6,3.7,0.9,5.8,1.1
nonelderly_childless_hh,percentiles_81_90,1982,2.8,3.6,0.5,4.5,0.3
nonelderly_childless_hh,percentiles_81_90,1983,2.3,2.8,0.2,2.7,2.1
nonelderly_childless_hh,percentiles_81_90,1984,3.0,2.6,0.8,4.7,2.1
nonelderly_childless_hh,percentiles_81_90,1985,2.8,2.8,0.7,4.9,0.7
nonelderly_childless_hh,percentiles_81_90,1986,2.6,3.0,0.5,3.7,0.9
nonelderly_childless_hh,percentiles_81_90,1987,2.9,2.9,0.8,4.0,1.8
nonelderly_childless_hh,percentiles_81_90,1988,2.6,3.4,0.8,3.1,0.9
nonelderly_childless_hh,percentiles_81_90,1989,3.5,4.3,0.9,4.5,1.0
nonelderly_childless_hh,percentiles_81_90,1990,4.6,5.4,1.4,5.9,2.2
nonelderly_childless_hh,percentiles_81_90,1991,3.7,4.4,1.2,4.2,2.2
nonelderly_childless_hh,percentiles_81_90,1992,4.4,5.0,1.2,5.9,2.2
nonelderly_childless_hh,percentiles_81_90,1993,6.0,6.8,1.6,8.2,2.6
nonelderly_childless_hh,percentiles_81_90,1994,5.5,6.7,1.6,6.6,2.1
nonelderly_childless_hh,percentiles_81_90,1995,3.5,4.2,1.3,4.1,1.5
nonelderly_childless_hh,percentiles_81_90,1996,4.2,4.6,1.9,4.6,3.4
nonelderly_childless_hh,percentiles_81_90,1997,3.9,4.8,1.3,4.4,0.6
nonelderly_childless_hh,percentiles_81_90,1998,3.9,4.7,1.2,4.1,0.8
nonelderly_childless_hh,percentiles_81_90,1999,4.3,4.8,0.7,5.3,1.2
nonelderly_childless_hh,percentiles_81_90,2000,3.4,3.9,1.0,3.7,0.5
nonelderly_childless_hh,percentiles_81_90,2001,3.4,3.8,0.7,3.8,1.4
nonelderly_childless_hh,percentiles_81_90,2002,4.2,4.8,1.8,4.6,1.1
nonelderly_childless_hh,percentiles_81_90,2003,4.2,4.5,1.0,5.4,1.4
nonelderly_childless_hh,percentiles_81_90,2004,4.8,5.1,1.2,6.0,2.5
nonelderly_childless_hh,percentiles_81_90,2005,4.7,5.3,0.6,6.1,0.8
nonelderly_childless_hh,percentiles_81_90,2006,4.3,4.8,1.5,4.8,2.3
nonelderly_childless_hh,percentiles_81_90,2007,4.6,5.0,1.1,5.4,2.4
nonelderly_childless_hh,percentiles_81_90,2008,3.7,4.2,0.9,4.2,1.6
nonelderly_childless_hh,percentiles_81_90,2009,4.5,5.4,1.3,4.5,2.5
nonelderly_childless_hh,percentiles_81_90,2010,4.2,4.9,1.9,4.4,2.3
nonelderly_childless_hh,percentiles_81_90,2011,4.2,5.0,1.1,4.9,2.2
nonelderly_childless_hh,percentiles_81_90,2012,4.3,5.0,0.9,5.5,2.3
nonelderly_childless_hh,percentiles_81_90,2013,3.6,4.1,1.6,4.0,2.3
nonelderly_childless_hh,percentiles_81_90,2014,4.2,4.7,1.5,4.8,2.5
nonelderly_childless_hh,percentiles_81_90,2015,3.8,4.0,1.5,4.9,2.7
nonelderly_childless_hh,percentiles_81_90,2016,4.5,5.0,1.8,4.9,2.5
nonelderly_childless_hh,percentiles_91_95,1979,1.1,1.4,0.5,1.2,0.7
nonelderly_childless_hh,percentiles_91_95,1980,1.5,1.4,0.2,2.3,0.6
nonelderly_childless_hh,percentiles_91_95,1981,1.4,1.8,0.2,2.0,0.3
nonelderly_childless_hh,percentiles_91_95,1982,1.2,1.8,0.1,1.6,0.1
nonelderly_childless_hh,percentiles_91_95,1983,1.1,1.5,0.1,1.7,0.3
nonelderly_childless_hh,percentiles_91_95,1984,1.0,0.9,0.7,1.7,0.2
nonelderly_childless_hh,percentiles_91_95,1985,1.3,1.4,0.0,2.2,0.5
nonelderly_childless_hh,percentiles_91_95,1986,1.2,1.4,0.3,1.7,0.4
nonelderly_childless_hh,percentiles_91_95,1987,1.1,0.9,0.5,1.4,1.4
nonelderly_childless_hh,percentiles_91_95,1988,1.0,1.2,0.4,1.0,0.7
nonelderly_childless_hh,percentiles_91_95,1989,1.5,1.8,0.4,1.7,0.9
nonelderly_childless_hh,percentiles_91_95,1990,2.6,2.7,0.9,3.2,2.5
nonelderly_childless_hh,percentiles_91_95,1991,2.1,2.2,0.4,3.1,0.6
nonelderly_childless_hh,percentiles_91_95,1992,2.6,3.1,0.6,3.7,0.4
nonelderly_childless_hh,percentiles_91_95,1993,1.7,2.1,0.7,2.3,0.7
nonelderly_childless_hh,percentiles_91_95,1994,2.5,2.8,0.6,2.9,1.8
nonelderly_childless_hh,percentiles_91_95,1995,1.9,2.4,0.4,2.3,0.5
nonelderly_childless_hh,percentiles_91_95,1996,2.3,2.8,0.1,3.2,0.4
nonelderly_childless_hh,percentiles_91_95,1997,1.8,2.2,0.4,1.9,0.6
nonelderly_childless_hh,percentiles_91_95,1998,1.6,1.8,0.6,1.9,0.2
nonelderly_childless_hh,percentiles_91_95,1999,1.1,1.3,0.4,1.3,0.4
nonelderly_childless_hh,percentiles_91_95,2000,1.4,1.5,0.2,1.6,0.6
nonelderly_childless_hh,percentiles_91_95,2001,1.5,1.8,0.1,1.3,0.3
nonelderly_childless_hh,percentiles_91_95,2002,1.4,1.6,0.2,1.4,0.5
nonelderly_childless_hh,percentiles_91_95,2003,1.8,2.2,0.1,1.7,0.3
nonelderly_childless_hh,percentiles_91_95,2004,1.2,1.2,0.5,1.6,0.3
nonelderly_childless_hh,percentiles_91_95,2005,1.8,1.9,0.3,2.5,0.4
nonelderly_childless_hh,percentiles_91_95,2006,1.6,1.8,0.2,2.3,0.5
nonelderly_childless_hh,percentiles_91_95,2007,1.3,1.5,0.2,1.5,0.7
nonelderly_childless_hh,percentiles_91_95,2008,1.5,1.5,0.4,1.8,1.4
nonelderly_childless_hh,percentiles_91_95,2009,1.4,1.7,0.3,1.3,0.8
nonelderly_childless_hh,percentiles_91_95,2010,1.7,1.9,0.7,2.3,0.6
nonelderly_childless_hh,percentiles_91_95,2011,1.0,1.3,0.3,0.8,0.5
nonelderly_childless_hh,percentiles_91_95,2012,1.4,1.7,0.3,1.6,0.8
nonelderly_childless_hh,percentiles_91_95,2013,1.0,1.3,0.3,1.0,0.6
nonelderly_childless_hh,percentiles_91_95,2014,1.3,1.4,0.5,1.4,0.7
nonelderly_childless_hh,percentiles_91_95,2015,1.3,1.4,0.7,1.3,0.7
nonelderly_childless_hh,percentiles_91_95,2016,1.5,1.7,0.8,1.6,0.9
nonelderly_childless_hh,percentiles_96_99,1979,1.0,1.4,0.3,1.2,0.6
nonelderly_childless_hh,percentiles_96_99,1980,0.9,0.6,0.1,1.5,0.4
nonelderly_childless_hh,percentiles_96_99,1981,0.8,0.9,0.3,1.2,0.1
nonelderly_childless_hh,percentiles_96_99,1982,0.7,1.2,0.0,0.8,0.2
nonelderly_childless_hh,percentiles_96_99,1983,0.6,0.6,0.1,1.2,0.1
nonelderly_childless_hh,percentiles_96_99,1984,0.8,0.5,0.2,1.4,0.3
nonelderly_childless_hh,percentiles_96_99,1985,0.7,0.7,0.2,1.1,0.4
nonelderly_childless_hh,percentiles_96_99,1986,0.5,0.7,0.1,0.6,0.2
nonelderly_childless_hh,percentiles_96_99,1987,1.2,1.0,0.6,1.7,0.9
nonelderly_childless_hh,percentiles_96_99,1988,2.1,1.6,0.5,0.9,5.6
nonelderly_childless_hh,percentiles_96_99,1989,1.1,1.0,0.4,1.2,1.4
nonelderly_childless_hh,percentiles_96_99,1990,1.3,1.4,0.7,1.8,0.9
nonelderly_childless_hh,percentiles_96_99,1991,0.8,1.0,0.2,1.0,0.3
nonelderly_childless_hh,percentiles_96_99,1992,0.9,1.1,0.4,1.2,0.3
nonelderly_childless_hh,percentiles_96_99,1993,1.1,1.1,0.6,1.5,0.9
nonelderly_childless_hh,percentiles_96_99,1994,1.1,1.5,0.3,1.3,0.3
nonelderly_childless_hh,percentiles_96_99,1995,0.9,1.2,0.3,0.9,0.6
nonelderly_childless_hh,percentiles_96_99,1996,0.9,1.1,0.2,0.6,1.1
nonelderly_childless_hh,percentiles_96_99,1997,0.9,1.2,0.3,0.9,0.2
nonelderly_childless_hh,percentiles_96_99,1998,0.8,1.0,0.2,0.7,0.2
nonelderly_childless_hh,percentiles_96_99,1999,0.9,1.1,0.2,0.9,0.1
nonelderly_childless_hh,percentiles_96_99,2000,0.8,0.9,0.1,0.8,0.4
nonelderly_childless_hh,percentiles_96_99,2001,1.1,1.1,0.1,1.5,0.3
nonelderly_childless_hh,percentiles_96_99,2002,0.6,0.7,0.4,0.4,0.2
nonelderly_childless_hh,percentiles_96_99,2003,0.6,0.7,0.1,0.8,0.1
nonelderly_childless_hh,percentiles_96_99,2004,0.7,0.7,0.4,1.0,0.2
nonelderly_childless_hh,percentiles_96_99,2005,0.9,0.9,0.3,1.0,0.4
nonelderly_childless_hh,percentiles_96_99,2006,0.7,0.7,0.3,0.8,0.3
nonelderly_childless_hh,percentiles_96_99,2007,0.6,0.7,0.2,0.5,0.2
nonelderly_childless_hh,percentiles_96_99,2008,0.7,0.8,0.3,0.8,0.4
nonelderly_childless_hh,percentiles_96_99,2009,1.0,1.2,0.3,0.9,0.3
nonelderly_childless_hh,percentiles_96_99,2010,0.5,0.6,0.2,0.7,0.3
nonelderly_childless_hh,percentiles_96_99,2011,0.8,1.0,0.1,0.9,0.3
nonelderly_childless_hh,percentiles_96_99,2012,0.7,0.8,0.2,0.7,0.3
nonelderly_childless_hh,percentiles_96_99,2013,0.4,0.5,0.1,0.3,0.3
nonelderly_childless_hh,percentiles_96_99,2014,0.7,0.8,0.3,0.6,0.3
nonelderly_childless_hh,percentiles_96_99,2015,0.7,0.8,0.3,0.8,0.4
nonelderly_childless_hh,percentiles_96_99,2016,0.8,0.9,0.3,1.1,0.3
nonelderly_childless_hh,top_1_percent,1979,0.1,0.2,0.1,0.1,0.1
nonelderly_childless_hh,top_1_percent,1980,0.2,0.1,0.0,0.3,0.0
nonelderly_childless_hh,top_1_percent,1981,0.2,0.3,0.1,0.3,0.0
nonelderly_childless_hh,top_1_percent,1982,0.2,0.3,0.1,0.3,0.0
nonelderly_childless_hh,top_1_percent,1983,0.1,0.0,0.1,0.1,0.1
nonelderly_childless_hh,top_1_percent,1984,0.3,0.2,0.1,0.5,0.2
nonelderly_childless_hh,top_1_percent,1985,0.1,0.1,0.0,0.2,0.1
nonelderly_childless_hh,top_1_percent,1986,0.0,0.0,0.0,0.0,0.1
nonelderly_childless_hh,top_1_percent,1987,0.3,0.3,0.1,0.3,0.2
nonelderly_childless_hh,top_1_percent,1988,0.2,0.3,0.1,0.1,0.2
nonelderly_childless_hh,top_1_percent,1989,0.2,0.3,0.2,0.1,0.2
nonelderly_childless_hh,top_1_percent,1990,0.2,0.2,0.1,0.3,0.1
nonelderly_childless_hh,top_1_percent,1991,0.2,0.3,0.2,0.3,0.1
nonelderly_childless_hh,top_1_percent,1992,0.1,0.1,0.0,0.1,0.1
nonelderly_childless_hh,top_1_percent,1993,0.3,0.3,0.1,0.4,0.1
nonelderly_childless_hh,top_1_percent,1994,0.2,0.3,0.1,0.2,0.2
nonelderly_childless_hh,top_1_percent,1995,0.1,0.1,0.1,0.1,0.1
nonelderly_childless_hh,top_1_percent,1996,0.1,0.1,0.1,0.1,0.1
nonelderly_childless_hh,top_1_percent,1997,0.1,0.1,0.1,0.1,0.0
nonelderly_childless_hh,top_1_percent,1998,0.1,0.2,0.0,0.1,0.0
nonelderly_childless_hh,top_1_percent,1999,0.1,0.1,0.0,0.2,0.0
nonelderly_childless_hh,top_1_percent,2000,0.2,0.2,0.0,0.2,0.1
nonelderly_childless_hh,top_1_percent,2001,0.1,0.1,0.0,0.1,0.1
nonelderly_childless_hh,top_1_percent,2002,0.2,0.2,0.1,0.3,0.1
nonelderly_childless_hh,top_1_percent,2003,0.1,0.1,0.1,0.2,0.1
nonelderly_childless_hh,top_1_percent,2004,0.1,0.1,0.1,0.1,0.1
nonelderly_childless_hh,top_1_percent,2005,0.1,0.2,0.1,0.1,0.1
nonelderly_childless_hh,top_1_percent,2006,0.1,0.1,0.1,0.1,0.1
nonelderly_childless_hh,top_1_percent,2007,0.2,0.2,0.1,0.2,0.1
nonelderly_childless_hh,top_1_percent,2008,0.1,0.1,0.0,0.1,0.1
nonelderly_childless_hh,top_1_percent,2009,0.1,0.1,0.0,0.1,0.0
nonelderly_childless_hh,top_1_percent,2010,0.1,0.2,0.1,0.1,0.1
nonelderly_childless_hh,top_1_percent,2011,0.1,0.2,0.1,0.2,0.1
nonelderly_childless_hh,top_1_percent,2012,0.2,0.2,0.0,0.4,0.0
nonelderly_childless_hh,top_1_percent,2013,0.1,0.2,0.0,0.0,0.1
nonelderly_childless_hh,top_1_percent,2014,0.1,0.1,0.2,0.1,0.1
nonelderly_childless_hh,top_1_percent,2015,0.1,0.2,0.1,0.1,0.1
nonelderly_childless_hh,top_1_percent,2016,0.1,0.2,0.0,0.1,0.1
