household_type,income_group,year,federal_tax,individual_income_tax,payroll_tax,corporate_income_tax,excise_tax
all_households,all_quintiles,1979,22.4,11.1,6.9,3.4,1.0
all_households,all_quintiles,1980,22.4,11.8,7.0,2.8,0.8
all_households,all_quintiles,1981,22.6,12.1,7.5,2.2,0.8
all_households,all_quintiles,1982,20.8,11.1,7.6,1.4,0.8
all_households,all_quintiles,1983,20.5,10.3,7.5,1.8,0.9
all_households,all_quintiles,1984,20.8,10.1,7.7,2.0,1.0
all_households,all_quintiles,1985,20.9,10.2,7.9,1.9,0.9
all_households,all_quintiles,1986,21.0,10.4,7.8,1.9,0.9
all_households,all_quintiles,1987,21.8,10.3,8.1,2.4,0.9
all_households,all_quintiles,1988,21.9,10.5,8.2,2.4,0.9
all_households,all_quintiles,1989,21.6,10.3,8.2,2.3,0.8
all_households,all_quintiles,1990,21.7,10.2,8.4,2.2,0.9
all_households,all_quintiles,1991,21.6,9.9,8.7,2.0,1.0
all_households,all_quintiles,1992,21.6,10.0,8.5,2.2,1.0
all_households,all_quintiles,1993,22.1,10.1,8.5,2.5,1.0
all_households,all_quintiles,1994,22.5,10.1,8.6,2.7,1.1
all_households,all_quintiles,1995,22.7,10.3,8.5,2.8,1.0
all_households,all_quintiles,1996,22.9,10.7,8.3,2.9,0.9
all_households,all_quintiles,1997,23.0,11.1,8.2,2.9,0.9
all_households,all_quintiles,1998,22.7,11.0,8.2,2.6,0.9
all_households,all_quintiles,1999,23.1,11.5,8.1,2.5,1.0
all_households,all_quintiles,2000,23.1,11.8,8.0,2.4,0.9
all_households,all_quintiles,2001,21.6,10.5,8.5,1.8,0.9
all_households,all_quintiles,2002,20.8,9.7,8.5,1.6,0.9
all_households,all_quintiles,2003,19.9,8.5,8.4,2.2,0.8
all_households,all_quintiles,2004,20.3,8.8,8.1,2.6,0.8
all_households,all_quintiles,2005,20.8,9.1,7.7,3.3,0.8
all_households,all_quintiles,2006,20.9,9.2,7.5,3.5,0.7
all_households,all_quintiles,2007,20.5,9.4,7.5,3.0,0.6
all_households,all_quintiles,2008,18.5,8.0,8.0,1.9,0.6
all_households,all_quintiles,2009,17.9,7.5,8.3,1.5,0.6
all_households,all_quintiles,2010,18.6,7.9,7.9,2.1,0.6
all_households,all_quintiles,2011,18.3,8.7,6.9,2.0,0.7
all_households,all_quintiles,2012,18.9,9.2,6.7,2.3,0.7
all_households,all_quintiles,2013,20.7,9.6,7.9,2.5,0.7
all_households,all_quintiles,2014,21.2,10.0,7.7,2.7,0.7
all_households,all_quintiles,2015,21.1,10.1,7.8,2.5,0.7
all_households,all_quintiles,2016,21.0,10.0,7.8,2.5,0.7
all_households,lowest_quintile,1979,11.6,1.0,7.1,1.7,1.8
all_households,lowest_quintile,1980,11.7,1.5,7.4,1.4,1.5
all_households,lowest_quintile,1981,12.8,1.9,8.3,1.1,1.4
all_households,lowest_quintile,1982,12.6,1.7,8.6,0.7,1.6
all_households,lowest_quintile,1983,13.8,1.6,9.0,1.0,2.2
all_households,lowest_quintile,1984,14.6,1.9,9.1,1.1,2.4
all_households,lowest_quintile,1985,14.9,1.9,9.7,1.0,2.4
all_households,lowest_quintile,1986,14.5,1.6,9.6,1.0,2.2
all_households,lowest_quintile,1987,13.3,0.2,9.5,1.3,2.3
all_households,lowest_quintile,1988,13.1,-0.3,9.9,1.2,2.2
all_households,lowest_quintile,1989,12.4,-0.7,10.0,1.2,1.9
all_households,lowest_quintile,1990,13.8,0.3,10.4,1.1,2.0
all_households,lowest_quintile,1991,13.6,-0.2,10.5,1.0,2.2
all_households,lowest_quintile,1992,13.3,-0.6,10.5,1.1,2.3
all_households,lowest_quintile,1993,13.6,-0.7,10.6,1.3,2.5
all_households,lowest_quintile,1994,12.2,-2.1,10.4,1.3,2.6
all_households,lowest_quintile,1995,12.1,-2.4,10.7,1.4,2.4
all_households,lowest_quintile,1996,11.6,-2.8,10.8,1.4,2.2
all_households,lowest_quintile,1997,11.9,-2.4,10.8,1.4,2.2
all_households,lowest_quintile,1998,11.3,-3.0,10.9,1.2,2.1
all_households,lowest_quintile,1999,11.4,-2.7,10.6,1.2,2.3
all_households,lowest_quintile,2000,10.8,-3.1,10.8,1.1,2.1
all_households,lowest_quintile,2001,9.7,-4.0,10.7,0.8,2.2
all_households,lowest_quintile,2002,9.4,-4.1,10.6,0.8,2.2
all_households,lowest_quintile,2003,9.1,-4.4,10.3,1.0,2.2
all_households,lowest_quintile,2004,8.9,-4.4,10.3,1.1,1.9
all_households,lowest_quintile,2005,9.3,-4.6,10.4,1.4,2.0
all_households,lowest_quintile,2006,9.6,-4.8,10.8,1.6,2.0
all_households,lowest_quintile,2007,9.1,-4.6,10.8,1.3,1.5
all_households,lowest_quintile,2008,5.4,-7.8,10.7,0.8,1.7
all_households,lowest_quintile,2009,4.8,-8.2,10.6,0.7,1.7
all_households,lowest_quintile,2010,5.5,-7.8,10.5,0.9,1.9
all_households,lowest_quintile,2011,5.7,-6.2,9.1,0.9,2.0
all_households,lowest_quintile,2012,5.8,-6.3,9.1,1.0,2.0
all_households,lowest_quintile,2013,7.6,-6.2,10.6,1.1,2.1
all_households,lowest_quintile,2014,7.9,-5.9,10.6,1.1,2.1
all_households,lowest_quintile,2015,7.7,-5.6,10.3,1.0,1.9
all_households,lowest_quintile,2016,8.0,-5.1,10.3,1.0,1.8
all_households,second_quintile,1979,16.0,4.8,8.1,1.8,1.3
all_households,second_quintile,1980,15.8,5.2,8.0,1.4,1.1
all_households,second_quintile,1981,16.4,5.7,8.7,1.1,1.0
all_households,second_quintile,1982,15.3,5.0,8.6,0.6,1.1
all_households,second_quintile,1983,15.2,4.5,8.5,0.8,1.3
all_households,second_quintile,1984,16.0,4.7,8.9,1.0,1.4
all_households,second_quintile,1985,16.0,4.6,9.2,0.9,1.4
all_households,second_quintile,1986,16.1,4.6,9.3,0.9,1.3
all_households,second_quintile,1987,15.4,3.8,9.1,1.2,1.4
all_households,second_quintile,1988,15.7,3.7,9.5,1.2,1.4
all_households,second_quintile,1989,15.5,3.6,9.5,1.1,1.2
all_households,second_quintile,1990,16.2,4.0,9.9,1.0,1.3
all_households,second_quintile,1991,15.8,3.6,9.8,0.9,1.5
all_households,second_quintile,1992,15.6,3.4,9.7,1.0,1.5
all_households,second_quintile,1993,15.5,3.2,9.5,1.2,1.6
all_households,second_quintile,1994,15.2,2.7,9.5,1.2,1.7
all_households,second_quintile,1995,15.4,2.8,9.7,1.3,1.6
all_households,second_quintile,1996,15.3,2.6,9.8,1.3,1.5
all_households,second_quintile,1997,15.5,2.8,10.0,1.2,1.5
all_households,second_quintile,1998,14.9,2.3,10.0,1.1,1.5
all_households,second_quintile,1999,15.0,2.2,10.1,1.1,1.6
all_households,second_quintile,2000,15.0,2.4,10.1,1.1,1.4
all_households,second_quintile,2001,13.3,1.1,10.0,0.8,1.4
all_households,second_quintile,2002,12.7,0.7,9.9,0.7,1.4
all_households,second_quintile,2003,11.8,-0.1,9.7,0.9,1.4
all_households,second_quintile,2004,12.1,0.1,9.6,1.0,1.3
all_households,second_quintile,2005,12.1,-0.1,9.6,1.3,1.3
all_households,second_quintile,2006,12.4,0.1,9.7,1.4,1.2
all_households,second_quintile,2007,12.7,0.5,9.9,1.2,1.0
all_households,second_quintile,2008,9.4,-2.2,9.8,0.8,1.0
all_households,second_quintile,2009,9.0,-2.2,9.5,0.6,1.0
all_households,second_quintile,2010,9.3,-2.0,9.4,0.8,1.1
all_households,second_quintile,2011,9.2,-0.9,8.2,0.8,1.1
all_households,second_quintile,2012,9.4,-0.8,8.2,0.9,1.2
all_households,second_quintile,2013,11.0,-0.7,9.5,1.0,1.2
all_households,second_quintile,2014,11.1,-0.8,9.5,1.0,1.3
all_households,second_quintile,2015,11.1,-0.6,9.6,0.9,1.2
all_households,second_quintile,2016,11.4,-0.3,9.6,0.9,1.2
all_households,middle_quintile,1979,19.4,7.7,8.6,1.9,1.1
all_households,middle_quintile,1980,19.5,8.3,8.7,1.6,0.9
all_households,middle_quintile,1981,20.1,8.7,9.3,1.2,0.9
all_households,middle_quintile,1982,18.7,7.9,9.2,0.8,0.9
all_households,middle_quintile,1983,18.0,7.0,9.0,1.0,1.0
all_households,middle_quintile,1984,18.6,7.0,9.4,1.2,1.1
all_households,middle_quintile,1985,18.8,6.9,9.7,1.1,1.1
all_households,middle_quintile,1986,18.8,6.8,9.8,1.1,1.0
all_households,middle_quintile,1987,18.1,6.0,9.6,1.4,1.1
all_households,middle_quintile,1988,18.6,6.1,10.0,1.4,1.1
all_households,middle_quintile,1989,18.5,6.1,10.1,1.3,1.0
all_households,middle_quintile,1990,18.6,6.2,10.1,1.2,1.0
all_households,middle_quintile,1991,18.4,6.0,10.0,1.2,1.2
all_households,middle_quintile,1992,18.0,5.7,9.9,1.2,1.2
all_households,middle_quintile,1993,18.0,5.6,9.9,1.4,1.2
all_households,middle_quintile,1994,18.1,5.5,9.9,1.5,1.3
all_households,middle_quintile,1995,18.2,5.4,9.9,1.6,1.3
all_households,middle_quintile,1996,18.2,5.5,10.0,1.5,1.2
all_households,middle_quintile,1997,18.3,5.7,10.0,1.5,1.1
all_households,middle_quintile,1998,17.7,5.2,10.0,1.4,1.2
all_households,middle_quintile,1999,17.8,5.2,10.1,1.4,1.3
all_households,middle_quintile,2000,17.6,5.2,10.0,1.3,1.2
all_households,middle_quintile,2001,16.2,4.1,10.0,0.9,1.1
all_households,middle_quintile,2002,15.6,3.8,9.9,0.8,1.1
all_households,middle_quintile,2003,14.8,3.1,9.7,1.0,1.1
all_households,middle_quintile,2004,15.0,3.1,9.6,1.2,1.0
all_households,middle_quintile,2005,15.3,3.2,9.6,1.5,1.0
all_households,middle_quintile,2006,15.2,3.2,9.5,1.6,0.9
all_households,middle_quintile,2007,15.3,3.5,9.6,1.4,0.8
all_households,middle_quintile,2008,12.7,1.5,9.5,0.8,0.8
all_households,middle_quintile,2009,12.3,1.6,9.3,0.7,0.8
all_households,middle_quintile,2010,12.7,1.8,9.1,0.9,0.8
all_households,middle_quintile,2011,12.3,2.7,7.9,0.9,0.9
all_households,middle_quintile,2012,12.6,2.8,7.9,0.9,0.9
all_households,middle_quintile,2013,14.1,3.0,9.2,1.1,0.9
all_households,middle_quintile,2014,14.3,2.8,9.3,1.1,1.0
all_households,middle_quintile,2015,14.4,3.1,9.3,1.1,1.0
all_households,middle_quintile,2016,14.3,3.1,9.3,1.0,0.9
all_households,fourth_quintile,1979,21.6,10.1,8.4,2.2,0.9
all_households,fourth_quintile,1980,21.7,10.7,8.3,1.9,0.8
all_households,fourth_quintile,1981,22.2,11.1,8.9,1.5,0.7
all_households,fourth_quintile,1982,20.6,10.0,8.9,0.9,0.8
all_households,fourth_quintile,1983,20.1,9.1,8.9,1.2,0.9
all_households,fourth_quintile,1984,20.2,8.8,9.1,1.4,1.0
all_households,fourth_quintile,1985,20.4,8.8,9.4,1.2,0.9
all_households,fourth_quintile,1986,20.5,8.8,9.6,1.3,0.9
all_households,fourth_quintile,1987,20.3,8.2,9.5,1.7,0.9
all_households,fourth_quintile,1988,20.7,8.3,9.9,1.6,0.9
all_households,fourth_quintile,1989,20.6,8.4,9.8,1.6,0.9
all_households,fourth_quintile,1990,20.6,8.3,10.0,1.5,0.9
all_households,fourth_quintile,1991,20.3,8.0,9.9,1.4,1.0
all_households,fourth_quintile,1992,20.1,7.8,9.9,1.4,1.0
all_households,fourth_quintile,1993,20.1,7.6,9.8,1.6,1.0
all_households,fourth_quintile,1994,20.4,7.7,9.9,1.7,1.1
all_households,fourth_quintile,1995,20.4,7.6,9.8,1.8,1.1
all_households,fourth_quintile,1996,20.3,7.7,9.8,1.8,0.9
all_households,fourth_quintile,1997,20.4,7.9,9.8,1.8,0.9
all_households,fourth_quintile,1998,20.3,7.8,9.9,1.6,0.9
all_households,fourth_quintile,1999,20.4,7.9,9.9,1.6,1.0
all_households,fourth_quintile,2000,20.4,8.1,9.9,1.5,0.9
all_households,fourth_quintile,2001,19.0,7.1,10.0,1.0,0.9
all_households,fourth_quintile,2002,18.2,6.7,9.7,0.9,0.9
all_households,fourth_quintile,2003,17.5,5.7,9.7,1.2,0.9
all_households,fourth_quintile,2004,17.6,5.8,9.6,1.4,0.9
all_households,fourth_quintile,2005,18.0,5.8,9.5,1.8,0.8
all_households,fourth_quintile,2006,18.0,5.9,9.4,1.9,0.7
all_households,fourth_quintile,2007,17.7,6.1,9.4,1.6,0.7
all_households,fourth_quintile,2008,15.7,4.7,9.4,1.0,0.6
all_households,fourth_quintile,2009,15.2,4.6,9.2,0.8,0.6
all_households,fourth_quintile,2010,15.5,4.9,9.0,1.0,0.6
all_households,fourth_quintile,2011,15.3,5.8,7.9,1.0,0.7
all_households,fourth_quintile,2012,15.6,6.0,7.9,1.1,0.7
all_households,fourth_quintile,2013,17.1,6.1,9.1,1.2,0.7
all_households,fourth_quintile,2014,17.5,6.2,9.2,1.3,0.8
all_households,fourth_quintile,2015,17.6,6.4,9.2,1.2,0.8
all_households,fourth_quintile,2016,17.5,6.4,9.1,1.2,0.7
all_households,highest_quintile,1979,26.6,15.6,5.3,5.1,0.7
all_households,highest_quintile,1980,26.4,16.3,5.3,4.1,0.6
all_households,highest_quintile,1981,25.9,16.3,5.8,3.3,0.6
all_households,highest_quintile,1982,23.5,15.0,5.9,2.0,0.6
all_households,highest_quintile,1983,23.0,13.8,6.0,2.5,0.7
all_households,highest_quintile,1984,23.1,13.6,6.0,2.8,0.7
all_households,highest_quintile,1985,23.1,13.7,6.1,2.6,0.7
all_households,highest_quintile,1986,23.0,13.9,5.8,2.6,0.6
all_households,highest_quintile,1987,25.1,14.7,6.5,3.3,0.7
all_households,highest_quintile,1988,24.9,14.7,6.3,3.3,0.6
all_households,highest_quintile,1989,24.5,14.5,6.3,3.2,0.6
all_households,highest_quintile,1990,24.4,14.2,6.6,3.0,0.6
all_households,highest_quintile,1991,24.6,14.1,7.1,2.8,0.7
all_households,highest_quintile,1992,24.9,14.3,6.9,3.0,0.7
all_households,highest_quintile,1993,25.9,14.7,7.0,3.5,0.7
all_households,highest_quintile,1994,26.5,14.9,7.2,3.7,0.7
all_households,highest_quintile,1995,27.0,15.4,6.9,4.0,0.7
all_households,highest_quintile,1996,27.2,15.9,6.6,4.0,0.6
all_households,highest_quintile,1997,27.2,16.2,6.4,4.0,0.6
all_households,highest_quintile,1998,26.9,16.4,6.3,3.6,0.6
all_households,highest_quintile,1999,27.4,17.1,6.2,3.5,0.6
all_households,highest_quintile,2000,27.4,17.4,6.1,3.3,0.5
all_households,highest_quintile,2001,26.2,16.3,6.9,2.5,0.5
all_households,highest_quintile,2002,25.4,15.5,7.1,2.3,0.5
all_households,highest_quintile,2003,24.4,13.7,7.0,3.2,0.5
all_households,highest_quintile,2004,24.7,13.9,6.4,3.8,0.5
all_households,highest_quintile,2005,25.1,14.1,5.9,4.7,0.5
all_households,highest_quintile,2006,25.1,14.1,5.7,4.9,0.4
all_households,highest_quintile,2007,24.4,14.4,5.6,4.1,0.4
all_households,highest_quintile,2008,23.3,13.9,6.3,2.7,0.4
all_households,highest_quintile,2009,22.7,13.3,6.9,2.2,0.4
all_households,highest_quintile,2010,23.5,13.6,6.5,3.0,0.4
all_households,highest_quintile,2011,23.1,14.1,5.7,2.9,0.4
all_households,highest_quintile,2012,23.6,14.5,5.3,3.3,0.4
all_households,highest_quintile,2013,25.7,15.3,6.4,3.6,0.4
all_households,highest_quintile,2014,26.2,15.8,6.1,3.8,0.4
all_households,highest_quintile,2015,26.2,16.0,6.2,3.5,0.4
all_households,highest_quintile,2016,26.0,15.8,6.3,3.5,0.4
all_households,percentiles_81_90,1979,23.4,12.2,7.7,2.7,0.9
all_households,percentiles_81_90,1980,23.8,13.1,7.7,2.2,0.7
all_households,percentiles_81_90,1981,24.1,13.4,8.3,1.8,0.7
all_households,percentiles_81_90,1982,22.2,12.1,8.3,1.1,0.7
all_households,percentiles_81_90,1983,21.5,10.9,8.4,1.4,0.8
all_households,percentiles_81_90,1984,21.7,10.6,8.7,1.6,0.8
all_households,percentiles_81_90,1985,21.7,10.6,8.9,1.4,0.8
all_households,percentiles_81_90,1986,22.0,10.6,9.1,1.4,0.8
all_households,percentiles_81_90,1987,22.5,10.5,9.2,1.9,0.8
all_households,percentiles_81_90,1988,22.6,10.5,9.5,1.8,0.8
all_households,percentiles_81_90,1989,22.5,10.6,9.4,1.8,0.8
all_households,percentiles_81_90,1990,22.4,10.4,9.5,1.7,0.8
all_households,percentiles_81_90,1991,22.3,10.2,9.6,1.6,0.8
all_households,percentiles_81_90,1992,22.1,10.0,9.6,1.7,0.9
all_households,percentiles_81_90,1993,22.1,9.9,9.5,1.9,0.9
all_households,percentiles_81_90,1994,22.6,10.1,9.7,2.0,0.9
all_households,percentiles_81_90,1995,22.7,10.2,9.5,2.1,0.9
all_households,percentiles_81_90,1996,22.6,10.2,9.3,2.2,0.8
all_households,percentiles_81_90,1997,22.8,10.5,9.4,2.1,0.8
all_households,percentiles_81_90,1998,22.9,10.6,9.6,1.9,0.8
all_households,percentiles_81_90,1999,23.2,10.9,9.6,1.8,0.9
all_households,percentiles_81_90,2000,23.1,11.1,9.5,1.8,0.8
all_households,percentiles_81_90,2001,22.0,10.1,9.9,1.2,0.8
all_households,percentiles_81_90,2002,21.2,9.6,9.8,1.1,0.7
all_households,percentiles_81_90,2003,20.3,8.5,9.8,1.4,0.7
all_households,percentiles_81_90,2004,20.4,8.5,9.6,1.6,0.7
all_households,percentiles_81_90,2005,20.5,8.5,9.3,2.1,0.7
all_households,percentiles_81_90,2006,20.6,8.6,9.2,2.3,0.6
all_households,percentiles_81_90,2007,20.3,8.7,9.1,1.9,0.6
all_households,percentiles_81_90,2008,18.8,7.8,9.4,1.1,0.5
all_households,percentiles_81_90,2009,18.3,7.6,9.3,0.9,0.5
all_households,percentiles_81_90,2010,18.8,8.0,9.2,1.2,0.5
all_households,percentiles_81_90,2011,18.4,8.7,7.9,1.2,0.5
all_households,percentiles_81_90,2012,18.7,8.9,7.9,1.3,0.6
all_households,percentiles_81_90,2013,20.2,9.1,9.0,1.6,0.6
all_households,percentiles_81_90,2014,20.4,9.2,9.0,1.6,0.7
all_households,percentiles_81_90,2015,20.5,9.5,8.9,1.5,0.7
all_households,percentiles_81_90,2016,20.6,9.5,9.0,1.5,0.6
all_households,percentiles_91_95,1979,24.6,13.9,6.7,3.3,0.8
all_households,percentiles_91_95,1980,24.8,14.7,6.6,2.9,0.7
all_households,percentiles_91_95,1981,25.0,15.0,7.1,2.2,0.6
all_households,percentiles_91_95,1982,22.8,13.4,7.4,1.3,0.6
all_households,percentiles_91_95,1983,22.1,12.2,7.4,1.7,0.7
all_households,percentiles_91_95,1984,22.3,12.0,7.6,2.0,0.8
all_households,percentiles_91_95,1985,22.5,12.1,7.9,1.7,0.7
all_households,percentiles_91_95,1986,22.6,12.1,8.1,1.7,0.7
all_households,percentiles_91_95,1987,23.9,12.6,8.3,2.2,0.7
all_households,percentiles_91_95,1988,23.6,12.3,8.5,2.2,0.7
all_households,percentiles_91_95,1989,23.5,12.4,8.3,2.2,0.7
all_households,percentiles_91_95,1990,23.4,12.1,8.5,2.2,0.7
all_households,percentiles_91_95,1991,23.4,11.9,8.9,1.9,0.8
all_households,percentiles_91_95,1992,23.3,11.8,8.7,2.1,0.8
all_households,percentiles_91_95,1993,23.6,11.6,8.7,2.4,0.8
all_households,percentiles_91_95,1994,24.1,12.0,8.9,2.4,0.8
all_households,percentiles_91_95,1995,24.4,12.1,8.9,2.6,0.8
all_households,percentiles_91_95,1996,24.5,12.4,8.7,2.7,0.7
all_households,percentiles_91_95,1997,24.6,12.7,8.5,2.7,0.7
all_households,percentiles_91_95,1998,24.5,13.0,8.5,2.3,0.7
all_households,percentiles_91_95,1999,25.0,13.4,8.5,2.3,0.8
all_households,percentiles_91_95,2000,24.9,13.5,8.5,2.1,0.7
all_households,percentiles_91_95,2001,23.9,12.7,9.1,1.4,0.7
all_households,percentiles_91_95,2002,23.1,12.1,9.1,1.3,0.6
all_households,percentiles_91_95,2003,22.0,10.6,9.1,1.7,0.6
all_households,percentiles_91_95,2004,22.2,10.7,8.8,2.0,0.6
all_households,percentiles_91_95,2005,22.4,10.7,8.5,2.6,0.6
all_households,percentiles_91_95,2006,22.4,10.8,8.2,2.8,0.5
all_households,percentiles_91_95,2007,22.1,11.0,8.2,2.4,0.5
all_households,percentiles_91_95,2008,21.1,10.6,8.7,1.4,0.5
all_households,percentiles_91_95,2009,20.5,10.1,8.8,1.1,0.5
all_households,percentiles_91_95,2010,20.9,10.5,8.5,1.4,0.5
all_households,percentiles_91_95,2011,20.6,11.2,7.5,1.4,0.5
all_households,percentiles_91_95,2012,20.9,11.4,7.4,1.6,0.5
all_households,percentiles_91_95,2013,22.3,11.4,8.4,1.9,0.5
all_households,percentiles_91_95,2014,22.7,11.7,8.3,2.1,0.6
all_households,percentiles_91_95,2015,22.8,12.0,8.4,1.9,0.6
all_households,percentiles_91_95,2016,22.8,12.0,8.3,1.9,0.5
all_households,percentiles_96_99,1979,26.9,16.8,4.2,5.2,0.7
all_households,percentiles_96_99,1980,26.9,17.6,4.4,4.3,0.6
all_households,percentiles_96_99,1981,26.6,17.8,4.7,3.4,0.5
all_households,percentiles_96_99,1982,24.0,16.4,5.1,1.9,0.5
all_households,percentiles_96_99,1983,22.9,14.5,5.3,2.5,0.6
all_households,percentiles_96_99,1984,23.0,14.3,5.4,2.6,0.6
all_households,percentiles_96_99,1985,23.1,14.4,5.6,2.5,0.6
all_households,percentiles_96_99,1986,23.0,14.6,5.4,2.4,0.6
all_households,percentiles_96_99,1987,25.4,15.6,5.8,3.4,0.6
all_households,percentiles_96_99,1988,25.0,15.3,5.8,3.2,0.6
all_households,percentiles_96_99,1989,24.8,15.4,5.8,3.1,0.6
all_households,percentiles_96_99,1990,24.7,15.1,6.1,2.9,0.6
all_households,percentiles_96_99,1991,25.0,14.8,6.8,2.7,0.6
all_households,percentiles_96_99,1992,25.1,14.8,6.7,2.9,0.6
all_households,percentiles_96_99,1993,25.9,15.0,7.0,3.3,0.7
all_households,percentiles_96_99,1994,26.2,15.2,7.0,3.3,0.7
all_households,percentiles_96_99,1995,26.8,15.8,6.7,3.7,0.6
all_households,percentiles_96_99,1996,26.9,16.2,6.5,3.6,0.6
all_households,percentiles_96_99,1997,27.1,16.6,6.2,3.7,0.6
all_households,percentiles_96_99,1998,27.0,17.0,6.2,3.2,0.6
all_households,percentiles_96_99,1999,27.6,17.7,6.2,3.2,0.6
all_households,percentiles_96_99,2000,27.5,17.9,6.1,3.0,0.5
all_households,percentiles_96_99,2001,26.3,16.9,6.7,2.1,0.5
all_households,percentiles_96_99,2002,25.6,16.1,7.1,1.9,0.5
all_households,percentiles_96_99,2003,24.6,14.5,7.1,2.5,0.5
all_households,percentiles_96_99,2004,25.0,14.8,6.6,3.0,0.5
all_households,percentiles_96_99,2005,25.5,15.1,6.1,3.9,0.5
all_households,percentiles_96_99,2006,25.6,15.2,5.9,4.0,0.4
all_households,percentiles_96_99,2007,25.1,15.5,5.8,3.4,0.4
all_households,percentiles_96_99,2008,24.2,15.3,6.5,2.0,0.4
all_households,percentiles_96_99,2009,23.5,14.4,7.1,1.6,0.4
all_households,percentiles_96_99,2010,24.2,15.0,6.8,2.1,0.4
all_households,percentiles_96_99,2011,23.9,15.5,6.0,2.1,0.4
all_households,percentiles_96_99,2012,24.4,16.0,5.7,2.3,0.4
all_households,percentiles_96_99,2013,25.9,16.0,6.6,2.9,0.4
all_households,percentiles_96_99,2014,26.3,16.4,6.4,3.1,0.4
all_households,percentiles_96_99,2015,26.3,16.7,6.3,2.8,0.4
all_households,percentiles_96_99,2016,26.3,16.7,6.4,2.7,0.4
all_households,top_1_percent,1979,34.0,21.7,0.9,10.9,0.5
all_households,top_1_percent,1980,31.9,21.9,1.0,8.6,0.4
all_households,top_1_percent,1981,29.2,20.8,1.2,6.9,0.4
all_households,top_1_percent,1982,25.8,19.6,1.5,4.3,0.3
all_households,top_1_percent,1983,26.1,19.1,1.5,5.2,0.4
all_households,top_1_percent,1984,26.2,18.8,1.4,5.6,0.4
all_households,top_1_percent,1985,25.5,18.6,1.4,5.1,0.4
all_households,top_1_percent,1986,24.2,18.1,1.1,4.6,0.4
all_households,top_1_percent,1987,29.7,21.5,1.6,6.2,0.4
all_households,top_1_percent,1988,28.4,20.9,1.3,5.8,0.3
all_households,top_1_percent,1989,27.6,20.1,1.5,5.7,0.3
all_households,top_1_percent,1990,27.4,20.0,1.6,5.5,0.3
all_households,top_1_percent,1991,28.6,20.7,2.2,5.3,0.4
all_households,top_1_percent,1992,29.3,21.4,1.9,5.7,0.3
all_households,top_1_percent,1993,32.8,23.5,2.1,6.9,0.4
all_households,top_1_percent,1994,34.0,23.4,2.7,7.6,0.4
all_households,top_1_percent,1995,34.6,24.1,2.4,7.6,0.3
all_households,top_1_percent,1996,34.6,24.6,2.3,7.4,0.3
all_households,top_1_percent,1997,33.6,24.2,2.1,7.0,0.3
all_households,top_1_percent,1998,32.2,23.7,2.0,6.3,0.3
all_households,top_1_percent,1999,32.4,24.2,2.0,5.9,0.3
all_households,top_1_percent,2000,32.0,24.4,1.9,5.4,0.2
all_households,top_1_percent,2001,31.8,24.4,2.3,4.8,0.2
all_households,top_1_percent,2002,31.6,24.0,2.5,4.9,0.3
all_households,top_1_percent,2003,30.1,20.8,2.3,6.7,0.3
all_households,top_1_percent,2004,29.8,20.1,2.0,7.5,0.3
all_households,top_1_percent,2005,30.0,19.7,1.7,8.4,0.2
all_households,top_1_percent,2006,29.7,19.3,1.6,8.5,0.2
all_households,top_1_percent,2007,28.1,19.4,1.6,7.0,0.1
all_households,top_1_percent,2008,27.8,20.3,2.0,5.4,0.2
all_households,top_1_percent,2009,28.4,20.8,2.5,4.9,0.2
all_households,top_1_percent,2010,29.0,20.0,2.2,6.6,0.2
all_households,top_1_percent,2011,28.8,20.1,2.1,6.4,0.2
all_households,top_1_percent,2012,28.4,19.8,1.7,6.7,0.2
all_households,top_1_percent,2013,33.3,23.5,2.4,7.2,0.2
all_households,top_1_percent,2014,33.3,23.7,2.1,7.3,0.2
all_households,top_1_percent,2015,33.0,23.7,2.2,6.9,0.2
all_households,top_1_percent,2016,33.0,23.4,2.3,7.1,0.2
hh_with_children,all_quintiles,1979,22.0,10.6,7.9,2.5,1.0
hh_with_children,all_quintiles,1980,22.2,11.2,8.0,2.0,0.8
hh_with_children,all_quintiles,1981,22.8,11.6,8.8,1.6,0.8
hh_with_children,all_quintiles,1982,21.3,10.5,9.0,1.0,0.8
hh_with_children,all_quintiles,1983,21.2,10.0,9.0,1.3,1.0
hh_with_children,all_quintiles,1984,21.7,9.9,9.3,1.5,1.0
hh_with_children,all_quintiles,1985,21.5,9.6,9.6,1.3,1.0
hh_with_children,all_quintiles,1986,21.7,10.2,9.2,1.4,0.9
hh_with_children,all_quintiles,1987,22.2,9.9,9.5,1.8,0.9
hh_with_children,all_quintiles,1988,22.2,9.8,9.7,1.7,0.9
hh_with_children,all_quintiles,1989,22.0,9.8,9.7,1.7,0.8
hh_with_children,all_quintiles,1990,22.1,9.5,10.1,1.5,0.9
hh_with_children,all_quintiles,1991,22.3,9.4,10.4,1.5,1.0
hh_with_children,all_quintiles,1992,22.1,9.3,10.2,1.6,1.0
hh_with_children,all_quintiles,1993,22.8,9.7,10.2,1.9,1.1
hh_with_children,all_quintiles,1994,22.9,9.5,10.3,1.9,1.1
hh_with_children,all_quintiles,1995,23.1,9.8,10.1,2.2,1.1
hh_with_children,all_quintiles,1996,23.0,10.0,9.9,2.1,1.0
hh_with_children,all_quintiles,1997,23.2,10.3,9.8,2.2,0.9
hh_with_children,all_quintiles,1998,22.8,10.1,9.7,2.0,0.9
hh_with_children,all_quintiles,1999,23.2,10.7,9.5,2.0,1.0
hh_with_children,all_quintiles,2000,23.4,11.3,9.3,2.0,0.9
hh_with_children,all_quintiles,2001,21.9,9.7,9.9,1.4,0.9
hh_with_children,all_quintiles,2002,21.1,9.0,9.9,1.3,0.9
hh_with_children,all_quintiles,2003,20.0,7.6,9.6,1.9,0.8
hh_with_children,all_quintiles,2004,20.3,8.0,9.3,2.2,0.8
hh_with_children,all_quintiles,2005,20.8,8.2,9.0,2.8,0.7
hh_with_children,all_quintiles,2006,21.0,8.6,8.7,3.1,0.6
hh_with_children,all_quintiles,2007,20.7,8.9,8.6,2.6,0.5
hh_with_children,all_quintiles,2008,18.8,7.3,9.2,1.7,0.6
hh_with_children,all_quintiles,2009,18.1,6.6,9.6,1.3,0.6
hh_with_children,all_quintiles,2010,19.1,7.3,9.1,2.0,0.6
hh_with_children,all_quintiles,2011,18.6,8.0,8.1,1.9,0.6
hh_with_children,all_quintiles,2012,19.2,8.7,7.7,2.1,0.6
hh_with_children,all_quintiles,2013,21.5,9.3,9.2,2.3,0.7
hh_with_children,all_quintiles,2014,21.9,9.7,9.0,2.5,0.7
hh_with_children,all_quintiles,2015,22.1,10.1,8.9,2.4,0.7
hh_with_children,all_quintiles,2016,21.9,9.8,9.2,2.3,0.7
hh_with_children,lowest_quintile,1979,14.0,0.7,9.7,1.7,1.9
hh_with_children,lowest_quintile,1980,14.0,1.3,9.7,1.4,1.6
hh_with_children,lowest_quintile,1981,15.1,1.9,10.6,1.1,1.5
hh_with_children,lowest_quintile,1982,14.5,1.6,10.5,0.7,1.7
hh_with_children,lowest_quintile,1983,15.4,1.4,10.7,0.9,2.4
hh_with_children,lowest_quintile,1984,16.8,1.9,11.2,1.0,2.7
hh_with_children,lowest_quintile,1985,16.7,1.7,11.5,0.9,2.5
hh_with_children,lowest_quintile,1986,16.1,1.6,11.4,0.9,2.2
hh_with_children,lowest_quintile,1987,14.0,-0.5,11.2,1.1,2.2
hh_with_children,lowest_quintile,1988,13.5,-1.4,11.7,1.2,2.1
hh_with_children,lowest_quintile,1989,12.4,-2.3,11.7,1.1,1.9
hh_with_children,lowest_quintile,1990,14.5,-0.8,12.3,1.0,2.0
hh_with_children,lowest_quintile,1991,14.0,-1.5,12.3,1.0,2.3
hh_with_children,lowest_quintile,1992,13.4,-2.1,12.1,1.0,2.3
hh_with_children,lowest_quintile,1993,13.5,-2.3,12.1,1.2,2.6
hh_with_children,lowest_quintile,1994,11.6,-4.4,12.1,1.3,2.6
hh_with_children,lowest_quintile,1995,11.2,-5.0,12.4,1.4,2.4
hh_with_children,lowest_quintile,1996,10.4,-5.5,12.3,1.4,2.3
hh_with_children,lowest_quintile,1997,10.6,-5.2,12.3,1.3,2.2
hh_with_children,lowest_quintile,1998,9.9,-6.0,12.6,1.1,2.2
hh_with_children,lowest_quintile,1999,10.1,-5.6,12.3,1.1,2.3
hh_with_children,lowest_quintile,2000,8.8,-6.7,12.4,1.1,2.0
hh_with_children,lowest_quintile,2001,7.8,-7.6,12.6,0.8,2.1
hh_with_children,lowest_quintile,2002,7.3,-8.0,12.5,0.7,2.1
hh_with_children,lowest_quintile,2003,6.7,-8.6,12.2,1.0,2.1
hh_with_children,lowest_quintile,2004,6.4,-8.7,12.2,1.1,1.8
hh_with_children,lowest_quintile,2005,6.4,-9.4,12.3,1.4,2.0
hh_with_children,lowest_quintile,2006,6.6,-9.2,12.4,1.5,1.9
hh_with_children,lowest_quintile,2007,5.9,-9.4,12.6,1.3,1.4
hh_with_children,lowest_quintile,2008,1.1,-13.9,12.6,0.8,1.5
hh_with_children,lowest_quintile,2009,-0.2,-14.8,12.3,0.7,1.6
hh_with_children,lowest_quintile,2010,0.3,-14.4,12.1,0.9,1.7
hh_with_children,lowest_quintile,2011,0.5,-13.0,10.7,0.8,1.9
hh_with_children,lowest_quintile,2012,0.4,-13.1,10.7,0.9,1.9
hh_with_children,lowest_quintile,2013,2.1,-13.3,12.5,1.1,1.9
hh_with_children,lowest_quintile,2014,3.1,-12.6,12.6,1.1,1.9
hh_with_children,lowest_quintile,2015,3.0,-12.6,12.7,1.1,1.9
hh_with_children,lowest_quintile,2016,3.8,-11.7,12.7,1.0,1.7
hh_with_children,second_quintile,1979,18.0,5.6,9.7,1.5,1.2
hh_with_children,second_quintile,1980,18.2,6.1,9.7,1.2,1.1
hh_with_children,second_quintile,1981,19.2,6.7,10.5,1.0,1.0
hh_with_children,second_quintile,1982,18.0,5.9,10.4,0.6,1.1
hh_with_children,second_quintile,1983,17.9,5.4,10.4,0.8,1.3
hh_with_children,second_quintile,1984,18.9,5.6,11.1,0.9,1.4
hh_with_children,second_quintile,1985,18.6,5.3,11.1,0.8,1.4
hh_with_children,second_quintile,1986,18.9,5.4,11.3,0.8,1.3
hh_with_children,second_quintile,1987,18.0,4.4,11.2,1.1,1.3
hh_with_children,second_quintile,1988,18.4,4.2,11.7,1.1,1.3
hh_with_children,second_quintile,1989,17.9,4.0,11.7,1.0,1.2
hh_with_children,second_quintile,1990,18.8,4.5,12.1,1.0,1.2
hh_with_children,second_quintile,1991,18.1,3.9,11.9,0.9,1.4
hh_with_children,second_quintile,1992,17.7,3.6,11.7,1.0,1.5
hh_with_children,second_quintile,1993,17.7,3.3,11.7,1.1,1.6
hh_with_children,second_quintile,1994,17.1,2.6,11.6,1.2,1.7
hh_with_children,second_quintile,1995,17.2,2.6,11.8,1.2,1.6
hh_with_children,second_quintile,1996,16.8,2.2,11.7,1.3,1.6
hh_with_children,second_quintile,1997,17.1,2.5,11.9,1.2,1.5
hh_with_children,second_quintile,1998,15.9,1.4,11.9,1.1,1.5
hh_with_children,second_quintile,1999,16.0,1.4,11.9,1.1,1.6
hh_with_children,second_quintile,2000,15.8,1.5,11.9,1.1,1.4
hh_with_children,second_quintile,2001,14.0,0.0,11.9,0.7,1.4
hh_with_children,second_quintile,2002,13.3,-0.5,11.8,0.7,1.4
hh_with_children,second_quintile,2003,12.0,-1.9,11.7,0.9,1.4
hh_with_children,second_quintile,2004,12.2,-1.6,11.5,1.0,1.3
hh_with_children,second_quintile,2005,12.0,-2.2,11.5,1.4,1.3
hh_with_children,second_quintile,2006,12.2,-1.9,11.5,1.5,1.2
hh_with_children,second_quintile,2007,12.6,-1.4,11.7,1.3,1.0
hh_with_children,second_quintile,2008,8.9,-4.5,11.6,0.8,1.0
hh_with_children,second_quintile,2009,8.2,-4.9,11.4,0.6,1.0
hh_with_children,second_quintile,2010,8.4,-4.9,11.4,0.8,1.1
hh_with_children,second_quintile,2011,8.4,-3.5,9.9,0.8,1.2
hh_with_children,second_quintile,2012,8.6,-3.5,9.9,0.9,1.2
hh_with_children,second_quintile,2013,10.4,-3.2,11.5,1.0,1.2
hh_with_children,second_quintile,2014,10.7,-3.3,11.6,1.1,1.3
hh_with_children,second_quintile,2015,10.8,-3.2,11.7,1.0,1.3
hh_with_children,second_quintile,2016,11.1,-2.7,11.7,1.0,1.2
hh_with_children,middle_quintile,1979,20.6,8.5,9.5,1.6,1.0
hh_with_children,middle_quintile,1980,20.9,9.1,9.6,1.3,0.9
hh_with_children,middle_quintile,1981,21.9,9.6,10.4,1.0,0.8
hh_with_children,middle_quintile,1982,20.8,8.8,10.5,0.6,0.8
hh_with_children,middle_quintile,1983,20.2,7.9,10.4,0.8,1.0
hh_with_children,middle_quintile,1984,20.7,7.8,10.9,1.0,1.0
hh_with_children,middle_quintile,1985,20.8,7.7,11.2,0.9,1.0
hh_with_children,middle_quintile,1986,21.0,7.7,11.4,0.9,1.0
hh_with_children,middle_quintile,1987,20.2,6.7,11.4,1.2,1.0
hh_with_children,middle_quintile,1988,20.7,6.7,11.8,1.2,1.0
hh_with_children,middle_quintile,1989,20.6,6.7,11.8,1.1,0.9
hh_with_children,middle_quintile,1990,20.6,6.8,11.9,1.0,0.9
hh_with_children,middle_quintile,1991,20.6,6.6,12.0,1.0,1.1
hh_with_children,middle_quintile,1992,20.2,6.2,11.8,1.0,1.1
hh_with_children,middle_quintile,1993,20.2,6.1,11.8,1.1,1.1
hh_with_children,middle_quintile,1994,20.3,6.0,11.8,1.2,1.2
hh_with_children,middle_quintile,1995,20.1,5.8,11.8,1.3,1.2
hh_with_children,middle_quintile,1996,20.0,5.9,11.7,1.3,1.1
hh_with_children,middle_quintile,1997,20.2,6.0,11.8,1.3,1.1
hh_with_children,middle_quintile,1998,19.3,5.1,11.9,1.2,1.1
hh_with_children,middle_quintile,1999,19.3,5.0,12.0,1.2,1.2
hh_with_children,middle_quintile,2000,19.1,5.1,11.9,1.1,1.1
hh_with_children,middle_quintile,2001,17.5,3.8,11.9,0.8,1.0
hh_with_children,middle_quintile,2002,16.9,3.5,11.7,0.7,1.0
hh_with_children,middle_quintile,2003,15.8,2.3,11.5,0.9,1.0
hh_with_children,middle_quintile,2004,15.9,2.4,11.5,1.1,1.0
hh_with_children,middle_quintile,2005,16.1,2.3,11.3,1.5,0.9
hh_with_children,middle_quintile,2006,16.1,2.4,11.3,1.5,0.8
hh_with_children,middle_quintile,2007,16.0,2.6,11.3,1.3,0.7
hh_with_children,middle_quintile,2008,13.5,0.6,11.4,0.8,0.7
hh_with_children,middle_quintile,2009,13.1,0.5,11.2,0.6,0.8
hh_with_children,middle_quintile,2010,13.5,0.7,11.1,0.9,0.8
hh_with_children,middle_quintile,2011,13.2,1.8,9.7,0.9,0.8
hh_with_children,middle_quintile,2012,13.4,1.9,9.7,0.9,0.8
hh_with_children,middle_quintile,2013,15.2,2.1,11.2,1.1,0.8
hh_with_children,middle_quintile,2014,15.3,2.0,11.2,1.2,1.0
hh_with_children,middle_quintile,2015,15.6,2.3,11.3,1.1,1.0
hh_with_children,middle_quintile,2016,15.6,2.3,11.3,1.0,0.9
hh_with_children,fourth_quintile,1979,22.0,10.6,8.8,1.8,0.9
hh_with_children,fourth_quintile,1980,22.4,11.4,8.9,1.5,0.7
hh_with_children,fourth_quintile,1981,23.4,11.9,9.7,1.2,0.7
hh_with_children,fourth_quintile,1982,22.0,10.8,9.8,0.7,0.7
hh_with_children,fourth_quintile,1983,21.7,9.9,10.0,0.9,0.8
hh_with_children,fourth_quintile,1984,21.9,9.6,10.4,1.0,0.9
hh_with_children,fourth_quintile,1985,22.0,9.5,10.7,0.9,0.9
hh_with_children,fourth_quintile,1986,22.2,9.6,10.8,1.0,0.8
hh_with_children,fourth_quintile,1987,21.7,8.7,10.9,1.3,0.8
hh_with_children,fourth_quintile,1988,22.2,8.8,11.3,1.2,0.8
hh_with_children,fourth_quintile,1989,22.1,8.9,11.3,1.2,0.8
hh_with_children,fourth_quintile,1990,22.2,8.8,11.5,1.1,0.8
hh_with_children,fourth_quintile,1991,22.2,8.6,11.6,1.0,0.9
hh_with_children,fourth_quintile,1992,22.0,8.4,11.6,1.1,0.9
hh_with_children,fourth_quintile,1993,22.1,8.4,11.5,1.3,0.9
hh_with_children,fourth_quintile,1994,22.3,8.3,11.6,1.3,1.0
hh_with_children,fourth_quintile,1995,22.3,8.2,11.6,1.5,1.0
hh_with_children,fourth_quintile,1996,22.1,8.3,11.6,1.4,0.8
hh_with_children,fourth_quintile,1997,22.3,8.5,11.6,1.4,0.8
hh_with_children,fourth_quintile,1998,21.8,8.0,11.7,1.3,0.8
hh_with_children,fourth_quintile,1999,21.8,8.0,11.6,1.3,0.9
hh_with_children,fourth_quintile,2000,22.0,8.2,11.7,1.3,0.9
hh_with_children,fourth_quintile,2001,20.6,7.1,11.8,0.9,0.8
hh_with_children,fourth_quintile,2002,20.0,6.7,11.6,0.8,0.8
hh_with_children,fourth_quintile,2003,18.5,5.3,11.4,1.0,0.8
hh_with_children,fourth_quintile,2004,18.7,5.4,11.3,1.2,0.8
hh_with_children,fourth_quintile,2005,19.0,5.5,11.2,1.6,0.8
hh_with_children,fourth_quintile,2006,19.0,5.5,11.1,1.7,0.7
hh_with_children,fourth_quintile,2007,19.0,5.8,11.1,1.5,0.6
hh_with_children,fourth_quintile,2008,17.2,4.5,11.3,0.9,0.6
hh_with_children,fourth_quintile,2009,16.7,4.3,11.1,0.7,0.6
hh_with_children,fourth_quintile,2010,17.2,4.7,11.0,0.9,0.6
hh_with_children,fourth_quintile,2011,16.9,5.7,9.6,0.9,0.6
hh_with_children,fourth_quintile,2012,17.3,5.9,9.7,1.0,0.6
hh_with_children,fourth_quintile,2013,19.2,6.2,11.1,1.2,0.6
hh_with_children,fourth_quintile,2014,19.5,6.3,11.2,1.3,0.7
hh_with_children,fourth_quintile,2015,19.6,6.5,11.1,1.2,0.7
hh_with_children,fourth_quintile,2016,19.7,6.7,11.2,1.2,0.7
hh_with_children,highest_quintile,1979,25.4,15.5,5.2,4.0,0.7
hh_with_children,highest_quintile,1980,25.5,16.2,5.4,3.3,0.6
hh_with_children,highest_quintile,1981,25.3,16.3,5.9,2.6,0.5
hh_with_children,highest_quintile,1982,23.2,14.9,6.3,1.5,0.5
hh_with_children,highest_quintile,1983,23.2,14.2,6.3,2.1,0.6
hh_with_children,highest_quintile,1984,23.1,13.8,6.4,2.2,0.7
hh_with_children,highest_quintile,1985,22.9,13.5,6.7,2.0,0.7
hh_with_children,highest_quintile,1986,23.0,14.3,6.0,2.2,0.6
hh_with_children,highest_quintile,1987,25.2,15.4,6.6,2.6,0.6
hh_with_children,highest_quintile,1988,24.8,15.2,6.6,2.4,0.6
hh_with_children,highest_quintile,1989,24.6,15.1,6.5,2.5,0.5
hh_with_children,highest_quintile,1990,24.5,14.6,7.1,2.2,0.6
hh_with_children,highest_quintile,1991,25.3,14.8,7.7,2.1,0.6
hh_with_children,highest_quintile,1992,25.4,15.0,7.4,2.3,0.6
hh_with_children,highest_quintile,1993,26.8,15.9,7.5,2.7,0.6
hh_with_children,highest_quintile,1994,27.3,15.9,7.9,2.9,0.7
hh_with_children,highest_quintile,1995,27.9,16.7,7.4,3.1,0.6
hh_with_children,highest_quintile,1996,28.1,17.3,7.2,3.1,0.5
hh_with_children,highest_quintile,1997,28.2,17.5,7.0,3.2,0.5
hh_with_children,highest_quintile,1998,28.0,17.8,6.8,2.9,0.5
hh_with_children,highest_quintile,1999,28.5,18.5,6.6,2.9,0.5
hh_with_children,highest_quintile,2000,28.6,18.9,6.4,2.8,0.5
hh_with_children,highest_quintile,2001,27.5,17.7,7.1,2.2,0.5
hh_with_children,highest_quintile,2002,26.7,16.8,7.4,2.0,0.5
hh_with_children,highest_quintile,2003,25.4,15.0,7.1,2.8,0.5
hh_with_children,highest_quintile,2004,25.7,15.2,6.7,3.3,0.4
hh_with_children,highest_quintile,2005,26.1,15.4,6.3,4.1,0.4
hh_with_children,highest_quintile,2006,26.3,15.6,5.9,4.5,0.3
hh_with_children,highest_quintile,2007,25.8,16.0,5.7,3.8,0.3
hh_with_children,highest_quintile,2008,24.8,15.5,6.4,2.5,0.3
hh_with_children,highest_quintile,2009,24.5,14.9,7.3,2.0,0.3
hh_with_children,highest_quintile,2010,25.3,15.3,6.6,3.1,0.3
hh_with_children,highest_quintile,2011,24.8,15.6,6.0,2.8,0.3
hh_with_children,highest_quintile,2012,25.2,16.3,5.5,3.1,0.3
hh_with_children,highest_quintile,2013,27.9,17.5,6.7,3.4,0.3
hh_with_children,highest_quintile,2014,28.4,18.0,6.4,3.6,0.4
hh_with_children,highest_quintile,2015,28.5,18.4,6.3,3.4,0.4
hh_with_children,highest_quintile,2016,28.2,18.0,6.6,3.3,0.4
hh_with_children,percentiles_81_90,1979,23.1,12.6,7.5,2.2,0.8
hh_with_children,percentiles_81_90,1980,23.8,13.6,7.7,1.8,0.7
hh_with_children,percentiles_81_90,1981,24.5,14.0,8.5,1.4,0.6
hh_with_children,percentiles_81_90,1982,22.9,12.7,8.7,0.9,0.6
hh_with_children,percentiles_81_90,1983,22.4,11.6,9.0,1.1,0.7
hh_with_children,percentiles_81_90,1984,22.4,11.1,9.4,1.2,0.8
hh_with_children,percentiles_81_90,1985,22.7,11.2,9.6,1.1,0.8
hh_with_children,percentiles_81_90,1986,22.9,11.2,9.8,1.1,0.7
hh_with_children,percentiles_81_90,1987,23.0,10.9,9.8,1.5,0.8
hh_with_children,percentiles_81_90,1988,23.0,10.8,10.1,1.4,0.7
hh_with_children,percentiles_81_90,1989,23.0,10.9,10.0,1.4,0.7
hh_with_children,percentiles_81_90,1990,23.3,10.9,10.4,1.3,0.7
hh_with_children,percentiles_81_90,1991,23.5,10.7,10.8,1.2,0.8
hh_with_children,percentiles_81_90,1992,23.3,10.5,10.7,1.3,0.8
hh_with_children,percentiles_81_90,1993,23.2,10.5,10.5,1.5,0.8
hh_with_children,percentiles_81_90,1994,23.6,10.5,10.7,1.6,0.8
hh_with_children,percentiles_81_90,1995,23.7,10.6,10.7,1.6,0.9
hh_with_children,percentiles_81_90,1996,23.6,10.8,10.5,1.7,0.7
hh_with_children,percentiles_81_90,1997,24.0,11.1,10.6,1.7,0.7
hh_with_children,percentiles_81_90,1998,23.8,10.9,10.7,1.5,0.7
hh_with_children,percentiles_81_90,1999,24.1,11.2,10.6,1.5,0.8
hh_with_children,percentiles_81_90,2000,24.3,11.4,10.6,1.5,0.8
hh_with_children,percentiles_81_90,2001,23.2,10.5,11.1,1.0,0.7
hh_with_children,percentiles_81_90,2002,22.3,9.9,10.8,0.9,0.7
hh_with_children,percentiles_81_90,2003,21.0,8.4,10.7,1.2,0.7
hh_with_children,percentiles_81_90,2004,21.3,8.6,10.6,1.5,0.7
hh_with_children,percentiles_81_90,2005,21.5,8.7,10.3,1.8,0.6
hh_with_children,percentiles_81_90,2006,21.5,8.8,10.2,2.0,0.5
hh_with_children,percentiles_81_90,2007,21.4,9.0,10.2,1.7,0.5
hh_with_children,percentiles_81_90,2008,20.2,8.2,10.5,1.0,0.5
hh_with_children,percentiles_81_90,2009,20.1,8.1,10.7,0.8,0.5
hh_with_children,percentiles_81_90,2010,20.4,8.4,10.5,1.1,0.5
hh_with_children,percentiles_81_90,2011,19.9,9.2,9.1,1.1,0.5
hh_with_children,percentiles_81_90,2012,20.3,9.5,9.1,1.2,0.5
hh_with_children,percentiles_81_90,2013,22.2,9.8,10.5,1.5,0.5
hh_with_children,percentiles_81_90,2014,22.5,9.9,10.4,1.5,0.6
hh_with_children,percentiles_81_90,2015,22.7,10.3,10.3,1.4,0.6
hh_with_children,percentiles_81_90,2016,22.6,10.3,10.3,1.4,0.6
hh_with_children,percentiles_91_95,1979,23.9,14.3,6.0,2.9,0.7
hh_with_children,percentiles_91_95,1980,24.3,15.1,6.2,2.4,0.6
hh_with_children,percentiles_91_95,1981,24.6,15.4,6.9,1.8,0.6
hh_with_children,percentiles_91_95,1982,22.8,13.9,7.2,1.1,0.6
hh_with_children,percentiles_91_95,1983,22.3,12.7,7.5,1.4,0.7
hh_with_children,percentiles_91_95,1984,22.3,12.1,8.0,1.5,0.7
hh_with_children,percentiles_91_95,1985,22.4,12.3,8.0,1.4,0.7
hh_with_children,percentiles_91_95,1986,22.6,12.5,8.0,1.3,0.7
hh_with_children,percentiles_91_95,1987,24.0,13.1,8.5,1.7,0.7
hh_with_children,percentiles_91_95,1988,23.6,12.8,8.5,1.6,0.7
hh_with_children,percentiles_91_95,1989,23.7,12.9,8.5,1.7,0.6
hh_with_children,percentiles_91_95,1990,23.5,12.4,8.8,1.6,0.7
hh_with_children,percentiles_91_95,1991,24.0,12.5,9.3,1.5,0.7
hh_with_children,percentiles_91_95,1992,23.9,12.4,9.2,1.5,0.7
hh_with_children,percentiles_91_95,1993,24.3,12.4,9.3,1.8,0.8
hh_with_children,percentiles_91_95,1994,24.6,12.6,9.3,1.9,0.8
hh_with_children,percentiles_91_95,1995,24.9,12.8,9.4,2.0,0.7
hh_with_children,percentiles_91_95,1996,25.1,13.2,9.3,2.0,0.7
hh_with_children,percentiles_91_95,1997,25.1,13.4,9.0,2.1,0.7
hh_with_children,percentiles_91_95,1998,25.3,13.8,9.1,1.8,0.6
hh_with_children,percentiles_91_95,1999,25.6,14.2,9.0,1.8,0.7
hh_with_children,percentiles_91_95,2000,25.7,14.2,9.0,1.8,0.7
hh_with_children,percentiles_91_95,2001,25.0,13.7,9.5,1.2,0.6
hh_with_children,percentiles_91_95,2002,24.1,12.8,9.6,1.1,0.6
hh_with_children,percentiles_91_95,2003,22.7,11.3,9.4,1.5,0.6
hh_with_children,percentiles_91_95,2004,22.9,11.4,9.2,1.7,0.6
hh_with_children,percentiles_91_95,2005,23.3,11.7,8.9,2.2,0.5
hh_with_children,percentiles_91_95,2006,23.5,11.9,8.7,2.4,0.5
hh_with_children,percentiles_91_95,2007,23.3,12.2,8.7,2.0,0.4
hh_with_children,percentiles_91_95,2008,22.6,11.9,9.1,1.2,0.4
hh_with_children,percentiles_91_95,2009,22.2,11.3,9.5,1.0,0.4
hh_with_children,percentiles_91_95,2010,22.7,11.7,9.3,1.3,0.4
hh_with_children,percentiles_91_95,2011,22.0,12.2,8.1,1.3,0.4
hh_with_children,percentiles_91_95,2012,22.6,12.7,8.0,1.4,0.4
hh_with_children,percentiles_91_95,2013,24.1,12.8,9.2,1.6,0.4
hh_with_children,percentiles_91_95,2014,24.7,13.3,9.1,1.8,0.5
hh_with_children,percentiles_91_95,2015,24.8,13.6,9.0,1.7,0.5
hh_with_children,percentiles_91_95,2016,24.9,13.7,9.0,1.7,0.5
hh_with_children,percentiles_96_99,1979,26.2,17.6,3.7,4.3,0.6
hh_with_children,percentiles_96_99,1980,26.4,18.4,4.0,3.4,0.6
hh_with_children,percentiles_96_99,1981,25.9,18.4,4.3,2.7,0.5
hh_with_children,percentiles_96_99,1982,23.9,17.1,4.9,1.4,0.5
hh_with_children,percentiles_96_99,1983,22.9,15.3,5.2,1.9,0.6
hh_with_children,percentiles_96_99,1984,22.8,14.7,5.4,2.0,0.6
hh_with_children,percentiles_96_99,1985,22.5,14.4,5.5,1.9,0.6
hh_with_children,percentiles_96_99,1986,22.9,15.5,5.1,1.8,0.6
hh_with_children,percentiles_96_99,1987,25.1,16.5,5.4,2.6,0.6
hh_with_children,percentiles_96_99,1988,24.9,16.4,5.6,2.3,0.5
hh_with_children,percentiles_96_99,1989,24.7,16.2,5.7,2.2,0.5
hh_with_children,percentiles_96_99,1990,24.7,16.2,5.8,2.1,0.6
hh_with_children,percentiles_96_99,1991,25.6,16.1,6.9,2.0,0.6
hh_with_children,percentiles_96_99,1992,25.6,16.2,6.7,2.1,0.6
hh_with_children,percentiles_96_99,1993,27.0,16.8,7.1,2.4,0.6
hh_with_children,percentiles_96_99,1994,27.4,17.0,7.3,2.4,0.6
hh_with_children,percentiles_96_99,1995,27.6,17.6,6.7,2.7,0.6
hh_with_children,percentiles_96_99,1996,28.0,18.3,6.6,2.7,0.5
hh_with_children,percentiles_96_99,1997,28.4,18.8,6.5,2.7,0.5
hh_with_children,percentiles_96_99,1998,28.4,19.3,6.4,2.4,0.4
hh_with_children,percentiles_96_99,1999,29.1,19.9,6.3,2.4,0.6
hh_with_children,percentiles_96_99,2000,29.1,20.1,6.4,2.2,0.5
hh_with_children,percentiles_96_99,2001,27.8,19.0,6.6,1.6,0.5
hh_with_children,percentiles_96_99,2002,27.0,18.2,6.9,1.5,0.5
hh_with_children,percentiles_96_99,2003,26.0,16.6,6.8,2.1,0.4
hh_with_children,percentiles_96_99,2004,26.4,17.0,6.6,2.4,0.4
hh_with_children,percentiles_96_99,2005,27.1,17.5,6.1,3.0,0.4
hh_with_children,percentiles_96_99,2006,27.0,17.5,6.0,3.2,0.3
hh_with_children,percentiles_96_99,2007,26.7,17.9,5.9,2.6,0.3
hh_with_children,percentiles_96_99,2008,26.1,17.7,6.4,1.6,0.3
hh_with_children,percentiles_96_99,2009,25.7,17.0,7.1,1.3,0.3
hh_with_children,percentiles_96_99,2010,26.2,17.3,6.9,1.7,0.3
hh_with_children,percentiles_96_99,2011,25.9,17.9,6.0,1.7,0.3
hh_with_children,percentiles_96_99,2012,26.3,18.4,5.7,1.8,0.3
hh_with_children,percentiles_96_99,2013,28.0,18.7,6.7,2.3,0.3
hh_with_children,percentiles_96_99,2014,28.5,19.2,6.6,2.4,0.4
hh_with_children,percentiles_96_99,2015,28.6,19.5,6.5,2.1,0.4
hh_with_children,percentiles_96_99,2016,28.7,19.6,6.6,2.1,0.3
hh_with_children,top_1_percent,1979,31.4,20.8,1.0,9.2,0.4
hh_with_children,top_1_percent,1980,29.2,20.4,1.1,7.3,0.4
hh_with_children,top_1_percent,1981,27.1,19.5,1.2,6.0,0.4
hh_with_children,top_1_percent,1982,23.5,17.8,1.7,3.7,0.3
hh_with_children,top_1_percent,1983,25.5,19.0,1.5,4.5,0.4
hh_with_children,top_1_percent,1984,25.3,18.6,1.6,4.7,0.5
hh_with_children,top_1_percent,1985,24.2,17.7,1.6,4.4,0.5
hh_with_children,top_1_percent,1986,23.6,18.0,1.0,4.3,0.3
hh_with_children,top_1_percent,1987,29.7,22.7,1.7,4.9,0.4
hh_with_children,top_1_percent,1988,27.9,21.7,1.4,4.5,0.3
hh_with_children,top_1_percent,1989,27.3,21.0,1.5,4.6,0.3
hh_with_children,top_1_percent,1990,27.2,20.7,1.9,4.3,0.3
hh_with_children,top_1_percent,1991,28.8,21.9,2.3,4.3,0.4
hh_with_children,top_1_percent,1992,29.5,22.5,1.9,4.7,0.4
hh_with_children,top_1_percent,1993,33.8,25.6,2.2,5.7,0.4
hh_with_children,top_1_percent,1994,34.9,25.5,3.1,6.0,0.4
hh_with_children,top_1_percent,1995,35.5,26.2,2.6,6.4,0.3
hh_with_children,top_1_percent,1996,35.3,26.6,2.5,6.0,0.2
hh_with_children,top_1_percent,1997,34.4,25.9,2.4,5.9,0.2
hh_with_children,top_1_percent,1998,33.1,25.4,2.3,5.3,0.2
hh_with_children,top_1_percent,1999,33.4,26.1,2.1,5.1,0.2
hh_with_children,top_1_percent,2000,33.0,26.0,2.0,4.8,0.2
hh_with_children,top_1_percent,2001,32.8,25.9,2.4,4.3,0.2
hh_with_children,top_1_percent,2002,32.8,25.9,2.6,4.1,0.2
hh_with_children,top_1_percent,2003,30.9,22.5,2.4,5.8,0.2
hh_with_children,top_1_percent,2004,30.5,21.6,2.1,6.5,0.2
hh_with_children,top_1_percent,2005,30.6,21.0,1.8,7.5,0.2
hh_with_children,top_1_percent,2006,30.2,20.6,1.7,7.7,0.1
hh_with_children,top_1_percent,2007,28.8,20.6,1.7,6.3,0.1
hh_with_children,top_1_percent,2008,28.5,21.3,2.0,5.0,0.2
hh_with_children,top_1_percent,2009,29.3,22.2,2.6,4.4,0.1
hh_with_children,top_1_percent,2010,29.7,21.0,2.1,6.4,0.2
hh_with_children,top_1_percent,2011,29.5,21.2,2.1,6.0,0.2
hh_with_children,top_1_percent,2012,29.0,21.0,1.8,6.0,0.1
hh_with_children,top_1_percent,2013,34.3,25.0,2.5,6.6,0.2
hh_with_children,top_1_percent,2014,34.1,24.9,2.2,6.8,0.2
hh_with_children,top_1_percent,2015,33.9,25.0,2.3,6.4,0.1
hh_with_children,top_1_percent,2016,33.9,24.8,2.4,6.5,0.1
elderly_headed_hh,all_quintiles,1979,18.1,8.2,1.9,7.1,0.9
elderly_headed_hh,all_quintiles,1980,17.0,8.8,1.8,5.6,0.8
elderly_headed_hh,all_quintiles,1981,16.0,9.1,1.9,4.3,0.7
elderly_headed_hh,all_quintiles,1982,14.0,8.7,1.9,2.6,0.7
elderly_headed_hh,all_quintiles,1983,13.8,7.8,1.9,3.3,0.9
elderly_headed_hh,all_quintiles,1984,14.9,8.3,1.9,3.7,0.9
elderly_headed_hh,all_quintiles,1985,14.7,8.5,1.9,3.4,0.9
elderly_headed_hh,all_quintiles,1986,14.5,8.4,1.9,3.4,0.9
elderly_headed_hh,all_quintiles,1987,15.3,7.7,2.0,4.6,0.9
elderly_headed_hh,all_quintiles,1988,15.7,8.2,2.0,4.6,0.9
elderly_headed_hh,all_quintiles,1989,15.3,8.1,1.9,4.4,0.8
elderly_headed_hh,all_quintiles,1990,14.8,7.9,2.0,4.1,0.8
elderly_headed_hh,all_quintiles,1991,13.8,7.1,2.0,3.7,1.0
elderly_headed_hh,all_quintiles,1992,14.4,7.2,2.0,4.2,1.0
elderly_headed_hh,all_quintiles,1993,14.7,7.0,2.0,4.7,1.0
elderly_headed_hh,all_quintiles,1994,15.4,7.4,2.0,5.0,1.1
elderly_headed_hh,all_quintiles,1995,16.1,7.8,2.0,5.2,1.0
elderly_headed_hh,all_quintiles,1996,17.1,8.8,2.0,5.4,0.9
elderly_headed_hh,all_quintiles,1997,17.0,9.1,1.9,5.1,0.9
elderly_headed_hh,all_quintiles,1998,16.8,9.3,2.0,4.6,0.9
elderly_headed_hh,all_quintiles,1999,17.4,9.9,2.0,4.5,1.0
elderly_headed_hh,all_quintiles,2000,16.9,9.9,2.0,4.1,0.9
elderly_headed_hh,all_quintiles,2001,15.0,8.8,2.2,3.1,0.9
elderly_headed_hh,all_quintiles,2002,14.2,8.2,2.1,3.0,0.9
elderly_headed_hh,all_quintiles,2003,14.0,7.1,2.2,3.8,0.9
elderly_headed_hh,all_quintiles,2004,15.0,7.5,2.1,4.5,0.8
elderly_headed_hh,all_quintiles,2005,16.0,7.9,2.1,5.3,0.8
elderly_headed_hh,all_quintiles,2006,16.1,8.0,2.0,5.4,0.7
elderly_headed_hh,all_quintiles,2007,15.9,8.6,2.0,4.6,0.6
elderly_headed_hh,all_quintiles,2008,13.1,7.2,2.3,2.9,0.6
elderly_headed_hh,all_quintiles,2009,12.4,6.9,2.4,2.4,0.6
elderly_headed_hh,all_quintiles,2010,13.3,7.3,2.4,3.0,0.6
elderly_headed_hh,all_quintiles,2011,13.7,8.0,2.1,3.0,0.6
elderly_headed_hh,all_quintiles,2012,14.7,8.5,2.1,3.4,0.7
elderly_headed_hh,all_quintiles,2013,15.7,8.8,2.6,3.7,0.7
elderly_headed_hh,all_quintiles,2014,16.5,9.4,2.5,3.9,0.7
elderly_headed_hh,all_quintiles,2015,16.4,9.5,2.6,3.6,0.7
elderly_headed_hh,all_quintiles,2016,16.1,9.2,2.7,3.5,0.6
elderly_headed_hh,lowest_quintile,1979,3.3,0.1,0.6,1.4,1.2
elderly_headed_hh,lowest_quintile,1980,2.6,0.1,0.6,0.9,1.0
elderly_headed_hh,lowest_quintile,1981,2.1,0.1,0.5,0.6,0.9
elderly_headed_hh,lowest_quintile,1982,1.8,0.1,0.5,0.4,0.9
elderly_headed_hh,lowest_quintile,1983,2.3,0.1,0.5,0.5,1.2
elderly_headed_hh,lowest_quintile,1984,2.3,0.1,0.5,0.5,1.2
elderly_headed_hh,lowest_quintile,1985,2.6,0.2,0.6,0.6,1.3
elderly_headed_hh,lowest_quintile,1986,2.4,0.1,0.6,0.4,1.2
elderly_headed_hh,lowest_quintile,1987,2.9,0.1,0.6,0.8,1.4
elderly_headed_hh,lowest_quintile,1988,3.1,0.2,0.6,0.9,1.4
elderly_headed_hh,lowest_quintile,1989,2.9,0.2,0.6,0.8,1.2
elderly_headed_hh,lowest_quintile,1990,3.2,0.6,0.6,0.8,1.3
elderly_headed_hh,lowest_quintile,1991,3.1,0.2,0.7,0.7,1.4
elderly_headed_hh,lowest_quintile,1992,3.1,0.3,0.7,0.8,1.4
elderly_headed_hh,lowest_quintile,1993,3.2,0.1,0.8,0.9,1.5
elderly_headed_hh,lowest_quintile,1994,3.3,0.2,0.7,0.9,1.5
elderly_headed_hh,lowest_quintile,1995,3.7,0.3,0.8,1.1,1.5
elderly_headed_hh,lowest_quintile,1996,3.4,0.1,0.9,0.8,1.5
elderly_headed_hh,lowest_quintile,1997,3.4,0.1,1.0,0.9,1.4
elderly_headed_hh,lowest_quintile,1998,3.2,0.2,0.9,0.7,1.5
elderly_headed_hh,lowest_quintile,1999,3.4,0.3,0.9,0.6,1.7
elderly_headed_hh,lowest_quintile,2000,3.5,0.2,1.0,0.7,1.6
elderly_headed_hh,lowest_quintile,2001,3.1,0.1,0.8,0.5,1.6
elderly_headed_hh,lowest_quintile,2002,3.6,0.4,0.9,0.5,1.8
elderly_headed_hh,lowest_quintile,2003,3.6,0.4,0.9,0.6,1.6
elderly_headed_hh,lowest_quintile,2004,2.9,0.2,0.8,0.6,1.4
elderly_headed_hh,lowest_quintile,2005,3.0,0.1,0.7,0.7,1.4
elderly_headed_hh,lowest_quintile,2006,3.2,0.1,0.8,1.0,1.3
elderly_headed_hh,lowest_quintile,2007,3.0,0.3,1.0,0.7,1.0
elderly_headed_hh,lowest_quintile,2008,1.0,-1.6,0.9,0.5,1.2
elderly_headed_hh,lowest_quintile,2009,2.9,0.1,1.1,0.5,1.2
elderly_headed_hh,lowest_quintile,2010,3.0,0.1,1.0,0.6,1.3
elderly_headed_hh,lowest_quintile,2011,2.9,0.3,0.8,0.5,1.2
elderly_headed_hh,lowest_quintile,2012,3.2,0.2,0.8,0.7,1.5
elderly_headed_hh,lowest_quintile,2013,3.4,0.1,1.0,0.7,1.6
elderly_headed_hh,lowest_quintile,2014,3.3,0.1,1.0,0.7,1.5
elderly_headed_hh,lowest_quintile,2015,3.0,0.0,1.1,0.6,1.3
elderly_headed_hh,lowest_quintile,2016,3.0,0.0,1.0,0.6,1.3
elderly_headed_hh,second_quintile,1979,5.4,0.5,1.3,2.5,1.1
elderly_headed_hh,second_quintile,1980,4.1,0.5,1.1,1.5,0.9
elderly_headed_hh,second_quintile,1981,3.4,0.5,1.0,1.0,0.8
elderly_headed_hh,second_quintile,1982,2.8,0.4,1.0,0.5,0.9
elderly_headed_hh,second_quintile,1983,3.0,0.4,0.9,0.7,1.1
elderly_headed_hh,second_quintile,1984,3.4,0.4,0.9,0.9,1.2
elderly_headed_hh,second_quintile,1985,3.2,0.4,0.9,0.7,1.2
elderly_headed_hh,second_quintile,1986,3.3,0.4,1.0,0.8,1.1
elderly_headed_hh,second_quintile,1987,3.6,0.3,1.0,1.1,1.3
elderly_headed_hh,second_quintile,1988,4.0,0.5,1.0,1.2,1.2
elderly_headed_hh,second_quintile,1989,3.8,0.5,1.1,1.1,1.1
elderly_headed_hh,second_quintile,1990,3.9,0.6,1.1,1.0,1.1
elderly_headed_hh,second_quintile,1991,3.6,0.5,1.0,0.8,1.2
elderly_headed_hh,second_quintile,1992,3.8,0.4,1.0,1.0,1.3
elderly_headed_hh,second_quintile,1993,3.6,0.4,0.9,1.1,1.3
elderly_headed_hh,second_quintile,1994,3.7,0.4,0.9,1.1,1.4
elderly_headed_hh,second_quintile,1995,3.7,0.4,0.9,1.0,1.4
elderly_headed_hh,second_quintile,1996,3.7,0.4,1.0,1.0,1.3
elderly_headed_hh,second_quintile,1997,3.6,0.4,0.9,0.9,1.3
elderly_headed_hh,second_quintile,1998,4.1,0.7,1.2,0.9,1.3
elderly_headed_hh,second_quintile,1999,4.5,0.7,1.3,1.0,1.5
elderly_headed_hh,second_quintile,2000,4.8,0.8,1.4,1.1,1.5
elderly_headed_hh,second_quintile,2001,3.8,0.5,1.3,0.7,1.3
elderly_headed_hh,second_quintile,2002,3.8,0.4,1.3,0.6,1.4
elderly_headed_hh,second_quintile,2003,3.5,0.3,1.2,0.7,1.3
elderly_headed_hh,second_quintile,2004,3.6,0.4,1.2,0.8,1.2
elderly_headed_hh,second_quintile,2005,3.9,0.5,1.2,1.0,1.2
elderly_headed_hh,second_quintile,2006,3.8,0.5,1.1,1.1,1.1
elderly_headed_hh,second_quintile,2007,4.1,0.7,1.5,1.0,1.0
elderly_headed_hh,second_quintile,2008,1.9,-0.9,1.3,0.6,0.9
elderly_headed_hh,second_quintile,2009,2.8,0.2,1.2,0.5,0.9
elderly_headed_hh,second_quintile,2010,2.9,0.3,1.2,0.6,0.9
elderly_headed_hh,second_quintile,2011,3.1,0.6,1.0,0.5,0.9
elderly_headed_hh,second_quintile,2012,3.3,0.6,1.1,0.6,1.0
elderly_headed_hh,second_quintile,2013,3.5,0.5,1.3,0.6,1.0
elderly_headed_hh,second_quintile,2014,3.6,0.6,1.3,0.6,1.1
elderly_headed_hh,second_quintile,2015,3.7,0.6,1.4,0.6,1.0
elderly_headed_hh,second_quintile,2016,3.6,0.6,1.4,0.6,1.0
elderly_headed_hh,middle_quintile,1979,9.7,2.0,2.4,4.1,1.1
elderly_headed_hh,middle_quintile,1980,8.7,2.2,2.2,3.3,0.9
elderly_headed_hh,middle_quintile,1981,7.4,2.1,2.2,2.3,0.8
elderly_headed_hh,middle_quintile,1982,6.0,1.8,2.0,1.3,0.9
elderly_headed_hh,middle_quintile,1983,6.1,1.6,1.9,1.6,1.0
elderly_headed_hh,middle_quintile,1984,6.8,1.6,2.0,2.0,1.1
elderly_headed_hh,middle_quintile,1985,6.5,1.7,1.9,1.8,1.2
elderly_headed_hh,middle_quintile,1986,6.9,1.7,2.1,1.9,1.2
elderly_headed_hh,middle_quintile,1987,7.2,1.5,2.0,2.5,1.2
elderly_headed_hh,middle_quintile,1988,7.7,1.9,2.1,2.5,1.2
elderly_headed_hh,middle_quintile,1989,7.3,1.9,2.0,2.3,1.0
elderly_headed_hh,middle_quintile,1990,7.3,2.0,2.1,2.1,1.1
elderly_headed_hh,middle_quintile,1991,6.8,1.8,1.9,1.9,1.2
elderly_headed_hh,middle_quintile,1992,6.4,1.4,1.7,2.0,1.3
elderly_headed_hh,middle_quintile,1993,6.5,1.3,1.7,2.2,1.3
elderly_headed_hh,middle_quintile,1994,6.8,1.4,1.7,2.3,1.4
elderly_headed_hh,middle_quintile,1995,7.3,1.6,1.9,2.4,1.3
elderly_headed_hh,middle_quintile,1996,7.0,1.6,1.8,2.3,1.3
elderly_headed_hh,middle_quintile,1997,6.9,1.6,1.9,2.1,1.2
elderly_headed_hh,middle_quintile,1998,7.1,1.9,1.9,2.0,1.3
elderly_headed_hh,middle_quintile,1999,7.9,2.2,2.2,2.1,1.5
elderly_headed_hh,middle_quintile,2000,7.5,2.2,2.1,1.9,1.4
elderly_headed_hh,middle_quintile,2001,6.6,1.8,2.1,1.4,1.2
elderly_headed_hh,middle_quintile,2002,5.8,1.4,1.9,1.2,1.2
elderly_headed_hh,middle_quintile,2003,5.8,1.3,1.9,1.4,1.2
elderly_headed_hh,middle_quintile,2004,6.0,1.5,1.9,1.5,1.1
elderly_headed_hh,middle_quintile,2005,6.5,1.5,2.0,1.8,1.2
elderly_headed_hh,middle_quintile,2006,6.3,1.5,1.9,1.9,1.0
elderly_headed_hh,middle_quintile,2007,6.4,1.8,2.1,1.6,0.9
elderly_headed_hh,middle_quintile,2008,4.1,0.3,1.9,1.0,0.9
elderly_headed_hh,middle_quintile,2009,4.6,1.1,1.9,0.7,0.8
elderly_headed_hh,middle_quintile,2010,4.7,1.1,1.9,0.9,0.9
elderly_headed_hh,middle_quintile,2011,4.9,1.5,1.6,0.9,0.9
elderly_headed_hh,middle_quintile,2012,5.1,1.5,1.7,0.9,1.0
elderly_headed_hh,middle_quintile,2013,5.9,1.8,2.1,1.0,1.0
elderly_headed_hh,middle_quintile,2014,5.9,1.7,2.2,1.0,1.0
elderly_headed_hh,middle_quintile,2015,6.1,1.9,2.2,1.1,1.0
elderly_headed_hh,middle_quintile,2016,5.8,1.7,2.1,1.0,0.9
elderly_headed_hh,fourth_quintile,1979,13.6,4.3,2.8,5.5,1.0
elderly_headed_hh,fourth_quintile,1980,12.3,4.5,2.5,4.4,0.9
elderly_headed_hh,fourth_quintile,1981,11.1,4.5,2.4,3.3,0.8
elderly_headed_hh,fourth_quintile,1982,9.3,4.1,2.4,1.9,0.8
elderly_headed_hh,fourth_quintile,1983,9.5,3.8,2.2,2.4,1.0
elderly_headed_hh,fourth_quintile,1984,10.4,4.0,2.4,2.9,1.1
elderly_headed_hh,fourth_quintile,1985,9.8,3.9,2.3,2.5,1.0
elderly_headed_hh,fourth_quintile,1986,9.8,3.8,2.4,2.6,1.1
elderly_headed_hh,fourth_quintile,1987,10.9,3.9,2.5,3.5,1.0
elderly_headed_hh,fourth_quintile,1988,11.0,4.2,2.4,3.3,1.0
elderly_headed_hh,fourth_quintile,1989,11.0,4.5,2.4,3.2,1.0
elderly_headed_hh,fourth_quintile,1990,10.5,4.3,2.4,2.9,1.0
elderly_headed_hh,fourth_quintile,1991,9.9,4.0,2.2,2.6,1.1
elderly_headed_hh,fourth_quintile,1992,10.0,3.8,2.2,2.8,1.1
elderly_headed_hh,fourth_quintile,1993,9.7,3.4,2.1,2.9,1.2
elderly_headed_hh,fourth_quintile,1994,10.2,3.6,2.2,3.1,1.2
elderly_headed_hh,fourth_quintile,1995,10.5,3.8,2.3,3.3,1.2
elderly_headed_hh,fourth_quintile,1996,10.5,3.8,2.2,3.4,1.1
elderly_headed_hh,fourth_quintile,1997,10.3,4.0,2.1,3.1,1.1
elderly_headed_hh,fourth_quintile,1998,10.7,4.5,2.3,2.9,1.1
elderly_headed_hh,fourth_quintile,1999,11.4,5.0,2.4,2.8,1.3
elderly_headed_hh,fourth_quintile,2000,11.4,5.3,2.4,2.5,1.1
elderly_headed_hh,fourth_quintile,2001,9.9,4.5,2.4,1.9,1.1
elderly_headed_hh,fourth_quintile,2002,8.7,3.9,2.2,1.6,1.1
elderly_headed_hh,fourth_quintile,2003,8.8,3.6,2.4,1.8,1.0
elderly_headed_hh,fourth_quintile,2004,9.2,3.8,2.5,2.0,0.9
elderly_headed_hh,fourth_quintile,2005,9.8,3.8,2.5,2.5,1.0
elderly_headed_hh,fourth_quintile,2006,9.9,4.0,2.5,2.6,0.9
elderly_headed_hh,fourth_quintile,2007,9.7,4.2,2.5,2.1,0.8
elderly_headed_hh,fourth_quintile,2008,7.6,3.0,2.6,1.3,0.7
elderly_headed_hh,fourth_quintile,2009,7.2,3.2,2.3,1.0,0.7
elderly_headed_hh,fourth_quintile,2010,7.5,3.3,2.4,1.1,0.7
elderly_headed_hh,fourth_quintile,2011,8.1,4.0,2.2,1.2,0.7
elderly_headed_hh,fourth_quintile,2012,8.1,4.0,2.2,1.2,0.8
elderly_headed_hh,fourth_quintile,2013,8.9,4.1,2.6,1.4,0.8
elderly_headed_hh,fourth_quintile,2014,9.3,4.4,2.7,1.5,0.8
elderly_headed_hh,fourth_quintile,2015,9.4,4.5,2.7,1.4,0.8
elderly_headed_hh,fourth_quintile,2016,9.2,4.5,2.7,1.3,0.7
elderly_headed_hh,highest_quintile,1979,27.1,14.1,1.9,10.3,0.8
elderly_headed_hh,highest_quintile,1980,25.4,14.7,1.9,8.2,0.7
elderly_headed_hh,highest_quintile,1981,23.3,14.6,2.0,6.1,0.6
elderly_headed_hh,highest_quintile,1982,20.1,13.9,2.0,3.6,0.6
elderly_headed_hh,highest_quintile,1983,19.5,12.3,2.0,4.6,0.7
elderly_headed_hh,highest_quintile,1984,20.9,13.2,2.0,5.1,0.7
elderly_headed_hh,highest_quintile,1985,20.4,13.2,2.0,4.6,0.7
elderly_headed_hh,highest_quintile,1986,19.9,12.9,1.8,4.5,0.7
elderly_headed_hh,highest_quintile,1987,22.5,13.1,2.0,6.6,0.7
elderly_headed_hh,highest_quintile,1988,22.5,13.4,2.0,6.5,0.7
elderly_headed_hh,highest_quintile,1989,21.7,13.0,1.9,6.2,0.6
elderly_headed_hh,highest_quintile,1990,21.0,12.5,2.1,5.8,0.6
elderly_headed_hh,highest_quintile,1991,20.0,11.7,2.2,5.4,0.7
elderly_headed_hh,highest_quintile,1992,20.7,11.7,2.3,5.9,0.7
elderly_headed_hh,highest_quintile,1993,21.5,11.7,2.2,6.9,0.8
elderly_headed_hh,highest_quintile,1994,22.6,12.3,2.2,7.3,0.8
elderly_headed_hh,highest_quintile,1995,23.2,12.8,2.2,7.5,0.7
elderly_headed_hh,highest_quintile,1996,23.8,13.6,2.1,7.4,0.7
elderly_headed_hh,highest_quintile,1997,23.4,13.8,2.0,7.0,0.6
elderly_headed_hh,highest_quintile,1998,22.9,13.9,2.0,6.3,0.7
elderly_headed_hh,highest_quintile,1999,23.7,14.9,2.0,6.2,0.7
elderly_headed_hh,highest_quintile,2000,23.1,15.0,2.0,5.6,0.6
elderly_headed_hh,highest_quintile,2001,21.4,14.0,2.3,4.5,0.6
elderly_headed_hh,highest_quintile,2002,20.8,13.4,2.2,4.6,0.6
elderly_headed_hh,highest_quintile,2003,20.5,11.6,2.5,5.9,0.6
elderly_headed_hh,highest_quintile,2004,21.3,11.8,2.2,6.7,0.6
elderly_headed_hh,highest_quintile,2005,22.1,11.8,2.1,7.6,0.6
elderly_headed_hh,highest_quintile,2006,22.0,11.8,2.0,7.7,0.5
elderly_headed_hh,highest_quintile,2007,20.9,12.2,2.0,6.3,0.4
elderly_headed_hh,highest_quintile,2008,18.9,11.7,2.4,4.3,0.4
elderly_headed_hh,highest_quintile,2009,17.6,10.9,2.7,3.6,0.4
elderly_headed_hh,highest_quintile,2010,18.7,11.3,2.6,4.4,0.4
elderly_headed_hh,highest_quintile,2011,19.4,12.1,2.3,4.5,0.4
elderly_headed_hh,highest_quintile,2012,20.1,12.4,2.3,4.9,0.4
elderly_headed_hh,highest_quintile,2013,21.5,12.9,2.8,5.3,0.5
elderly_headed_hh,highest_quintile,2014,22.2,13.6,2.7,5.5,0.5
elderly_headed_hh,highest_quintile,2015,22.2,13.8,2.8,5.1,0.5
elderly_headed_hh,highest_quintile,2016,22.1,13.6,2.9,5.1,0.5
elderly_headed_hh,percentiles_81_90,1979,17.9,7.2,3.2,6.5,1.0
elderly_headed_hh,percentiles_81_90,1980,16.6,7.6,2.9,5.3,0.8
elderly_headed_hh,percentiles_81_90,1981,15.2,7.7,2.8,3.9,0.8
elderly_headed_hh,percentiles_81_90,1982,13.1,7.3,2.8,2.2,0.8
elderly_headed_hh,percentiles_81_90,1983,13.1,6.5,2.7,3.0,0.9
elderly_headed_hh,percentiles_81_90,1984,14.0,6.9,2.8,3.4,0.9
elderly_headed_hh,percentiles_81_90,1985,13.4,6.8,2.7,3.0,0.9
elderly_headed_hh,percentiles_81_90,1986,13.3,6.6,2.7,3.1,0.9
elderly_headed_hh,percentiles_81_90,1987,15.2,7.1,2.8,4.4,0.9
elderly_headed_hh,percentiles_81_90,1988,15.6,7.5,3.0,4.2,0.9
elderly_headed_hh,percentiles_81_90,1989,15.2,7.6,2.6,4.0,0.8
elderly_headed_hh,percentiles_81_90,1990,14.6,7.4,2.6,3.7,0.9
elderly_headed_hh,percentiles_81_90,1991,13.6,6.9,2.4,3.4,1.0
elderly_headed_hh,percentiles_81_90,1992,14.1,6.7,3.0,3.5,1.0
elderly_headed_hh,percentiles_81_90,1993,13.8,6.4,2.5,4.0,1.0
elderly_headed_hh,percentiles_81_90,1994,15.1,7.1,2.7,4.3,1.1
elderly_headed_hh,percentiles_81_90,1995,15.6,7.5,2.6,4.5,1.0
elderly_headed_hh,percentiles_81_90,1996,15.4,7.5,2.6,4.3,0.9
elderly_headed_hh,percentiles_81_90,1997,15.4,7.7,2.6,4.2,0.9
elderly_headed_hh,percentiles_81_90,1998,15.8,8.4,2.7,3.6,1.0
elderly_headed_hh,percentiles_81_90,1999,16.4,9.0,2.7,3.6,1.1
elderly_headed_hh,percentiles_81_90,2000,16.2,9.2,2.7,3.4,0.9
elderly_headed_hh,percentiles_81_90,2001,14.5,8.3,3.0,2.4,0.9
elderly_headed_hh,percentiles_81_90,2002,13.5,7.6,2.9,2.1,0.9
elderly_headed_hh,percentiles_81_90,2003,13.1,6.7,3.2,2.4,0.8
elderly_headed_hh,percentiles_81_90,2004,13.4,6.8,3.0,2.7,0.8
elderly_headed_hh,percentiles_81_90,2005,14.1,7.0,3.0,3.3,0.8
elderly_headed_hh,percentiles_81_90,2006,14.2,7.1,2.8,3.6,0.7
elderly_headed_hh,percentiles_81_90,2007,13.5,7.0,2.9,2.9,0.7
elderly_headed_hh,percentiles_81_90,2008,11.4,6.0,3.0,1.7,0.6
elderly_headed_hh,percentiles_81_90,2009,10.8,5.9,3.0,1.3,0.6
elderly_headed_hh,percentiles_81_90,2010,11.6,6.3,3.0,1.7,0.6
elderly_headed_hh,percentiles_81_90,2011,12.0,7.1,2.6,1.7,0.6
elderly_headed_hh,percentiles_81_90,2012,12.4,7.2,2.9,1.7,0.7
elderly_headed_hh,percentiles_81_90,2013,13.1,7.1,3.2,2.2,0.7
elderly_headed_hh,percentiles_81_90,2014,13.5,7.3,3.3,2.2,0.7
elderly_headed_hh,percentiles_81_90,2015,13.7,7.6,3.5,1.9,0.7
elderly_headed_hh,percentiles_81_90,2016,13.7,7.6,3.5,2.0,0.6
elderly_headed_hh,percentiles_91_95,1979,20.7,9.3,3.2,7.3,0.9
elderly_headed_hh,percentiles_91_95,1980,20.0,10.1,2.7,6.4,0.8
elderly_headed_hh,percentiles_91_95,1981,18.8,10.6,2.9,4.6,0.7
elderly_headed_hh,percentiles_91_95,1982,16.2,9.9,2.8,2.8,0.7
elderly_headed_hh,percentiles_91_95,1983,15.9,8.9,2.7,3.5,0.8
elderly_headed_hh,percentiles_91_95,1984,17.7,10.2,2.7,4.0,0.8
elderly_headed_hh,percentiles_91_95,1985,17.4,10.1,3.0,3.5,0.8
elderly_headed_hh,percentiles_91_95,1986,17.0,9.6,2.9,3.7,0.8
elderly_headed_hh,percentiles_91_95,1987,19.0,10.2,2.9,5.0,0.8
elderly_headed_hh,percentiles_91_95,1988,18.7,10.0,3.1,4.8,0.8
elderly_headed_hh,percentiles_91_95,1989,18.7,10.3,2.7,4.9,0.8
elderly_headed_hh,percentiles_91_95,1990,18.3,9.9,3.0,4.6,0.8
elderly_headed_hh,percentiles_91_95,1991,17.4,9.6,2.8,4.0,0.9
elderly_headed_hh,percentiles_91_95,1992,17.5,9.5,2.7,4.5,0.9
elderly_headed_hh,percentiles_91_95,1993,17.7,8.8,2.9,5.2,0.9
elderly_headed_hh,percentiles_91_95,1994,18.6,9.7,2.7,5.3,0.9
elderly_headed_hh,percentiles_91_95,1995,19.3,9.9,2.8,5.7,0.9
elderly_headed_hh,percentiles_91_95,1996,19.8,10.5,2.9,5.7,0.8
elderly_headed_hh,percentiles_91_95,1997,19.4,10.7,2.6,5.4,0.8
elderly_headed_hh,percentiles_91_95,1998,19.2,10.9,2.8,4.6,0.9
elderly_headed_hh,percentiles_91_95,1999,20.1,11.5,2.9,4.7,0.9
elderly_headed_hh,percentiles_91_95,2000,19.5,11.8,2.8,4.2,0.8
elderly_headed_hh,percentiles_91_95,2001,17.7,10.8,3.2,3.0,0.7
elderly_headed_hh,percentiles_91_95,2002,16.5,10.2,2.9,2.7,0.7
elderly_headed_hh,percentiles_91_95,2003,16.1,8.7,3.3,3.3,0.7
elderly_headed_hh,percentiles_91_95,2004,16.9,8.9,3.2,4.0,0.8
elderly_headed_hh,percentiles_91_95,2005,17.4,8.8,3.2,4.7,0.7
elderly_headed_hh,percentiles_91_95,2006,17.6,8.9,3.0,5.0,0.6
elderly_headed_hh,percentiles_91_95,2007,16.9,9.4,3.0,3.9,0.6
elderly_headed_hh,percentiles_91_95,2008,15.0,8.6,3.5,2.3,0.5
elderly_headed_hh,percentiles_91_95,2009,13.8,8.0,3.4,1.8,0.5
elderly_headed_hh,percentiles_91_95,2010,14.6,8.7,3.2,2.2,0.5
elderly_headed_hh,percentiles_91_95,2011,15.4,9.4,3.1,2.3,0.5
elderly_headed_hh,percentiles_91_95,2012,15.6,9.6,3.1,2.4,0.6
elderly_headed_hh,percentiles_91_95,2013,16.6,9.4,3.6,3.1,0.6
elderly_headed_hh,percentiles_91_95,2014,16.7,9.5,3.5,3.1,0.6
elderly_headed_hh,percentiles_91_95,2015,17.1,9.8,3.7,2.9,0.6
elderly_headed_hh,percentiles_91_95,2016,17.0,9.9,3.7,2.9,0.6
elderly_headed_hh,percentiles_96_99,1979,26.3,13.4,2.0,10.0,0.8
elderly_headed_hh,percentiles_96_99,1980,25.4,14.6,2.0,8.0,0.7
elderly_headed_hh,percentiles_96_99,1981,24.5,15.6,2.1,6.2,0.6
elderly_headed_hh,percentiles_96_99,1982,21.3,15.0,2.3,3.4,0.6
elderly_headed_hh,percentiles_96_99,1983,20.4,13.1,2.0,4.6,0.7
elderly_headed_hh,percentiles_96_99,1984,22.1,14.2,2.2,5.0,0.7
elderly_headed_hh,percentiles_96_99,1985,21.7,14.1,2.2,4.7,0.7
elderly_headed_hh,percentiles_96_99,1986,21.0,13.4,2.3,4.5,0.8
elderly_headed_hh,percentiles_96_99,1987,24.1,14.2,2.2,6.9,0.8
elderly_headed_hh,percentiles_96_99,1988,23.3,13.7,2.1,6.7,0.8
elderly_headed_hh,percentiles_96_99,1989,23.3,14.1,2.1,6.5,0.6
elderly_headed_hh,percentiles_96_99,1990,22.5,13.6,2.4,5.9,0.6
elderly_headed_hh,percentiles_96_99,1991,21.7,12.8,2.6,5.6,0.7
elderly_headed_hh,percentiles_96_99,1992,21.9,12.3,2.6,6.3,0.7
elderly_headed_hh,percentiles_96_99,1993,22.3,11.9,2.6,7.0,0.8
elderly_headed_hh,percentiles_96_99,1994,22.5,12.2,2.6,7.0,0.7
elderly_headed_hh,percentiles_96_99,1995,23.8,13.0,2.6,7.5,0.7
elderly_headed_hh,percentiles_96_99,1996,23.8,13.5,2.5,7.2,0.7
elderly_headed_hh,percentiles_96_99,1997,23.9,13.8,2.4,7.0,0.7
elderly_headed_hh,percentiles_96_99,1998,23.2,13.8,2.3,6.4,0.7
elderly_headed_hh,percentiles_96_99,1999,23.8,14.6,2.2,6.2,0.8
elderly_headed_hh,percentiles_96_99,2000,23.5,15.0,2.2,5.7,0.7
elderly_headed_hh,percentiles_96_99,2001,21.6,14.1,2.5,4.4,0.6
elderly_headed_hh,percentiles_96_99,2002,21.3,13.8,2.6,4.4,0.6
elderly_headed_hh,percentiles_96_99,2003,20.8,11.8,2.9,5.4,0.6
elderly_headed_hh,percentiles_96_99,2004,21.3,11.6,2.8,6.1,0.7
elderly_headed_hh,percentiles_96_99,2005,22.4,12.0,2.6,7.2,0.6
elderly_headed_hh,percentiles_96_99,2006,22.5,12.1,2.5,7.4,0.5
elderly_headed_hh,percentiles_96_99,2007,21.7,12.7,2.4,6.1,0.5
elderly_headed_hh,percentiles_96_99,2008,19.6,12.4,3.1,3.6,0.5
elderly_headed_hh,percentiles_96_99,2009,18.1,11.0,3.6,3.1,0.4
elderly_headed_hh,percentiles_96_99,2010,19.6,12.1,3.4,3.7,0.4
elderly_headed_hh,percentiles_96_99,2011,19.8,12.6,3.0,3.7,0.5
elderly_headed_hh,percentiles_96_99,2012,20.7,13.1,3.1,4.0,0.5
elderly_headed_hh,percentiles_96_99,2013,22.0,12.9,3.5,5.0,0.5
elderly_headed_hh,percentiles_96_99,2014,22.2,13.2,3.3,5.3,0.5
elderly_headed_hh,percentiles_96_99,2015,22.2,13.5,3.4,4.9,0.5
elderly_headed_hh,percentiles_96_99,2016,22.3,13.6,3.6,4.6,0.5
elderly_headed_hh,top_1_percent,1979,36.7,21.4,0.4,14.3,0.6
elderly_headed_hh,top_1_percent,1980,35.0,22.5,0.5,11.4,0.5
elderly_headed_hh,top_1_percent,1981,31.7,21.9,0.6,8.8,0.4
elderly_headed_hh,top_1_percent,1982,27.3,20.7,0.8,5.4,0.4
elderly_headed_hh,top_1_percent,1983,26.8,19.0,0.8,6.6,0.4
elderly_headed_hh,top_1_percent,1984,27.8,19.4,0.7,7.3,0.4
elderly_headed_hh,top_1_percent,1985,26.6,19.2,0.7,6.3,0.4
elderly_headed_hh,top_1_percent,1986,24.7,17.9,0.6,5.7,0.5
elderly_headed_hh,top_1_percent,1987,29.1,18.7,0.7,9.2,0.5
elderly_headed_hh,top_1_percent,1988,29.0,19.2,0.6,8.8,0.4
elderly_headed_hh,top_1_percent,1989,27.6,18.0,0.7,8.6,0.3
elderly_headed_hh,top_1_percent,1990,27.4,18.0,0.7,8.3,0.3
elderly_headed_hh,top_1_percent,1991,27.1,17.4,1.0,8.3,0.4
elderly_headed_hh,top_1_percent,1992,28.5,17.9,1.0,9.2,0.4
elderly_headed_hh,top_1_percent,1993,30.9,18.7,1.0,10.8,0.4
elderly_headed_hh,top_1_percent,1994,32.1,18.9,1.2,11.6,0.4
elderly_headed_hh,top_1_percent,1995,33.1,19.8,1.1,11.8,0.4
elderly_headed_hh,top_1_percent,1996,33.3,20.8,1.0,11.1,0.4
elderly_headed_hh,top_1_percent,1997,31.7,20.3,0.9,10.2,0.3
elderly_headed_hh,top_1_percent,1998,29.9,19.6,0.9,9.1,0.3
elderly_headed_hh,top_1_percent,1999,30.1,20.3,0.9,8.4,0.4
elderly_headed_hh,top_1_percent,2000,29.5,20.5,0.9,7.8,0.3
elderly_headed_hh,top_1_percent,2001,29.2,20.6,1.0,7.3,0.3
elderly_headed_hh,top_1_percent,2002,29.4,20.1,1.1,7.9,0.3
elderly_headed_hh,top_1_percent,2003,28.5,16.9,1.0,10.2,0.3
elderly_headed_hh,top_1_percent,2004,28.3,16.2,0.9,10.9,0.4
elderly_headed_hh,top_1_percent,2005,28.8,16.0,0.8,11.6,0.3
elderly_headed_hh,top_1_percent,2006,28.5,15.9,0.8,11.6,0.3
elderly_headed_hh,top_1_percent,2007,26.4,16.1,0.7,9.4,0.2
elderly_headed_hh,top_1_percent,2008,25.9,17.1,1.0,7.5,0.2
elderly_headed_hh,top_1_percent,2009,26.3,17.4,1.4,7.3,0.2
elderly_headed_hh,top_1_percent,2010,27.1,16.9,1.2,8.7,0.2
elderly_headed_hh,top_1_percent,2011,27.3,17.4,1.1,8.6,0.2
elderly_headed_hh,top_1_percent,2012,27.1,17.0,0.9,8.9,0.2
elderly_headed_hh,top_1_percent,2013,31.9,20.5,1.4,9.8,0.2
elderly_headed_hh,top_1_percent,2014,32.2,21.1,1.2,9.7,0.2
elderly_headed_hh,top_1_percent,2015,31.8,21.2,1.4,9.0,0.2
elderly_headed_hh,top_1_percent,2016,31.9,20.8,1.4,9.4,0.2
nonelderly_childless_hh,all_quintiles,1979,24.6,12.9,7.7,3.1,1.0
nonelderly_childless_hh,all_quintiles,1980,24.8,13.6,7.7,2.5,0.9
nonelderly_childless_hh,all_quintiles,1981,25.1,13.9,8.4,2.0,0.8
nonelderly_childless_hh,all_quintiles,1982,23.3,12.7,8.5,1.3,0.8
nonelderly_childless_hh,all_quintiles,1983,22.7,11.6,8.6,1.6,0.9
nonelderly_childless_hh,all_quintiles,1984,22.6,11.2,8.6,1.8,0.9
nonelderly_childless_hh,all_quintiles,1985,23.1,11.5,8.9,1.7,0.9
nonelderly_childless_hh,all_quintiles,1986,23.1,11.7,8.9,1.7,0.9
nonelderly_childless_hh,all_quintiles,1987,24.0,11.8,9.2,2.1,0.9
nonelderly_childless_hh,all_quintiles,1988,24.1,11.9,9.2,2.2,0.9
nonelderly_childless_hh,all_quintiles,1989,23.9,11.7,9.3,2.0,0.9
nonelderly_childless_hh,all_quintiles,1990,24.0,11.7,9.5,2.0,0.8
nonelderly_childless_hh,all_quintiles,1991,24.1,11.6,9.7,1.8,0.9
nonelderly_childless_hh,all_quintiles,1992,24.1,11.7,9.5,1.9,0.9
nonelderly_childless_hh,all_quintiles,1993,24.5,11.7,9.6,2.3,1.0
nonelderly_childless_hh,all_quintiles,1994,24.9,11.7,9.7,2.4,1.1
nonelderly_childless_hh,all_quintiles,1995,25.1,11.8,9.7,2.5,1.0
nonelderly_childless_hh,all_quintiles,1996,25.3,12.3,9.5,2.6,0.9
nonelderly_childless_hh,all_quintiles,1997,25.4,12.7,9.3,2.6,0.9
nonelderly_childless_hh,all_quintiles,1998,25.1,12.6,9.3,2.3,0.9
nonelderly_childless_hh,all_quintiles,1999,25.3,12.9,9.2,2.3,0.9
nonelderly_childless_hh,all_quintiles,2000,25.2,13.2,9.1,2.2,0.8
nonelderly_childless_hh,all_quintiles,2001,23.9,11.8,9.7,1.5,0.8
nonelderly_childless_hh,all_quintiles,2002,23.0,11.0,9.8,1.4,0.9
nonelderly_childless_hh,all_quintiles,2003,22.3,9.9,9.7,1.8,0.8
nonelderly_childless_hh,all_quintiles,2004,22.5,10.1,9.3,2.3,0.8
nonelderly_childless_hh,all_quintiles,2005,22.9,10.4,8.8,3.0,0.8
nonelderly_childless_hh,all_quintiles,2006,22.9,10.3,8.8,3.1,0.7
nonelderly_childless_hh,all_quintiles,2007,22.3,10.3,9.0,2.5,0.6
nonelderly_childless_hh,all_quintiles,2008,20.7,9.1,9.4,1.6,0.7
nonelderly_childless_hh,all_quintiles,2009,20.2,8.6,9.7,1.3,0.7
nonelderly_childless_hh,all_quintiles,2010,20.6,8.8,9.5,1.6,0.7
nonelderly_childless_hh,all_quintiles,2011,20.3,9.6,8.3,1.7,0.7
nonelderly_childless_hh,all_quintiles,2012,20.9,10.2,8.1,1.9,0.7
nonelderly_childless_hh,all_quintiles,2013,22.7,10.3,9.6,2.0,0.8
nonelderly_childless_hh,all_quintiles,2014,23.1,10.6,9.5,2.2,0.8
nonelderly_childless_hh,all_quintiles,2015,22.9,10.5,9.6,2.0,0.8
nonelderly_childless_hh,all_quintiles,2016,22.9,10.6,9.6,2.0,0.7
nonelderly_childless_hh,lowest_quintile,1979,14.7,2.3,8.2,2.1,2.1
nonelderly_childless_hh,lowest_quintile,1980,14.6,2.8,8.2,1.7,1.8
nonelderly_childless_hh,lowest_quintile,1981,15.3,3.1,9.0,1.4,1.7
nonelderly_childless_hh,lowest_quintile,1982,14.5,2.6,9.2,0.8,1.8
nonelderly_childless_hh,lowest_quintile,1983,15.5,2.7,9.3,1.2,2.3
nonelderly_childless_hh,lowest_quintile,1984,15.6,2.7,9.0,1.6,2.3
nonelderly_childless_hh,lowest_quintile,1985,16.6,2.8,10.0,1.2,2.5
nonelderly_childless_hh,lowest_quintile,1986,15.9,2.3,9.8,1.3,2.5
nonelderly_childless_hh,lowest_quintile,1987,16.5,1.6,10.1,1.7,3.0
nonelderly_childless_hh,lowest_quintile,1988,16.8,1.6,10.8,1.6,2.8
nonelderly_childless_hh,lowest_quintile,1989,16.6,1.8,11.1,1.4,2.3
nonelderly_childless_hh,lowest_quintile,1990,17.3,2.2,11.3,1.4,2.4
nonelderly_childless_hh,lowest_quintile,1991,17.2,2.1,11.2,1.3,2.5
nonelderly_childless_hh,lowest_quintile,1992,17.0,1.7,11.2,1.4,2.7
nonelderly_childless_hh,lowest_quintile,1993,17.2,1.8,11.2,1.5,2.6
nonelderly_childless_hh,lowest_quintile,1994,16.8,1.0,11.1,1.7,3.0
nonelderly_childless_hh,lowest_quintile,1995,16.9,1.2,11.3,1.7,2.6
nonelderly_childless_hh,lowest_quintile,1996,16.3,1.1,11.2,1.7,2.4
nonelderly_childless_hh,lowest_quintile,1997,16.9,1.5,11.5,1.6,2.3
nonelderly_childless_hh,lowest_quintile,1998,16.3,1.2,11.4,1.4,2.3
nonelderly_childless_hh,lowest_quintile,1999,16.1,0.9,11.4,1.4,2.4
nonelderly_childless_hh,lowest_quintile,2000,16.6,1.4,11.5,1.3,2.4
nonelderly_childless_hh,lowest_quintile,2001,15.0,0.2,11.3,1.0,2.5
nonelderly_childless_hh,lowest_quintile,2002,14.4,0.0,11.1,0.9,2.3
nonelderly_childless_hh,lowest_quintile,2003,14.3,-0.4,11.1,1.2,2.5
nonelderly_childless_hh,lowest_quintile,2004,14.4,-0.3,11.1,1.4,2.1
nonelderly_childless_hh,lowest_quintile,2005,15.0,-0.1,11.2,1.6,2.2
nonelderly_childless_hh,lowest_quintile,2006,15.3,-0.2,11.4,1.7,2.3
nonelderly_childless_hh,lowest_quintile,2007,14.6,-0.1,11.5,1.5,1.8
nonelderly_childless_hh,lowest_quintile,2008,11.5,-2.9,11.4,0.9,2.0
nonelderly_childless_hh,lowest_quintile,2009,10.8,-3.1,11.1,0.7,2.0
nonelderly_childless_hh,lowest_quintile,2010,11.4,-2.8,11.1,1.0,2.2
nonelderly_childless_hh,lowest_quintile,2011,11.8,-1.2,9.7,1.0,2.3
nonelderly_childless_hh,lowest_quintile,2012,12.1,-1.0,9.7,1.1,2.4
nonelderly_childless_hh,lowest_quintile,2013,13.9,-1.0,11.3,1.2,2.4
nonelderly_childless_hh,lowest_quintile,2014,13.8,-1.3,11.5,1.2,2.4
nonelderly_childless_hh,lowest_quintile,2015,13.6,-1.2,11.4,1.1,2.2
nonelderly_childless_hh,lowest_quintile,2016,13.7,-1.0,11.6,1.1,2.0
nonelderly_childless_hh,second_quintile,1979,18.0,5.7,8.9,1.8,1.6
nonelderly_childless_hh,second_quintile,1980,18.1,6.3,8.8,1.6,1.4
nonelderly_childless_hh,second_quintile,1981,18.7,6.7,9.5,1.2,1.3
nonelderly_childless_hh,second_quintile,1982,17.4,5.9,9.5,0.8,1.3
nonelderly_childless_hh,second_quintile,1983,17.2,5.4,9.3,1.0,1.5
nonelderly_childless_hh,second_quintile,1984,17.7,5.5,9.4,1.2,1.5
nonelderly_childless_hh,second_quintile,1985,18.2,5.6,10.1,1.0,1.5
nonelderly_childless_hh,second_quintile,1986,18.3,5.5,10.2,1.0,1.5
nonelderly_childless_hh,second_quintile,1987,18.1,4.8,10.3,1.4,1.6
nonelderly_childless_hh,second_quintile,1988,18.6,4.9,10.8,1.3,1.6
nonelderly_childless_hh,second_quintile,1989,18.4,4.9,10.8,1.2,1.4
nonelderly_childless_hh,second_quintile,1990,18.7,5.1,11.0,1.2,1.5
nonelderly_childless_hh,second_quintile,1991,18.5,4.9,10.9,1.1,1.6
nonelderly_childless_hh,second_quintile,1992,18.3,4.7,10.8,1.1,1.7
nonelderly_childless_hh,second_quintile,1993,18.5,4.7,10.7,1.3,1.7
nonelderly_childless_hh,second_quintile,1994,18.5,4.4,10.8,1.4,2.0
nonelderly_childless_hh,second_quintile,1995,18.8,4.6,10.9,1.5,1.8
nonelderly_childless_hh,second_quintile,1996,18.5,4.6,10.8,1.5,1.6
nonelderly_childless_hh,second_quintile,1997,18.6,4.7,10.9,1.4,1.6
nonelderly_childless_hh,second_quintile,1998,18.2,4.5,10.9,1.2,1.5
nonelderly_childless_hh,second_quintile,1999,18.4,4.4,11.1,1.2,1.6
nonelderly_childless_hh,second_quintile,2000,18.3,4.6,10.9,1.2,1.5
nonelderly_childless_hh,second_quintile,2001,16.7,3.4,11.1,0.8,1.5
nonelderly_childless_hh,second_quintile,2002,16.1,2.9,10.9,0.7,1.5
nonelderly_childless_hh,second_quintile,2003,15.7,2.5,10.8,1.0,1.5
nonelderly_childless_hh,second_quintile,2004,15.9,2.6,10.8,1.1,1.4
nonelderly_childless_hh,second_quintile,2005,16.2,2.7,10.7,1.4,1.3
nonelderly_childless_hh,second_quintile,2006,16.3,2.7,10.7,1.6,1.3
nonelderly_childless_hh,second_quintile,2007,16.3,3.0,10.9,1.3,1.1
nonelderly_childless_hh,second_quintile,2008,13.4,0.7,10.9,0.8,1.1
nonelderly_childless_hh,second_quintile,2009,12.9,0.5,10.6,0.6,1.1
nonelderly_childless_hh,second_quintile,2010,13.2,0.7,10.4,0.8,1.2
nonelderly_childless_hh,second_quintile,2011,13.1,1.8,9.2,0.9,1.2
nonelderly_childless_hh,second_quintile,2012,13.5,2.0,9.2,0.9,1.2
nonelderly_childless_hh,second_quintile,2013,15.2,2.1,10.8,1.0,1.3
nonelderly_childless_hh,second_quintile,2014,15.3,2.0,10.9,1.1,1.4
nonelderly_childless_hh,second_quintile,2015,15.3,2.0,11.0,1.0,1.3
nonelderly_childless_hh,second_quintile,2016,15.6,2.2,11.1,1.0,1.2
nonelderly_childless_hh,middle_quintile,1979,20.8,8.4,9.3,1.8,1.2
nonelderly_childless_hh,middle_quintile,1980,21.0,9.1,9.3,1.5,1.1
nonelderly_childless_hh,middle_quintile,1981,21.6,9.5,9.9,1.2,1.0
nonelderly_childless_hh,middle_quintile,1982,20.2,8.5,9.9,0.8,1.0
nonelderly_childless_hh,middle_quintile,1983,19.7,7.8,9.7,1.0,1.1
nonelderly_childless_hh,middle_quintile,1984,20.0,7.7,10.0,1.2,1.2
nonelderly_childless_hh,middle_quintile,1985,20.7,7.9,10.6,1.0,1.2
nonelderly_childless_hh,middle_quintile,1986,20.8,7.9,10.7,1.1,1.1
nonelderly_childless_hh,middle_quintile,1987,20.4,7.2,10.7,1.4,1.2
nonelderly_childless_hh,middle_quintile,1988,20.5,7.0,11.0,1.3,1.2
nonelderly_childless_hh,middle_quintile,1989,20.6,7.2,11.1,1.3,1.1
nonelderly_childless_hh,middle_quintile,1990,20.9,7.3,11.3,1.2,1.1
nonelderly_childless_hh,middle_quintile,1991,20.6,7.1,11.1,1.1,1.2
nonelderly_childless_hh,middle_quintile,1992,20.4,6.9,11.1,1.1,1.3
nonelderly_childless_hh,middle_quintile,1993,20.4,6.8,10.9,1.3,1.3
nonelderly_childless_hh,middle_quintile,1994,20.6,6.7,11.0,1.4,1.5
nonelderly_childless_hh,middle_quintile,1995,20.6,6.7,11.1,1.5,1.4
nonelderly_childless_hh,middle_quintile,1996,20.6,6.7,11.1,1.5,1.3
nonelderly_childless_hh,middle_quintile,1997,20.7,6.9,11.2,1.4,1.2
nonelderly_childless_hh,middle_quintile,1998,20.5,6.8,11.2,1.3,1.2
nonelderly_childless_hh,middle_quintile,1999,20.6,6.8,11.2,1.3,1.3
nonelderly_childless_hh,middle_quintile,2000,20.3,6.8,11.2,1.2,1.2
nonelderly_childless_hh,middle_quintile,2001,18.8,5.6,11.2,0.8,1.1
nonelderly_childless_hh,middle_quintile,2002,18.3,5.3,11.1,0.7,1.2
nonelderly_childless_hh,middle_quintile,2003,18.0,4.9,11.0,0.9,1.1
nonelderly_childless_hh,middle_quintile,2004,18.1,4.9,10.9,1.1,1.1
nonelderly_childless_hh,middle_quintile,2005,18.2,4.9,10.8,1.5,1.1
nonelderly_childless_hh,middle_quintile,2006,18.4,5.0,10.8,1.6,1.0
nonelderly_childless_hh,middle_quintile,2007,18.1,5.1,10.8,1.3,0.9
nonelderly_childless_hh,middle_quintile,2008,15.6,3.2,10.8,0.8,0.8
nonelderly_childless_hh,middle_quintile,2009,15.2,3.0,10.6,0.6,0.9
nonelderly_childless_hh,middle_quintile,2010,15.5,3.4,10.4,0.8,0.9
nonelderly_childless_hh,middle_quintile,2011,15.2,4.3,9.1,0.9,0.9
nonelderly_childless_hh,middle_quintile,2012,15.6,4.5,9.2,0.9,1.0
nonelderly_childless_hh,middle_quintile,2013,17.2,4.5,10.6,1.0,1.0
nonelderly_childless_hh,middle_quintile,2014,17.3,4.4,10.7,1.1,1.1
nonelderly_childless_hh,middle_quintile,2015,17.5,4.5,10.9,1.1,1.0
nonelderly_childless_hh,middle_quintile,2016,17.4,4.6,10.9,1.0,1.0
nonelderly_childless_hh,fourth_quintile,1979,23.2,11.0,9.3,1.9,1.0
nonelderly_childless_hh,fourth_quintile,1980,23.5,11.7,9.3,1.7,0.9
nonelderly_childless_hh,fourth_quintile,1981,24.3,12.2,10.1,1.3,0.8
nonelderly_childless_hh,fourth_quintile,1982,22.9,11.2,10.1,0.8,0.8
nonelderly_childless_hh,fourth_quintile,1983,22.3,10.2,10.1,1.0,1.0
nonelderly_childless_hh,fourth_quintile,1984,22.3,9.8,10.3,1.2,1.0
nonelderly_childless_hh,fourth_quintile,1985,22.7,9.9,10.8,1.1,0.9
nonelderly_childless_hh,fourth_quintile,1986,22.9,9.9,11.0,1.1,0.9
nonelderly_childless_hh,fourth_quintile,1987,22.5,9.2,10.9,1.4,1.0
nonelderly_childless_hh,fourth_quintile,1988,22.9,9.2,11.3,1.4,1.0
nonelderly_childless_hh,fourth_quintile,1989,22.8,9.3,11.2,1.3,0.9
nonelderly_childless_hh,fourth_quintile,1990,22.9,9.2,11.5,1.2,0.9
nonelderly_childless_hh,fourth_quintile,1991,22.7,9.2,11.4,1.2,1.0
nonelderly_childless_hh,fourth_quintile,1992,22.4,8.8,11.3,1.2,1.0
nonelderly_childless_hh,fourth_quintile,1993,22.4,8.7,11.3,1.4,1.0
nonelderly_childless_hh,fourth_quintile,1994,22.6,8.7,11.3,1.5,1.1
nonelderly_childless_hh,fourth_quintile,1995,22.6,8.7,11.3,1.6,1.1
nonelderly_childless_hh,fourth_quintile,1996,22.8,8.9,11.4,1.6,1.0
nonelderly_childless_hh,fourth_quintile,1997,23.0,9.0,11.5,1.5,1.0
nonelderly_childless_hh,fourth_quintile,1998,22.9,9.1,11.5,1.4,1.0
nonelderly_childless_hh,fourth_quintile,1999,22.9,9.1,11.5,1.3,1.0
nonelderly_childless_hh,fourth_quintile,2000,22.8,9.2,11.4,1.3,0.9
nonelderly_childless_hh,fourth_quintile,2001,21.5,8.2,11.5,0.9,0.9
nonelderly_childless_hh,fourth_quintile,2002,20.8,7.8,11.3,0.8,0.9
nonelderly_childless_hh,fourth_quintile,2003,20.2,7.1,11.2,1.0,0.9
nonelderly_childless_hh,fourth_quintile,2004,20.2,7.0,11.1,1.2,0.9
nonelderly_childless_hh,fourth_quintile,2005,20.5,7.1,11.0,1.6,0.8
nonelderly_childless_hh,fourth_quintile,2006,20.5,7.1,11.0,1.7,0.8
nonelderly_childless_hh,fourth_quintile,2007,20.3,7.2,11.0,1.5,0.7
nonelderly_childless_hh,fourth_quintile,2008,18.4,5.8,11.1,0.9,0.6
nonelderly_childless_hh,fourth_quintile,2009,17.9,5.6,10.9,0.7,0.6
nonelderly_childless_hh,fourth_quintile,2010,18.1,5.9,10.7,0.9,0.6
nonelderly_childless_hh,fourth_quintile,2011,17.9,6.9,9.4,0.9,0.7
nonelderly_childless_hh,fourth_quintile,2012,18.3,7.1,9.5,1.0,0.7
nonelderly_childless_hh,fourth_quintile,2013,20.0,7.2,11.0,1.2,0.7
nonelderly_childless_hh,fourth_quintile,2014,20.3,7.2,11.1,1.2,0.8
nonelderly_childless_hh,fourth_quintile,2015,20.4,7.3,11.1,1.2,0.8
nonelderly_childless_hh,fourth_quintile,2016,20.4,7.4,11.2,1.1,0.7
nonelderly_childless_hh,highest_quintile,1979,27.4,16.1,6.5,4.0,0.8
nonelderly_childless_hh,highest_quintile,1980,27.4,16.9,6.6,3.2,0.7
nonelderly_childless_hh,highest_quintile,1981,27.3,17.0,7.2,2.6,0.6
nonelderly_childless_hh,highest_quintile,1982,25.0,15.5,7.4,1.6,0.6
nonelderly_childless_hh,highest_quintile,1983,24.3,14.2,7.4,2.0,0.7
nonelderly_childless_hh,highest_quintile,1984,24.1,13.7,7.5,2.2,0.7
nonelderly_childless_hh,highest_quintile,1985,24.4,14.0,7.6,2.1,0.7
nonelderly_childless_hh,highest_quintile,1986,24.2,14.1,7.5,2.1,0.6
nonelderly_childless_hh,highest_quintile,1987,26.0,14.8,7.9,2.6,0.7
nonelderly_childless_hh,highest_quintile,1988,25.8,14.9,7.7,2.6,0.6
nonelderly_childless_hh,highest_quintile,1989,25.5,14.6,7.8,2.5,0.6
nonelderly_childless_hh,highest_quintile,1990,25.5,14.6,7.9,2.5,0.6
nonelderly_childless_hh,highest_quintile,1991,25.8,14.5,8.4,2.2,0.7
nonelderly_childless_hh,highest_quintile,1992,26.0,14.8,8.1,2.4,0.6
nonelderly_childless_hh,highest_quintile,1993,26.9,15.0,8.3,2.8,0.7
nonelderly_childless_hh,highest_quintile,1994,27.4,15.1,8.5,3.0,0.7
nonelderly_childless_hh,highest_quintile,1995,27.8,15.4,8.4,3.2,0.7
nonelderly_childless_hh,highest_quintile,1996,28.0,16.0,8.2,3.2,0.6
nonelderly_childless_hh,highest_quintile,1997,28.1,16.4,7.9,3.2,0.6
nonelderly_childless_hh,highest_quintile,1998,27.8,16.5,7.7,3.0,0.6
nonelderly_childless_hh,highest_quintile,1999,28.1,16.9,7.7,2.9,0.6
nonelderly_childless_hh,highest_quintile,2000,28.0,17.3,7.5,2.8,0.5
nonelderly_childless_hh,highest_quintile,2001,26.9,16.1,8.3,2.0,0.5
nonelderly_childless_hh,highest_quintile,2002,26.1,15.1,8.6,1.8,0.6
nonelderly_childless_hh,highest_quintile,2003,25.0,13.5,8.5,2.4,0.6
nonelderly_childless_hh,highest_quintile,2004,25.2,13.7,7.9,3.0,0.5
nonelderly_childless_hh,highest_quintile,2005,25.6,14.0,7.2,3.9,0.5
nonelderly_childless_hh,highest_quintile,2006,25.6,13.9,7.2,4.0,0.4
nonelderly_childless_hh,highest_quintile,2007,25.0,14.0,7.4,3.2,0.4
nonelderly_childless_hh,highest_quintile,2008,24.0,13.5,7.9,2.1,0.4
nonelderly_childless_hh,highest_quintile,2009,23.6,13.0,8.5,1.7,0.4
nonelderly_childless_hh,highest_quintile,2010,24.2,13.3,8.2,2.2,0.4
nonelderly_childless_hh,highest_quintile,2011,23.6,13.8,7.2,2.2,0.4
nonelderly_childless_hh,highest_quintile,2012,24.1,14.2,6.9,2.6,0.4
nonelderly_childless_hh,highest_quintile,2013,26.3,14.9,8.3,2.7,0.5
nonelderly_childless_hh,highest_quintile,2014,26.7,15.3,8.0,2.9,0.5
nonelderly_childless_hh,highest_quintile,2015,26.6,15.3,8.2,2.6,0.5
nonelderly_childless_hh,highest_quintile,2016,26.7,15.4,8.1,2.7,0.5
nonelderly_childless_hh,percentiles_81_90,1979,25.0,13.0,8.8,2.2,0.9
nonelderly_childless_hh,percentiles_81_90,1980,25.5,14.0,8.9,1.8,0.8
nonelderly_childless_hh,percentiles_81_90,1981,26.1,14.4,9.5,1.5,0.7
nonelderly_childless_hh,percentiles_81_90,1982,24.4,13.2,9.6,0.9,0.7
nonelderly_childless_hh,percentiles_81_90,1983,23.6,11.8,9.8,1.1,0.8
nonelderly_childless_hh,percentiles_81_90,1984,23.6,11.4,10.1,1.3,0.8
nonelderly_childless_hh,percentiles_81_90,1985,23.9,11.5,10.4,1.2,0.8
nonelderly_childless_hh,percentiles_81_90,1986,24.2,11.6,10.7,1.2,0.8
nonelderly_childless_hh,percentiles_81_90,1987,24.2,11.2,10.6,1.5,0.8
nonelderly_childless_hh,percentiles_81_90,1988,24.4,11.1,11.0,1.4,0.8
nonelderly_childless_hh,percentiles_81_90,1989,24.4,11.3,10.9,1.4,0.8
nonelderly_childless_hh,percentiles_81_90,1990,24.3,11.1,11.1,1.3,0.8
nonelderly_childless_hh,percentiles_81_90,1991,24.1,11.0,11.1,1.2,0.8
nonelderly_childless_hh,percentiles_81_90,1992,24.1,10.8,11.1,1.3,0.9
nonelderly_childless_hh,percentiles_81_90,1993,24.0,10.5,11.1,1.5,0.9
nonelderly_childless_hh,percentiles_81_90,1994,24.3,10.7,11.2,1.5,0.9
nonelderly_childless_hh,percentiles_81_90,1995,24.5,10.8,11.1,1.7,0.9
nonelderly_childless_hh,percentiles_81_90,1996,24.6,10.9,11.1,1.8,0.8
nonelderly_childless_hh,percentiles_81_90,1997,24.8,11.1,11.2,1.7,0.8
nonelderly_childless_hh,percentiles_81_90,1998,24.7,11.2,11.2,1.5,0.8
nonelderly_childless_hh,percentiles_81_90,1999,24.8,11.3,11.2,1.5,0.9
nonelderly_childless_hh,percentiles_81_90,2000,24.7,11.5,11.1,1.4,0.8
nonelderly_childless_hh,percentiles_81_90,2001,23.6,10.5,11.4,1.0,0.7
nonelderly_childless_hh,percentiles_81_90,2002,22.9,10.0,11.2,0.9,0.7
nonelderly_childless_hh,percentiles_81_90,2003,22.1,9.0,11.2,1.1,0.7
nonelderly_childless_hh,percentiles_81_90,2004,22.0,9.0,10.9,1.3,0.7
nonelderly_childless_hh,percentiles_81_90,2005,22.1,8.8,10.9,1.7,0.7
nonelderly_childless_hh,percentiles_81_90,2006,22.4,9.0,10.8,1.9,0.6
nonelderly_childless_hh,percentiles_81_90,2007,22.1,9.1,10.8,1.6,0.6
nonelderly_childless_hh,percentiles_81_90,2008,20.6,8.1,10.9,1.0,0.5
nonelderly_childless_hh,percentiles_81_90,2009,20.2,7.9,11.0,0.8,0.5
nonelderly_childless_hh,percentiles_81_90,2010,20.8,8.4,10.9,1.0,0.5
nonelderly_childless_hh,percentiles_81_90,2011,20.2,9.1,9.5,1.0,0.5
nonelderly_childless_hh,percentiles_81_90,2012,20.5,9.3,9.5,1.1,0.6
nonelderly_childless_hh,percentiles_81_90,2013,22.5,9.6,11.1,1.3,0.6
nonelderly_childless_hh,percentiles_81_90,2014,22.7,9.6,10.9,1.4,0.7
nonelderly_childless_hh,percentiles_81_90,2015,22.9,9.9,11.0,1.3,0.7
nonelderly_childless_hh,percentiles_81_90,2016,23.0,10.0,11.1,1.3,0.6
nonelderly_childless_hh,percentiles_91_95,1979,25.9,14.7,7.9,2.5,0.8
nonelderly_childless_hh,percentiles_91_95,1980,26.5,15.7,7.9,2.2,0.7
nonelderly_childless_hh,percentiles_91_95,1981,27.2,16.2,8.6,1.7,0.6
nonelderly_childless_hh,percentiles_91_95,1982,24.7,14.2,8.9,1.0,0.6
nonelderly_childless_hh,percentiles_91_95,1983,24.2,13.1,9.1,1.3,0.7
nonelderly_childless_hh,percentiles_91_95,1984,23.9,12.5,9.1,1.5,0.8
nonelderly_childless_hh,percentiles_91_95,1985,24.3,12.7,9.6,1.3,0.7
nonelderly_childless_hh,percentiles_91_95,1986,24.4,12.7,9.7,1.3,0.7
nonelderly_childless_hh,percentiles_91_95,1987,25.1,13.0,9.7,1.7,0.7
nonelderly_childless_hh,percentiles_91_95,1988,25.1,12.6,10.0,1.7,0.7
nonelderly_childless_hh,percentiles_91_95,1989,24.9,12.7,9.8,1.7,0.7
nonelderly_childless_hh,percentiles_91_95,1990,25.1,12.6,10.3,1.6,0.7
nonelderly_childless_hh,percentiles_91_95,1991,25.0,12.3,10.5,1.4,0.7
nonelderly_childless_hh,percentiles_91_95,1992,24.8,12.2,10.3,1.6,0.8
nonelderly_childless_hh,percentiles_91_95,1993,25.1,12.1,10.4,1.8,0.8
nonelderly_childless_hh,percentiles_91_95,1994,25.5,12.3,10.6,1.8,0.8
nonelderly_childless_hh,percentiles_91_95,1995,25.7,12.4,10.6,2.0,0.8
nonelderly_childless_hh,percentiles_91_95,1996,25.7,12.6,10.4,2.0,0.7
nonelderly_childless_hh,percentiles_91_95,1997,26.1,13.1,10.3,2.0,0.7
nonelderly_childless_hh,percentiles_91_95,1998,26.0,13.2,10.2,1.8,0.7
nonelderly_childless_hh,percentiles_91_95,1999,26.2,13.5,10.2,1.8,0.7
nonelderly_childless_hh,percentiles_91_95,2000,26.1,13.6,10.1,1.7,0.7
nonelderly_childless_hh,percentiles_91_95,2001,25.2,12.7,10.7,1.1,0.6
nonelderly_childless_hh,percentiles_91_95,2002,24.5,12.1,10.7,1.0,0.6
nonelderly_childless_hh,percentiles_91_95,2003,23.4,10.8,10.7,1.3,0.6
nonelderly_childless_hh,percentiles_91_95,2004,23.4,10.8,10.3,1.6,0.6
nonelderly_childless_hh,percentiles_91_95,2005,23.5,10.7,10.1,2.1,0.6
nonelderly_childless_hh,percentiles_91_95,2006,23.6,10.9,9.9,2.3,0.5
nonelderly_childless_hh,percentiles_91_95,2007,23.4,11.0,10.1,1.9,0.5
nonelderly_childless_hh,percentiles_91_95,2008,22.4,10.4,10.4,1.1,0.5
nonelderly_childless_hh,percentiles_91_95,2009,22.0,10.2,10.5,0.9,0.5
nonelderly_childless_hh,percentiles_91_95,2010,22.6,10.5,10.4,1.2,0.5
nonelderly_childless_hh,percentiles_91_95,2011,21.9,11.2,9.1,1.1,0.5
nonelderly_childless_hh,percentiles_91_95,2012,22.4,11.4,9.1,1.3,0.5
nonelderly_childless_hh,percentiles_91_95,2013,23.9,11.4,10.4,1.6,0.5
nonelderly_childless_hh,percentiles_91_95,2014,24.5,11.9,10.4,1.7,0.6
nonelderly_childless_hh,percentiles_91_95,2015,24.5,12.0,10.4,1.5,0.6
nonelderly_childless_hh,percentiles_91_95,2016,24.4,12.0,10.3,1.6,0.6
nonelderly_childless_hh,percentiles_96_99,1979,27.6,17.5,5.3,4.1,0.7
nonelderly_childless_hh,percentiles_96_99,1980,27.8,18.4,5.5,3.3,0.6
nonelderly_childless_hh,percentiles_96_99,1981,27.9,18.6,6.2,2.6,0.6
nonelderly_childless_hh,percentiles_96_99,1982,25.3,16.7,6.6,1.4,0.5
nonelderly_childless_hh,percentiles_96_99,1983,23.9,14.7,6.7,1.9,0.6
nonelderly_childless_hh,percentiles_96_99,1984,23.4,14.1,6.7,2.0,0.7
nonelderly_childless_hh,percentiles_96_99,1985,24.1,14.4,7.0,1.9,0.7
nonelderly_childless_hh,percentiles_96_99,1986,24.0,14.6,6.9,1.9,0.6
nonelderly_childless_hh,percentiles_96_99,1987,26.2,15.7,7.3,2.6,0.6
nonelderly_childless_hh,percentiles_96_99,1988,25.7,15.3,7.3,2.5,0.6
nonelderly_childless_hh,percentiles_96_99,1989,25.5,15.4,7.3,2.3,0.6
nonelderly_childless_hh,percentiles_96_99,1990,25.5,15.0,7.8,2.2,0.5
nonelderly_childless_hh,percentiles_96_99,1991,25.8,14.9,8.3,2.0,0.6
nonelderly_childless_hh,percentiles_96_99,1992,25.9,14.9,8.3,2.1,0.6
nonelderly_childless_hh,percentiles_96_99,1993,26.4,14.8,8.4,2.6,0.7
nonelderly_childless_hh,percentiles_96_99,1994,26.8,15.1,8.4,2.5,0.7
nonelderly_childless_hh,percentiles_96_99,1995,27.3,15.5,8.3,2.9,0.7
nonelderly_childless_hh,percentiles_96_99,1996,27.5,16.0,8.1,2.8,0.6
nonelderly_childless_hh,percentiles_96_99,1997,27.5,16.3,7.7,2.9,0.6
nonelderly_childless_hh,percentiles_96_99,1998,27.6,16.8,7.7,2.5,0.6
nonelderly_childless_hh,percentiles_96_99,1999,28.0,17.3,7.6,2.5,0.6
nonelderly_childless_hh,percentiles_96_99,2000,28.0,17.5,7.6,2.4,0.5
nonelderly_childless_hh,percentiles_96_99,2001,26.9,16.4,8.3,1.6,0.5
nonelderly_childless_hh,percentiles_96_99,2002,26.1,15.5,8.6,1.4,0.5
nonelderly_childless_hh,percentiles_96_99,2003,24.9,13.9,8.7,1.9,0.5
nonelderly_childless_hh,percentiles_96_99,2004,25.2,14.3,8.1,2.4,0.5
nonelderly_childless_hh,percentiles_96_99,2005,25.5,14.5,7.4,3.2,0.5
nonelderly_childless_hh,percentiles_96_99,2006,25.8,14.8,7.3,3.3,0.4
nonelderly_childless_hh,percentiles_96_99,2007,25.4,15.0,7.3,2.7,0.4
nonelderly_childless_hh,percentiles_96_99,2008,24.6,14.6,8.0,1.6,0.4
nonelderly_childless_hh,percentiles_96_99,2009,24.1,13.9,8.6,1.2,0.4
nonelderly_childless_hh,percentiles_96_99,2010,24.7,14.5,8.2,1.6,0.4
nonelderly_childless_hh,percentiles_96_99,2011,24.1,14.9,7.2,1.6,0.4
nonelderly_childless_hh,percentiles_96_99,2012,24.8,15.5,7.0,1.8,0.4
nonelderly_childless_hh,percentiles_96_99,2013,26.3,15.5,8.2,2.2,0.4
nonelderly_childless_hh,percentiles_96_99,2014,26.8,16.0,7.9,2.4,0.5
nonelderly_childless_hh,percentiles_96_99,2015,26.8,16.2,7.9,2.2,0.5
nonelderly_childless_hh,percentiles_96_99,2016,26.7,16.2,8.0,2.1,0.5
nonelderly_childless_hh,top_1_percent,1979,33.9,22.6,1.2,9.7,0.4
nonelderly_childless_hh,top_1_percent,1980,31.8,22.5,1.4,7.6,0.4
nonelderly_childless_hh,top_1_percent,1981,29.2,20.9,1.6,6.3,0.4
nonelderly_childless_hh,top_1_percent,1982,26.2,20.0,1.9,4.0,0.3
nonelderly_childless_hh,top_1_percent,1983,26.2,19.1,2.0,4.6,0.4
nonelderly_childless_hh,top_1_percent,1984,25.9,18.7,1.7,5.1,0.4
nonelderly_childless_hh,top_1_percent,1985,25.6,18.8,1.6,4.7,0.4
nonelderly_childless_hh,top_1_percent,1986,24.3,18.4,1.4,4.2,0.4
nonelderly_childless_hh,top_1_percent,1987,30.0,22.2,1.9,5.5,0.4
nonelderly_childless_hh,top_1_percent,1988,28.4,21.3,1.6,5.1,0.3
nonelderly_childless_hh,top_1_percent,1989,27.8,20.6,1.8,5.1,0.3
nonelderly_childless_hh,top_1_percent,1990,27.5,20.4,1.8,5.0,0.3
nonelderly_childless_hh,top_1_percent,1991,29.0,21.4,2.6,4.7,0.3
nonelderly_childless_hh,top_1_percent,1992,29.5,22.1,2.3,4.8,0.3
nonelderly_childless_hh,top_1_percent,1993,33.0,24.2,2.5,6.0,0.4
nonelderly_childless_hh,top_1_percent,1994,34.3,24.0,3.1,6.8,0.4
nonelderly_childless_hh,top_1_percent,1995,34.5,24.5,2.9,6.7,0.4
nonelderly_childless_hh,top_1_percent,1996,34.7,25.2,2.7,6.4,0.3
nonelderly_childless_hh,top_1_percent,1997,33.9,24.9,2.5,6.2,0.3
nonelderly_childless_hh,top_1_percent,1998,32.6,24.4,2.3,5.8,0.2
nonelderly_childless_hh,top_1_percent,1999,32.7,24.7,2.4,5.4,0.3
nonelderly_childless_hh,top_1_percent,2000,32.2,24.7,2.3,5.0,0.2
nonelderly_childless_hh,top_1_percent,2001,32.1,24.8,2.9,4.2,0.2
nonelderly_childless_hh,top_1_percent,2002,31.6,24.1,3.1,4.1,0.3
nonelderly_childless_hh,top_1_percent,2003,30.2,21.3,3.0,5.7,0.3
nonelderly_childless_hh,top_1_percent,2004,30.0,20.8,2.5,6.4,0.3
nonelderly_childless_hh,top_1_percent,2005,30.3,20.4,2.1,7.5,0.3
nonelderly_childless_hh,top_1_percent,2006,29.8,19.9,2.0,7.7,0.2
nonelderly_childless_hh,top_1_percent,2007,28.4,20.1,2.1,6.1,0.2
nonelderly_childless_hh,top_1_percent,2008,28.3,21.0,2.5,4.5,0.3
nonelderly_childless_hh,top_1_percent,2009,28.8,21.5,3.0,4.1,0.3
nonelderly_childless_hh,top_1_percent,2010,29.3,20.8,2.8,5.3,0.3
nonelderly_childless_hh,top_1_percent,2011,29.0,20.7,2.6,5.4,0.3
nonelderly_childless_hh,top_1_percent,2012,28.7,20.5,2.2,5.8,0.3
nonelderly_childless_hh,top_1_percent,2013,33.1,23.8,3.0,6.0,0.3
nonelderly_childless_hh,top_1_percent,2014,33.2,24.2,2.7,6.0,0.2
nonelderly_childless_hh,top_1_percent,2015,32.9,24.0,2.9,5.7,0.3
nonelderly_childless_hh,top_1_percent,2016,32.9,23.9,2.9,5.9,0.2
