household_type,income_group,year,all_federal_taxes,individual_income_tax,payroll_taxes,corporate_income_tax,excise_taxes
all_households,all_quintiles,1979,100.0,100.0,100.0,100.0,100.0
all_households,all_quintiles,1980,100.0,100.0,100.0,100.0,100.0
all_households,all_quintiles,1981,100.0,100.0,100.0,100.0,100.0
all_households,all_quintiles,1982,100.0,100.0,100.0,100.0,100.0
all_households,all_quintiles,1983,100.0,100.0,100.0,100.0,100.0
all_households,all_quintiles,1984,100.0,100.0,100.0,100.0,100.0
all_households,all_quintiles,1985,100.0,100.0,100.0,100.0,100.0
all_households,all_quintiles,1986,100.0,100.0,100.0,100.0,100.0
all_households,all_quintiles,1987,100.0,100.0,100.0,100.0,100.0
all_households,all_quintiles,1988,100.0,100.0,100.0,100.0,100.0
all_households,all_quintiles,1989,100.0,100.0,100.0,100.0,100.0
all_households,all_quintiles,1990,100.0,100.0,100.0,100.0,100.0
all_households,all_quintiles,1991,100.0,100.0,100.0,100.0,100.0
all_households,all_quintiles,1992,100.0,100.0,100.0,100.0,100.0
all_households,all_quintiles,1993,100.0,100.0,100.0,100.0,100.0
all_households,all_quintiles,1994,100.0,100.0,100.0,100.0,100.0
all_households,all_quintiles,1995,100.0,100.0,100.0,100.0,100.0
all_households,all_quintiles,1996,100.0,100.0,100.0,100.0,100.0
all_households,all_quintiles,1997,100.0,100.0,100.0,100.0,100.0
all_households,all_quintiles,1998,100.0,100.0,100.0,100.0,100.0
all_households,all_quintiles,1999,100.0,100.0,100.0,100.0,100.0
all_households,all_quintiles,2000,100.0,100.0,100.0,100.0,100.0
all_households,all_quintiles,2001,100.0,100.0,100.0,100.0,100.0
all_households,all_quintiles,2002,100.0,100.0,100.0,100.0,100.0
all_households,all_quintiles,2003,100.0,100.0,100.0,100.0,100.0
all_households,all_quintiles,2004,100.0,100.0,100.0,100.0,100.0
all_households,all_quintiles,2005,100.0,100.0,100.0,100.0,100.0
all_households,all_quintiles,2006,100.0,100.0,100.0,100.0,100.0
all_households,all_quintiles,2007,100.0,100.0,100.0,100.0,100.0
all_households,all_quintiles,2008,100.0,100.0,100.0,100.0,100.0
all_households,all_quintiles,2009,100.0,100.0,100.0,100.0,100.0
all_households,all_quintiles,2010,100.0,100.0,100.0,100.0,100.0
all_households,all_quintiles,2011,100.0,100.0,100.0,100.0,100.0
all_households,all_quintiles,2012,100.0,100.0,100.0,100.0,100.0
all_households,all_quintiles,2013,100.0,100.0,100.0,100.0,100.0
all_households,all_quintiles,2014,100.0,100.0,100.0,100.0,100.0
all_households,all_quintiles,2015,100.0,100.0,100.0,100.0,100.0
all_households,all_quintiles,2016,100.0,100.0,100.0,100.0,100.0
all_households,lowest_quintile,1979,2.9,0.5,5.7,2.8,10.3
all_households,lowest_quintile,1980,2.9,0.7,5.8,2.7,10.1
all_households,lowest_quintile,1981,3.0,0.8,5.8,2.6,10.0
all_households,lowest_quintile,1982,3.0,0.8,5.6,2.5,10.1
all_households,lowest_quintile,1983,3.1,0.7,5.5,2.5,11.1
all_households,lowest_quintile,1984,3.3,0.9,5.6,2.7,11.8
all_households,lowest_quintile,1985,3.3,0.8,5.7,2.4,11.6
all_households,lowest_quintile,1986,3.0,0.7,5.4,2.2,10.5
all_households,lowest_quintile,1987,2.5,0.1,4.8,2.2,10.3
all_households,lowest_quintile,1988,2.4,-0.1,5.0,2.1,9.9
all_households,lowest_quintile,1989,2.4,-0.3,5.2,2.1,9.8
all_households,lowest_quintile,1990,2.9,0.1,5.5,2.3,10.6
all_households,lowest_quintile,1991,3.0,-0.1,5.7,2.4,10.8
all_households,lowest_quintile,1992,2.8,-0.3,5.7,2.4,10.8
all_households,lowest_quintile,1993,2.8,-0.3,5.8,2.3,11.1
all_households,lowest_quintile,1994,2.5,-1.0,5.5,2.3,11.0
all_households,lowest_quintile,1995,2.6,-1.1,6.1,2.4,11.0
all_households,lowest_quintile,1996,2.3,-1.2,6.0,2.2,11.0
all_households,lowest_quintile,1997,2.4,-1.0,6.2,2.2,11.4
all_households,lowest_quintile,1998,2.4,-1.3,6.3,2.2,11.4
all_households,lowest_quintile,1999,2.3,-1.1,6.2,2.2,11.1
all_households,lowest_quintile,2000,2.1,-1.2,6.1,2.1,10.9
all_households,lowest_quintile,2001,2.1,-1.8,5.8,2.1,11.8
all_households,lowest_quintile,2002,2.2,-2.1,6.0,2.3,12.1
all_households,lowest_quintile,2003,2.2,-2.5,5.9,2.2,12.2
all_households,lowest_quintile,2004,2.0,-2.3,5.9,2.0,10.9
all_households,lowest_quintile,2005,2.0,-2.3,6.2,2.0,12.2
all_households,lowest_quintile,2006,2.0,-2.3,6.3,1.9,12.8
all_households,lowest_quintile,2007,2.1,-2.3,6.7,2.1,12.1
all_households,lowest_quintile,2008,1.4,-4.8,6.6,2.2,13.3
all_households,lowest_quintile,2009,1.3,-5.5,6.4,2.2,13.7
all_households,lowest_quintile,2010,1.4,-4.8,6.5,2.1,14.5
all_households,lowest_quintile,2011,1.6,-3.6,6.6,2.1,14.7
all_households,lowest_quintile,2012,1.4,-3.1,6.2,1.9,13.7
all_households,lowest_quintile,2013,1.8,-3.1,6.5,2.1,14.3
all_households,lowest_quintile,2014,1.8,-2.8,6.5,2.0,13.3
all_households,lowest_quintile,2015,1.8,-2.8,6.6,2.1,13.1
all_households,lowest_quintile,2016,2.0,-2.6,6.7,2.1,13.1
all_households,second_quintile,1979,7.8,4.7,12.8,5.6,14.9
all_households,second_quintile,1980,7.6,4.8,12.4,5.3,14.8
all_households,second_quintile,1981,7.8,5.0,12.3,5.1,14.6
all_households,second_quintile,1982,7.6,4.7,11.7,4.9,14.4
all_households,second_quintile,1983,7.4,4.4,11.3,4.8,14.2
all_households,second_quintile,1984,7.8,4.7,11.7,4.8,14.6
all_households,second_quintile,1985,7.6,4.5,11.4,4.7,14.3
all_households,second_quintile,1986,7.2,4.2,11.2,4.4,14.1
all_households,second_quintile,1987,7.0,3.6,11.0,4.8,14.7
all_households,second_quintile,1988,6.9,3.4,11.1,4.7,14.6
all_households,second_quintile,1989,6.9,3.4,11.2,4.6,14.3
all_households,second_quintile,1990,7.3,3.9,11.5,4.7,14.6
all_households,second_quintile,1991,7.2,3.6,11.0,4.6,14.6
all_households,second_quintile,1992,6.9,3.2,10.9,4.5,14.8
all_households,second_quintile,1993,6.7,3.0,10.8,4.4,14.8
all_households,second_quintile,1994,6.5,2.6,10.6,4.4,15.2
all_households,second_quintile,1995,6.6,2.6,11.0,4.3,15.1
all_households,second_quintile,1996,6.2,2.3,10.9,4.2,15.5
all_households,second_quintile,1997,6.1,2.3,11.0,3.9,15.2
all_households,second_quintile,1998,5.9,1.8,11.0,3.9,14.7
all_households,second_quintile,1999,5.7,1.7,10.9,3.9,14.8
all_households,second_quintile,2000,5.7,1.8,11.0,4.0,14.7
all_households,second_quintile,2001,5.6,1.0,10.8,3.9,14.9
all_households,second_quintile,2002,5.7,0.7,10.9,3.9,15.6
all_households,second_quintile,2003,5.5,-0.2,10.7,3.8,15.3
all_households,second_quintile,2004,5.4,0.1,10.8,3.6,14.9
all_households,second_quintile,2005,5.0,-0.1,10.7,3.4,14.7
all_households,second_quintile,2006,5.0,0.1,10.9,3.5,15.0
all_households,second_quintile,2007,5.3,0.4,11.3,3.6,14.4
all_households,second_quintile,2008,4.5,-2.4,11.0,3.6,14.7
all_households,second_quintile,2009,4.7,-2.7,10.7,3.6,15.3
all_households,second_quintile,2010,4.5,-2.3,10.7,3.4,15.3
all_households,second_quintile,2011,4.5,-1.0,10.6,3.5,15.3
all_households,second_quintile,2012,4.2,-0.8,10.5,3.1,14.9
all_households,second_quintile,2013,4.7,-0.6,10.6,3.3,14.7
all_households,second_quintile,2014,4.5,-0.6,10.6,3.2,14.6
all_households,second_quintile,2015,4.6,-0.5,10.7,3.3,14.7
all_households,second_quintile,2016,4.8,-0.3,10.9,3.4,14.7
all_households,middle_quintile,1979,13.9,11.1,20.0,9.2,18.1
all_households,middle_quintile,1980,13.8,11.2,19.8,9.1,17.8
all_households,middle_quintile,1981,14.2,11.5,19.7,8.9,18.1
all_households,middle_quintile,1982,14.2,11.2,19.2,8.8,18.0
all_households,middle_quintile,1983,13.7,10.6,18.6,8.7,17.5
all_households,middle_quintile,1984,13.8,10.6,18.8,9.0,17.3
all_households,middle_quintile,1985,13.8,10.4,18.8,8.7,17.5
all_households,middle_quintile,1986,13.2,9.7,18.7,8.7,17.4
all_households,middle_quintile,1987,12.8,8.9,18.3,9.2,18.0
all_households,middle_quintile,1988,12.7,8.7,18.4,8.9,17.9
all_households,middle_quintile,1989,12.9,9.0,18.6,8.8,18.1
all_households,middle_quintile,1990,13.0,9.1,18.2,8.6,18.0
all_households,middle_quintile,1991,13.1,9.2,17.8,8.9,18.5
all_households,middle_quintile,1992,12.5,8.6,17.5,8.4,18.4
all_households,middle_quintile,1993,12.2,8.3,17.4,8.2,18.0
all_households,middle_quintile,1994,12.1,8.1,17.1,8.3,18.4
all_households,middle_quintile,1995,11.8,7.7,17.1,8.0,18.1
all_households,middle_quintile,1996,11.4,7.4,17.2,7.6,18.4
all_households,middle_quintile,1997,11.1,7.2,17.1,7.2,17.8
all_households,middle_quintile,1998,10.8,6.5,17.0,7.2,18.1
all_households,middle_quintile,1999,10.5,6.1,16.9,7.2,17.9
all_households,middle_quintile,2000,10.2,5.9,16.7,7.1,18.1
all_households,middle_quintile,2001,10.5,5.5,16.5,7.0,18.0
all_households,middle_quintile,2002,10.7,5.6,16.4,7.0,18.4
all_households,middle_quintile,2003,10.4,5.1,16.2,6.5,18.2
all_households,middle_quintile,2004,10.1,4.8,16.3,6.2,17.8
all_households,middle_quintile,2005,9.7,4.6,16.4,6.0,17.6
all_households,middle_quintile,2006,9.5,4.5,16.4,6.0,17.4
all_households,middle_quintile,2007,9.7,4.7,16.6,6.1,17.7
all_households,middle_quintile,2008,9.3,2.6,16.1,6.0,17.5
all_households,middle_quintile,2009,9.8,3.0,15.9,6.2,18.3
all_households,middle_quintile,2010,9.4,3.2,15.9,5.8,18.0
all_households,middle_quintile,2011,9.2,4.3,15.5,5.8,18.1
all_households,middle_quintile,2012,8.7,4.0,15.4,5.2,17.8
all_households,middle_quintile,2013,9.2,4.2,15.6,5.6,17.7
all_households,middle_quintile,2014,8.8,3.7,15.6,5.5,17.6
all_households,middle_quintile,2015,9.0,4.0,15.7,5.6,17.8
all_households,middle_quintile,2016,9.0,4.1,15.6,5.5,17.5
all_households,fourth_quintile,1979,21.6,20.3,27.1,14.6,21.8
all_households,fourth_quintile,1980,21.8,20.4,26.9,15.0,21.8
all_households,fourth_quintile,1981,22.2,20.7,26.9,15.0,21.9
all_households,fourth_quintile,1982,22.4,20.4,26.6,15.2,22.4
all_households,fourth_quintile,1983,22.2,20.0,26.7,15.2,22.3
all_households,fourth_quintile,1984,21.8,19.5,26.4,15.6,22.1
all_households,fourth_quintile,1985,21.6,19.1,26.4,14.9,21.7
all_households,fourth_quintile,1986,21.0,18.1,26.5,14.5,21.5
all_households,fourth_quintile,1987,21.0,17.8,26.6,15.7,22.1
all_households,fourth_quintile,1988,20.8,17.3,26.7,14.9,22.3
all_households,fourth_quintile,1989,21.0,17.9,26.4,15.0,22.7
all_households,fourth_quintile,1990,21.0,17.9,26.2,14.7,22.5
all_households,fourth_quintile,1991,20.9,17.9,25.4,15.1,22.5
all_households,fourth_quintile,1992,20.4,17.1,25.6,14.4,22.3
all_households,fourth_quintile,1993,20.0,16.7,25.4,14.0,21.8
all_households,fourth_quintile,1994,20.0,16.8,25.3,14.0,22.2
all_households,fourth_quintile,1995,19.4,16.0,24.9,14.0,22.2
all_households,fourth_quintile,1996,18.9,15.3,25.1,13.5,21.7
all_households,fourth_quintile,1997,18.4,14.8,24.8,13.0,21.5
all_households,fourth_quintile,1998,18.3,14.5,24.9,12.7,21.6
all_households,fourth_quintile,1999,17.7,13.8,24.6,12.4,21.6
all_households,fourth_quintile,2000,17.5,13.5,24.6,12.3,21.9
all_households,fourth_quintile,2001,18.4,14.1,24.6,12.4,22.4
all_households,fourth_quintile,2002,18.6,14.5,24.2,12.1,22.0
all_households,fourth_quintile,2003,18.3,14.0,24.1,11.1,21.7
all_households,fourth_quintile,2004,17.7,13.3,24.3,10.6,21.9
all_households,fourth_quintile,2005,17.0,12.6,24.4,10.5,21.4
all_households,fourth_quintile,2006,16.7,12.5,24.3,10.4,20.9
all_households,fourth_quintile,2007,16.6,12.4,23.9,10.4,21.7
all_households,fourth_quintile,2008,17.1,11.8,23.7,10.1,20.3
all_households,fourth_quintile,2009,17.9,13.0,23.5,10.7,20.5
all_households,fourth_quintile,2010,17.1,12.6,23.4,9.6,19.9
all_households,fourth_quintile,2011,17.2,13.7,23.3,10.0,20.1
all_households,fourth_quintile,2012,16.3,12.8,23.5,9.1,20.3
all_households,fourth_quintile,2013,16.9,13.0,23.4,10.1,20.2
all_households,fourth_quintile,2014,16.5,12.4,23.6,9.7,20.8
all_households,fourth_quintile,2015,16.5,12.5,23.4,9.8,20.9
all_households,fourth_quintile,2016,16.6,12.9,23.3,9.5,20.8
all_households,highest_quintile,1979,53.7,63.4,34.3,67.3,34.3
all_households,highest_quintile,1980,53.7,62.9,35.0,67.3,34.8
all_households,highest_quintile,1981,52.6,61.9,35.1,67.8,34.5
all_households,highest_quintile,1982,52.6,62.9,36.6,67.8,34.5
all_households,highest_quintile,1983,53.4,64.1,37.7,68.1,34.2
all_households,highest_quintile,1984,53.1,64.2,37.3,67.0,33.5
all_households,highest_quintile,1985,53.6,65.2,37.6,68.5,34.3
all_households,highest_quintile,1986,55.4,67.3,38.1,69.5,35.9
all_households,highest_quintile,1987,56.4,69.5,39.0,66.9,34.4
all_households,highest_quintile,1988,57.0,70.6,38.7,68.2,34.8
all_households,highest_quintile,1989,56.5,70.0,38.5,68.3,34.7
all_households,highest_quintile,1990,55.6,68.9,38.5,68.3,34.0
all_households,highest_quintile,1991,55.6,69.3,39.8,67.2,33.2
all_households,highest_quintile,1992,57.1,71.4,40.1,69.0,33.3
all_households,highest_quintile,1993,58.0,72.2,40.5,69.7,33.6
all_households,highest_quintile,1994,58.6,73.4,41.3,69.6,32.4
all_households,highest_quintile,1995,59.4,74.6,40.7,69.9,33.0
all_households,highest_quintile,1996,60.9,76.2,40.7,71.4,33.0
all_households,highest_quintile,1997,61.7,76.7,40.7,72.7,33.7
all_households,highest_quintile,1998,62.5,78.4,40.6,73.2,33.8
all_households,highest_quintile,1999,63.5,79.5,41.2,73.5,34.3
all_households,highest_quintile,2000,64.3,79.8,41.5,73.8,34.1
all_households,highest_quintile,2001,63.2,81.1,42.1,73.3,32.8
all_households,highest_quintile,2002,62.5,81.2,42.3,72.8,31.5
all_households,highest_quintile,2003,63.3,83.5,43.0,75.1,32.2
all_households,highest_quintile,2004,64.6,84.0,42.5,76.5,34.2
all_households,highest_quintile,2005,66.1,85.2,42.1,77.0,33.8
all_households,highest_quintile,2006,66.5,85.1,41.9,77.2,33.4
all_households,highest_quintile,2007,66.1,84.7,41.3,76.8,33.8
all_households,highest_quintile,2008,67.3,92.7,42.3,76.0,33.6
all_households,highest_quintile,2009,65.9,92.1,43.2,74.6,31.6
all_households,highest_quintile,2010,67.1,91.2,43.2,77.0,31.7
all_households,highest_quintile,2011,67.2,86.5,43.8,76.6,31.4
all_households,highest_quintile,2012,69.0,87.0,44.2,79.2,32.9
all_households,highest_quintile,2013,67.0,86.3,43.7,76.8,32.6
all_households,highest_quintile,2014,68.0,87.1,43.5,77.7,33.1
all_households,highest_quintile,2015,67.8,86.6,43.4,77.5,33.1
all_households,highest_quintile,2016,67.2,85.8,43.3,77.8,33.4
all_households,percentiles_81_90,1979,15.9,16.7,16.9,12.1,13.5
all_households,percentiles_81_90,1980,16.4,17.1,17.2,12.3,13.5
all_households,percentiles_81_90,1981,16.5,17.2,17.0,12.3,13.6
all_households,percentiles_81_90,1982,16.8,17.2,17.1,12.7,14.0
all_households,percentiles_81_90,1983,16.5,16.7,17.5,12.4,13.7
all_households,percentiles_81_90,1984,16.1,16.2,17.4,12.3,13.3
all_households,percentiles_81_90,1985,16.1,16.2,17.3,12.1,13.3
all_households,percentiles_81_90,1986,15.7,15.3,17.7,11.5,13.2
all_households,percentiles_81_90,1987,16.2,16.0,17.9,12.3,13.4
all_households,percentiles_81_90,1988,15.8,15.3,17.8,11.6,13.5
all_households,percentiles_81_90,1989,16.0,15.8,17.6,12.1,14.0
all_households,percentiles_81_90,1990,15.9,15.7,17.4,12.0,13.7
all_households,percentiles_81_90,1991,15.9,15.9,17.1,12.0,13.1
all_households,percentiles_81_90,1992,15.7,15.3,17.3,11.7,13.4
all_households,percentiles_81_90,1993,15.4,15.0,17.2,11.5,13.1
all_households,percentiles_81_90,1994,15.5,15.4,17.3,11.3,13.0
all_households,percentiles_81_90,1995,15.2,15.0,16.9,11.4,13.3
all_households,percentiles_81_90,1996,14.9,14.4,16.8,11.6,13.3
all_households,percentiles_81_90,1997,14.8,14.1,17.1,11.2,13.3
all_households,percentiles_81_90,1998,14.7,14.0,17.1,10.5,13.5
all_households,percentiles_81_90,1999,14.4,13.6,17.1,10.3,13.4
all_households,percentiles_81_90,2000,14.2,13.3,16.9,10.4,13.4
all_households,percentiles_81_90,2001,15.1,14.3,17.2,10.1,13.1
all_households,percentiles_81_90,2002,15.2,14.7,17.1,9.9,12.6
all_households,percentiles_81_90,2003,15.3,14.9,17.4,9.3,12.8
all_households,percentiles_81_90,2004,14.6,14.1,17.3,8.8,13.1
all_households,percentiles_81_90,2005,13.9,13.2,17.2,8.8,12.6
all_households,percentiles_81_90,2006,13.8,13.1,17.1,9.0,12.6
all_households,percentiles_81_90,2007,13.7,12.7,16.8,8.9,13.1
all_households,percentiles_81_90,2008,14.6,13.9,16.9,8.6,12.3
all_households,percentiles_81_90,2009,15.5,15.4,17.1,9.0,12.2
all_households,percentiles_81_90,2010,15.1,14.9,17.2,8.5,11.8
all_households,percentiles_81_90,2011,14.9,15.0,17.0,8.7,12.0
all_households,percentiles_81_90,2012,14.3,13.9,17.2,8.0,12.3
all_households,percentiles_81_90,2013,14.6,14.2,17.0,9.4,12.4
all_households,percentiles_81_90,2014,14.1,13.4,16.9,8.9,12.8
all_households,percentiles_81_90,2015,14.2,13.7,16.9,8.7,13.0
all_households,percentiles_81_90,2016,14.5,14.1,17.0,9.0,13.0
all_households,percentiles_91_95,1979,10.7,12.1,9.4,9.3,8.1
all_households,percentiles_91_95,1980,11.0,12.3,9.3,10.2,8.2
all_households,percentiles_91_95,1981,11.1,12.4,9.5,10.0,8.2
all_households,percentiles_91_95,1982,10.9,12.1,9.8,9.4,8.2
all_households,percentiles_91_95,1983,10.9,12.0,10.0,9.9,7.8
all_households,percentiles_91_95,1984,10.7,11.9,9.8,9.9,8.0
all_households,percentiles_91_95,1985,10.8,11.9,10.0,9.3,7.8
all_households,percentiles_91_95,1986,10.6,11.4,10.2,9.1,8.1
all_households,percentiles_91_95,1987,11.1,12.3,10.4,9.4,8.1
all_households,percentiles_91_95,1988,10.6,11.5,10.2,9.0,8.0
all_households,percentiles_91_95,1989,10.9,12.0,10.1,9.5,8.1
all_households,percentiles_91_95,1990,10.8,11.8,10.1,9.8,8.0
all_households,percentiles_91_95,1991,11.0,12.1,10.4,9.5,7.9
all_households,percentiles_91_95,1992,10.8,11.8,10.3,9.4,7.8
all_households,percentiles_91_95,1993,10.8,11.7,10.4,9.6,7.9
all_households,percentiles_91_95,1994,10.8,12.0,10.4,9.1,7.8
all_households,percentiles_91_95,1995,10.8,11.8,10.5,9.3,7.8
all_households,percentiles_91_95,1996,10.7,11.6,10.4,9.3,7.7
all_households,percentiles_91_95,1997,10.7,11.5,10.4,9.3,8.0
all_households,percentiles_91_95,1998,10.7,11.6,10.3,8.9,7.9
all_households,percentiles_91_95,1999,10.6,11.4,10.3,8.9,7.9
all_households,percentiles_91_95,2000,10.5,11.1,10.4,8.6,7.9
all_households,percentiles_91_95,2001,11.1,12.2,10.8,8.2,7.7
all_households,percentiles_91_95,2002,11.2,12.5,10.8,8.0,7.4
all_households,percentiles_91_95,2003,11.1,12.5,10.9,7.8,7.4
all_households,percentiles_91_95,2004,10.8,12.0,10.8,7.6,7.7
all_households,percentiles_91_95,2005,10.5,11.6,10.8,7.7,7.4
all_households,percentiles_91_95,2006,10.4,11.4,10.6,7.8,7.4
all_households,percentiles_91_95,2007,10.3,11.2,10.4,7.7,7.8
all_households,percentiles_91_95,2008,11.4,13.1,10.8,7.3,7.6
all_households,percentiles_91_95,2009,11.8,13.9,11.0,7.5,7.4
all_households,percentiles_91_95,2010,11.4,13.4,10.9,7.0,7.1
all_households,percentiles_91_95,2011,11.5,13.2,11.1,7.2,7.3
all_households,percentiles_91_95,2012,11.1,12.3,11.1,6.8,7.5
all_households,percentiles_91_95,2013,11.0,12.1,10.9,7.9,7.4
all_households,percentiles_91_95,2014,10.9,12.0,11.0,7.8,7.8
all_households,percentiles_91_95,2015,10.9,12.0,10.9,7.8,7.8
all_households,percentiles_91_95,2016,11.0,12.2,10.8,7.9,7.8
all_households,percentiles_96_99,1979,13.6,17.1,6.8,17.3,8.4
all_households,percentiles_96_99,1980,13.8,17.1,7.2,17.6,8.7
all_households,percentiles_96_99,1981,13.6,17.0,7.3,17.8,8.3
all_households,percentiles_96_99,1982,13.3,17.1,7.8,16.0,8.2
all_households,percentiles_96_99,1983,13.1,16.6,8.2,16.4,8.0
all_households,percentiles_96_99,1984,12.9,16.4,8.2,15.3,7.7
all_households,percentiles_96_99,1985,13.0,16.6,8.3,16.1,8.1
all_households,percentiles_96_99,1986,13.1,16.8,8.3,15.3,8.6
all_households,percentiles_96_99,1987,14.0,18.2,8.5,16.9,8.2
all_households,percentiles_96_99,1988,13.6,17.5,8.5,16.0,8.2
all_households,percentiles_96_99,1989,14.0,18.2,8.6,16.3,8.1
all_households,percentiles_96_99,1990,13.8,17.9,8.8,16.0,8.0
all_households,percentiles_96_99,1991,14.1,18.2,9.6,16.4,8.1
all_households,percentiles_96_99,1992,14.2,18.2,9.8,16.3,8.0
all_households,percentiles_96_99,1993,14.4,18.3,10.1,16.2,8.3
all_households,percentiles_96_99,1994,14.3,18.5,9.9,15.4,7.7
all_households,percentiles_96_99,1995,14.7,19.1,9.8,16.2,7.8
all_households,percentiles_96_99,1996,14.8,19.0,9.7,15.8,7.8
all_households,percentiles_96_99,1997,14.9,19.0,9.6,16.2,8.0
all_households,percentiles_96_99,1998,15.0,19.5,9.5,15.7,8.0
all_households,percentiles_96_99,1999,15.4,19.7,9.8,16.0,8.5
all_households,percentiles_96_99,2000,15.3,19.3,9.9,15.6,8.2
all_households,percentiles_96_99,2001,15.4,20.4,10.0,15.0,7.9
all_households,percentiles_96_99,2002,15.7,21.1,10.5,14.9,7.5
all_households,percentiles_96_99,2003,15.7,21.6,10.7,14.8,7.6
all_households,percentiles_96_99,2004,15.6,21.4,10.5,14.5,8.2
all_households,percentiles_96_99,2005,15.9,21.6,10.2,15.1,8.0
all_households,percentiles_96_99,2006,15.9,21.6,10.2,15.1,8.0
all_households,percentiles_96_99,2007,15.9,21.3,10.0,15.0,8.2
all_households,percentiles_96_99,2008,16.7,24.3,10.4,13.6,8.1
all_households,percentiles_96_99,2009,16.8,24.6,11.0,13.4,7.5
all_households,percentiles_96_99,2010,16.7,24.2,11.0,12.8,7.5
all_households,percentiles_96_99,2011,17.0,23.3,11.2,13.1,7.5
all_households,percentiles_96_99,2012,16.9,22.6,11.3,12.9,7.9
all_households,percentiles_96_99,2013,16.6,22.2,11.1,15.1,7.7
all_households,percentiles_96_99,2014,16.7,22.1,11.1,15.5,8.0
all_households,percentiles_96_99,2015,16.6,22.0,10.9,15.0,8.0
all_households,percentiles_96_99,2016,16.7,22.4,10.9,14.9,8.0
all_households,top_1_percent,1979,13.5,17.4,1.2,28.6,4.3
all_households,top_1_percent,1980,12.6,16.4,1.3,27.2,4.3
all_households,top_1_percent,1981,11.5,15.3,1.4,27.6,4.3
all_households,top_1_percent,1982,11.6,16.6,1.9,29.7,4.1
all_households,top_1_percent,1983,12.9,18.9,2.0,29.5,4.7
all_households,top_1_percent,1984,13.3,19.7,1.9,29.4,4.5
all_households,top_1_percent,1985,13.7,20.4,1.9,31.0,5.1
all_households,top_1_percent,1986,15.9,23.9,1.9,33.7,6.1
all_households,top_1_percent,1987,15.0,23.0,2.1,28.3,4.7
all_households,top_1_percent,1988,17.0,26.3,2.2,31.6,5.1
all_households,top_1_percent,1989,15.7,24.0,2.2,30.3,4.5
all_households,top_1_percent,1990,15.1,23.5,2.2,30.4,4.2
all_households,top_1_percent,1991,14.7,23.1,2.8,29.3,4.2
all_households,top_1_percent,1992,16.4,26.0,2.7,31.6,4.1
all_households,top_1_percent,1993,17.4,27.3,2.9,32.4,4.3
all_households,top_1_percent,1994,18.0,27.5,3.7,33.8,3.9
all_households,top_1_percent,1995,18.7,28.8,3.5,33.0,4.1
all_households,top_1_percent,1996,20.5,31.2,3.7,34.7,4.2
all_households,top_1_percent,1997,21.4,32.1,3.7,36.0,4.4
all_households,top_1_percent,1998,22.0,33.3,3.7,38.0,4.4
all_households,top_1_percent,1999,23.1,34.8,4.0,38.3,4.6
all_households,top_1_percent,2000,24.3,36.1,4.2,39.2,4.6
all_households,top_1_percent,2001,21.6,34.1,4.0,39.9,4.1
all_households,top_1_percent,2002,20.3,32.8,3.9,40.0,4.0
all_households,top_1_percent,2003,21.3,34.5,3.9,43.2,4.5
all_households,top_1_percent,2004,23.5,36.6,4.0,45.4,5.3
all_households,top_1_percent,2005,25.8,38.8,4.0,45.4,5.8
all_households,top_1_percent,2006,26.3,39.0,4.0,45.2,5.3
all_households,top_1_percent,2007,26.2,39.3,4.0,45.2,4.8
all_households,top_1_percent,2008,24.6,41.4,4.1,46.6,5.6
all_households,top_1_percent,2009,21.8,38.2,4.1,44.7,4.4
all_households,top_1_percent,2010,23.9,38.7,4.2,48.7,5.3
all_households,top_1_percent,2011,23.8,35.1,4.5,47.6,4.6
all_households,top_1_percent,2012,26.7,38.1,4.6,51.5,5.2
all_households,top_1_percent,2013,24.8,37.8,4.7,44.4,5.2
all_households,top_1_percent,2014,26.3,39.6,4.6,45.5,4.4
all_households,top_1_percent,2015,26.0,38.9,4.7,46.0,4.3
all_households,top_1_percent,2016,24.9,37.1,4.6,45.9,4.6
hh_with_children,all_quintiles,1979,100.0,100.0,100.0,100.0,100.0
hh_with_children,all_quintiles,1980,100.0,100.0,100.0,100.0,100.0
hh_with_children,all_quintiles,1981,100.0,100.0,100.0,100.0,100.0
hh_with_children,all_quintiles,1982,100.0,100.0,100.0,100.0,100.0
hh_with_children,all_quintiles,1983,100.0,100.0,100.0,100.0,100.0
hh_with_children,all_quintiles,1984,100.0,100.0,100.0,100.0,100.0
hh_with_children,all_quintiles,1985,100.0,100.0,100.0,100.0,100.0
hh_with_children,all_quintiles,1986,100.0,100.0,100.0,100.0,100.0
hh_with_children,all_quintiles,1987,100.0,100.0,100.0,100.0,100.0
hh_with_children,all_quintiles,1988,100.0,100.0,100.0,100.0,100.0
hh_with_children,all_quintiles,1989,100.0,100.0,100.0,100.0,100.0
hh_with_children,all_quintiles,1990,100.0,100.0,100.0,100.0,100.0
hh_with_children,all_quintiles,1991,100.0,100.0,100.0,100.0,100.0
hh_with_children,all_quintiles,1992,100.0,100.0,100.0,100.0,100.0
hh_with_children,all_quintiles,1993,100.0,100.0,100.0,100.0,100.0
hh_with_children,all_quintiles,1994,100.0,100.0,100.0,100.0,100.0
hh_with_children,all_quintiles,1995,100.0,100.0,100.0,100.0,100.0
hh_with_children,all_quintiles,1996,100.0,100.0,100.0,100.0,100.0
hh_with_children,all_quintiles,1997,100.0,100.0,100.0,100.0,100.0
hh_with_children,all_quintiles,1998,100.0,100.0,100.0,100.0,100.0
hh_with_children,all_quintiles,1999,100.0,100.0,100.0,100.0,100.0
hh_with_children,all_quintiles,2000,100.0,100.0,100.0,100.0,100.0
hh_with_children,all_quintiles,2001,100.0,100.0,100.0,100.0,100.0
hh_with_children,all_quintiles,2002,100.0,100.0,100.0,100.0,100.0
hh_with_children,all_quintiles,2003,100.0,100.0,100.0,100.0,100.0
hh_with_children,all_quintiles,2004,100.0,100.0,100.0,100.0,100.0
hh_with_children,all_quintiles,2005,100.0,100.0,100.0,100.0,100.0
hh_with_children,all_quintiles,2006,100.0,100.0,100.0,100.0,100.0
hh_with_children,all_quintiles,2007,100.0,100.0,100.0,100.0,100.0
hh_with_children,all_quintiles,2008,100.0,100.0,100.0,100.0,100.0
hh_with_children,all_quintiles,2009,100.0,100.0,100.0,100.0,100.0
hh_with_children,all_quintiles,2010,100.0,100.0,100.0,100.0,100.0
hh_with_children,all_quintiles,2011,100.0,100.0,100.0,100.0,100.0
hh_with_children,all_quintiles,2012,100.0,100.0,100.0,100.0,100.0
hh_with_children,all_quintiles,2013,100.0,100.0,100.0,100.0,100.0
hh_with_children,all_quintiles,2014,100.0,100.0,100.0,100.0,100.0
hh_with_children,all_quintiles,2015,100.0,100.0,100.0,100.0,100.0
hh_with_children,all_quintiles,2016,100.0,100.0,100.0,100.0,100.0
hh_with_children,lowest_quintile,1979,3.9,0.4,7.5,4.1,12.1
hh_with_children,lowest_quintile,1980,4.1,0.7,7.7,4.4,12.4
hh_with_children,lowest_quintile,1981,4.3,1.1,7.8,4.4,12.8
hh_with_children,lowest_quintile,1982,4.4,1.0,7.6,4.8,13.5
hh_with_children,lowest_quintile,1983,4.6,0.9,7.6,4.3,15.8
hh_with_children,lowest_quintile,1984,4.8,1.2,7.5,4.2,16.3
hh_with_children,lowest_quintile,1985,4.9,1.1,7.6,4.3,15.8
hh_with_children,lowest_quintile,1986,4.4,0.9,7.3,3.8,14.5
hh_with_children,lowest_quintile,1987,3.6,-0.3,6.7,3.7,13.6
hh_with_children,lowest_quintile,1988,3.6,-0.8,7.0,3.9,13.4
hh_with_children,lowest_quintile,1989,3.3,-1.4,7.1,3.8,13.7
hh_with_children,lowest_quintile,1990,4.2,-0.5,7.7,4.3,14.3
hh_with_children,lowest_quintile,1991,4.1,-1.1,7.8,4.3,14.8
hh_with_children,lowest_quintile,1992,4.0,-1.5,7.8,4.4,14.6
hh_with_children,lowest_quintile,1993,3.8,-1.5,7.7,4.0,15.6
hh_with_children,lowest_quintile,1994,3.2,-2.9,7.5,4.1,15.0
hh_with_children,lowest_quintile,1995,3.2,-3.3,8.2,4.2,15.1
hh_with_children,lowest_quintile,1996,3.0,-3.7,8.2,4.2,15.6
hh_with_children,lowest_quintile,1997,3.0,-3.3,8.3,4.0,15.9
hh_with_children,lowest_quintile,1998,2.9,-3.9,8.5,3.8,16.1
hh_with_children,lowest_quintile,1999,2.7,-3.3,8.1,3.6,14.9
hh_with_children,lowest_quintile,2000,2.2,-3.5,7.9,3.2,13.8
hh_with_children,lowest_quintile,2001,2.2,-4.8,7.8,3.3,14.8
hh_with_children,lowest_quintile,2002,2.1,-5.5,7.8,3.4,15.2
hh_with_children,lowest_quintile,2003,2.0,-6.6,7.4,3.0,14.8
hh_with_children,lowest_quintile,2004,1.8,-6.0,7.3,2.8,13.2
hh_with_children,lowest_quintile,2005,1.7,-6.3,7.5,2.8,15.1
hh_with_children,lowest_quintile,2006,1.7,-6.0,7.9,2.8,16.3
hh_with_children,lowest_quintile,2007,1.6,-6.1,8.4,2.8,15.1
hh_with_children,lowest_quintile,2008,0.3,-10.8,7.8,2.8,15.0
hh_with_children,lowest_quintile,2009,-0.1,-13.4,7.6,3.0,15.8
hh_with_children,lowest_quintile,2010,0.1,-11.3,7.6,2.4,16.2
hh_with_children,lowest_quintile,2011,0.1,-9.3,7.6,2.6,16.4
hh_with_children,lowest_quintile,2012,0.1,-8.1,7.4,2.4,15.7
hh_with_children,lowest_quintile,2013,0.5,-7.8,7.5,2.5,15.8
hh_with_children,lowest_quintile,2014,0.7,-6.9,7.4,2.4,14.3
hh_with_children,lowest_quintile,2015,0.7,-6.6,7.5,2.4,14.2
hh_with_children,lowest_quintile,2016,1.0,-6.6,7.7,2.5,14.3
hh_with_children,second_quintile,1979,11.4,7.3,17.0,8.4,18.1
hh_with_children,second_quintile,1980,11.2,7.5,16.5,8.4,18.1
hh_with_children,second_quintile,1981,11.7,8.0,16.6,8.6,18.2
hh_with_children,second_quintile,1982,11.8,7.8,16.1,8.8,18.4
hh_with_children,second_quintile,1983,11.5,7.3,15.9,8.3,18.4
hh_with_children,second_quintile,1984,11.7,7.5,15.9,8.0,18.1
hh_with_children,second_quintile,1985,11.5,7.3,15.5,8.4,18.0
hh_with_children,second_quintile,1986,11.0,6.8,15.6,7.4,18.1
hh_with_children,second_quintile,1987,10.2,5.5,14.8,7.8,17.5
hh_with_children,second_quintile,1988,10.2,5.4,14.9,7.7,17.7
hh_with_children,second_quintile,1989,10.1,5.0,14.9,7.6,17.6
hh_with_children,second_quintile,1990,11.3,6.3,15.7,8.3,18.3
hh_with_children,second_quintile,1991,10.7,5.5,15.0,8.1,18.6
hh_with_children,second_quintile,1992,10.5,5.0,15.0,8.1,18.9
hh_with_children,second_quintile,1993,10.0,4.4,14.8,7.7,19.2
hh_with_children,second_quintile,1994,9.4,3.5,14.2,7.5,18.9
hh_with_children,second_quintile,1995,9.3,3.3,14.5,7.2,18.9
hh_with_children,second_quintile,1996,9.2,2.8,14.8,7.6,20.7
hh_with_children,second_quintile,1997,9.2,3.0,15.1,7.2,20.6
hh_with_children,second_quintile,1998,8.4,1.6,14.7,6.8,19.6
hh_with_children,second_quintile,1999,8.0,1.5,14.5,6.5,19.4
hh_with_children,second_quintile,2000,7.5,1.5,14.2,6.0,18.4
hh_with_children,second_quintile,2001,7.6,0.0,14.4,6.0,18.8
hh_with_children,second_quintile,2002,7.5,-0.7,14.3,6.0,19.4
hh_with_children,second_quintile,2003,7.1,-2.9,14.2,5.6,19.5
hh_with_children,second_quintile,2004,6.7,-2.3,13.9,5.3,18.9
hh_with_children,second_quintile,2005,6.3,-2.9,14.0,5.3,19.0
hh_with_children,second_quintile,2006,6.1,-2.4,14.0,5.0,19.0
hh_with_children,second_quintile,2007,6.6,-1.7,14.7,5.2,19.0
hh_with_children,second_quintile,2008,5.3,-6.9,14.2,5.0,19.2
hh_with_children,second_quintile,2009,5.2,-8.6,13.8,5.1,20.0
hh_with_children,second_quintile,2010,4.9,-7.4,13.8,4.4,20.1
hh_with_children,second_quintile,2011,5.0,-4.8,13.6,4.8,20.0
hh_with_children,second_quintile,2012,4.8,-4.3,13.8,4.6,20.0
hh_with_children,second_quintile,2013,5.2,-3.8,13.5,4.6,19.3
hh_with_children,second_quintile,2014,5.3,-3.6,13.8,4.7,19.4
hh_with_children,second_quintile,2015,5.1,-3.3,13.7,4.4,19.3
hh_with_children,second_quintile,2016,5.6,-3.0,13.9,4.8,19.2
hh_with_children,middle_quintile,1979,19.5,16.7,25.1,13.1,22.1
hh_with_children,middle_quintile,1980,19.9,17.1,25.2,13.7,22.3
hh_with_children,middle_quintile,1981,20.6,17.8,25.3,13.6,22.5
hh_with_children,middle_quintile,1982,20.8,17.8,24.9,13.9,22.7
hh_with_children,middle_quintile,1983,19.1,16.0,23.5,12.6,20.4
hh_with_children,middle_quintile,1984,19.2,16.0,23.5,12.9,20.1
hh_with_children,middle_quintile,1985,19.5,16.1,23.7,13.2,20.2
hh_with_children,middle_quintile,1986,18.3,14.4,23.5,11.6,20.5
hh_with_children,middle_quintile,1987,17.6,13.0,23.0,12.7,20.5
hh_with_children,middle_quintile,1988,17.9,13.1,23.3,12.9,21.0
hh_with_children,middle_quintile,1989,17.7,13.1,23.1,12.2,20.8
hh_with_children,middle_quintile,1990,18.1,13.7,22.8,13.0,20.7
hh_with_children,middle_quintile,1991,17.6,13.4,21.9,12.3,20.8
hh_with_children,middle_quintile,1992,16.8,12.3,21.4,11.8,20.0
hh_with_children,middle_quintile,1993,16.3,11.6,21.4,11.3,19.9
hh_with_children,middle_quintile,1994,16.3,11.6,21.1,11.7,20.2
hh_with_children,middle_quintile,1995,15.3,10.4,20.6,10.8,19.9
hh_with_children,middle_quintile,1996,15.5,10.5,21.0,11.1,20.3
hh_with_children,middle_quintile,1997,15.0,10.1,20.6,10.6,19.8
hh_with_children,middle_quintile,1998,14.1,8.4,20.3,10.1,20.0
hh_with_children,middle_quintile,1999,13.4,7.6,20.3,9.5,19.4
hh_with_children,middle_quintile,2000,12.6,6.9,19.6,8.8,19.2
hh_with_children,middle_quintile,2001,13.0,6.4,19.7,8.6,19.3
hh_with_children,middle_quintile,2002,13.1,6.3,19.3,8.7,19.8
hh_with_children,middle_quintile,2003,12.7,4.8,19.2,8.1,19.6
hh_with_children,middle_quintile,2004,12.3,4.7,19.4,7.8,19.6
hh_with_children,middle_quintile,2005,11.9,4.4,19.4,8.0,19.2
hh_with_children,middle_quintile,2006,11.2,4.1,19.2,7.3,18.9
hh_with_children,middle_quintile,2007,11.2,4.3,19.1,7.4,19.2
hh_with_children,middle_quintile,2008,10.7,1.2,18.6,7.0,18.6
hh_with_children,middle_quintile,2009,11.2,1.2,18.2,7.5,19.3
hh_with_children,middle_quintile,2010,10.6,1.5,18.2,6.4,19.1
hh_with_children,middle_quintile,2011,10.6,3.4,18.0,6.8,19.3
hh_with_children,middle_quintile,2012,9.9,3.1,17.8,6.3,18.8
hh_with_children,middle_quintile,2013,10.4,3.3,17.9,6.8,19.2
hh_with_children,middle_quintile,2014,10.2,3.0,18.2,6.8,19.5
hh_with_children,middle_quintile,2015,10.0,3.2,18.0,6.4,19.5
hh_with_children,middle_quintile,2016,10.4,3.4,18.1,6.7,19.0
hh_with_children,fourth_quintile,1979,25.4,25.4,28.1,18.2,23.1
hh_with_children,fourth_quintile,1980,25.5,25.5,27.7,18.0,22.6
hh_with_children,fourth_quintile,1981,26.0,26.0,27.8,18.0,22.6
hh_with_children,fourth_quintile,1982,26.4,26.1,27.8,18.6,22.9
hh_with_children,fourth_quintile,1983,25.5,24.7,27.9,17.4,21.6
hh_with_children,fourth_quintile,1984,24.6,23.6,27.2,17.1,21.1
hh_with_children,fourth_quintile,1985,25.1,24.2,27.5,17.4,21.4
hh_with_children,fourth_quintile,1986,24.1,22.3,27.7,15.9,21.3
hh_with_children,fourth_quintile,1987,24.2,21.7,28.2,17.6,21.9
hh_with_children,fourth_quintile,1988,24.2,21.7,28.1,17.6,21.9
hh_with_children,fourth_quintile,1989,24.2,21.8,27.9,16.8,22.2
hh_with_children,fourth_quintile,1990,24.1,22.2,27.1,17.7,21.5
hh_with_children,fourth_quintile,1991,23.7,21.7,26.6,16.9,21.2
hh_with_children,fourth_quintile,1992,23.4,21.2,26.9,16.3,21.3
hh_with_children,fourth_quintile,1993,22.7,20.2,26.5,15.9,20.6
hh_with_children,fourth_quintile,1994,22.7,20.4,26.4,15.9,21.0
hh_with_children,fourth_quintile,1995,21.6,18.8,25.7,15.5,20.7
hh_with_children,fourth_quintile,1996,21.5,18.6,26.1,15.1,19.9
hh_with_children,fourth_quintile,1997,20.9,17.8,25.6,14.5,19.4
hh_with_children,fourth_quintile,1998,20.4,16.8,25.4,14.0,19.9
hh_with_children,fourth_quintile,1999,19.7,15.6,25.5,13.6,20.3
hh_with_children,fourth_quintile,2000,18.9,14.6,25.2,12.9,20.8
hh_with_children,fourth_quintile,2001,19.7,15.4,25.0,12.4,20.2
hh_with_children,fourth_quintile,2002,20.1,15.8,24.9,12.5,20.3
hh_with_children,fourth_quintile,2003,19.7,14.7,25.2,11.7,20.7
hh_with_children,fourth_quintile,2004,18.9,13.8,24.9,11.4,21.1
hh_with_children,fourth_quintile,2005,18.5,13.5,25.1,11.6,20.5
hh_with_children,fourth_quintile,2006,17.4,12.4,24.5,10.6,19.4
hh_with_children,fourth_quintile,2007,17.3,12.4,24.4,10.6,20.3
hh_with_children,fourth_quintile,2008,18.4,12.4,24.7,10.2,19.5
hh_with_children,fourth_quintile,2009,19.6,14.0,24.6,11.4,19.5
hh_with_children,fourth_quintile,2010,17.8,12.8,23.9,9.1,18.2
hh_with_children,fourth_quintile,2011,18.2,14.3,24.0,9.8,18.6
hh_with_children,fourth_quintile,2012,17.6,13.3,24.4,9.5,18.9
hh_with_children,fourth_quintile,2013,17.8,13.3,24.2,10.3,19.2
hh_with_children,fourth_quintile,2014,17.4,12.7,24.2,9.9,20.1
hh_with_children,fourth_quintile,2015,17.0,12.4,23.9,9.7,20.5
hh_with_children,fourth_quintile,2016,17.6,13.3,23.8,10.1,20.3
hh_with_children,highest_quintile,1979,39.6,50.2,22.3,55.4,23.9
hh_with_children,highest_quintile,1980,39.1,49.1,22.7,54.6,23.7
hh_with_children,highest_quintile,1981,37.2,47.1,22.3,54.3,22.9
hh_with_children,highest_quintile,1982,36.4,47.2,23.3,52.6,21.8
hh_with_children,highest_quintile,1983,39.1,51.0,25.0,56.1,23.0
hh_with_children,highest_quintile,1984,39.5,51.6,25.7,56.3,23.7
hh_with_children,highest_quintile,1985,38.8,51.2,25.4,55.4,24.0
hh_with_children,highest_quintile,1986,41.9,55.6,25.7,60.5,25.1
hh_with_children,highest_quintile,1987,44.1,59.9,27.0,56.2,25.7
hh_with_children,highest_quintile,1988,43.8,60.6,26.4,55.8,25.6
hh_with_children,highest_quintile,1989,44.4,61.4,26.8,57.5,25.3
hh_with_children,highest_quintile,1990,42.1,58.2,26.5,54.6,24.8
hh_with_children,highest_quintile,1991,43.6,60.5,28.5,55.9,24.2
hh_with_children,highest_quintile,1992,45.1,63.0,28.8,57.4,24.8
hh_with_children,highest_quintile,1993,46.9,65.3,29.5,58.7,24.2
hh_with_children,highest_quintile,1994,48.1,67.3,30.7,59.0,24.3
hh_with_children,highest_quintile,1995,50.4,70.8,30.8,60.7,25.0
hh_with_children,highest_quintile,1996,50.6,71.8,29.9,60.8,23.1
hh_with_children,highest_quintile,1997,51.7,72.4,30.2,62.6,23.9
hh_with_children,highest_quintile,1998,54.1,77.1,30.9,64.4,24.1
hh_with_children,highest_quintile,1999,56.0,78.6,31.5,66.0,25.8
hh_with_children,highest_quintile,2000,58.5,80.4,32.9,68.3,27.6
hh_with_children,highest_quintile,2001,57.2,83.0,32.9,68.0,26.6
hh_with_children,highest_quintile,2002,56.8,83.9,33.5,66.3,25.0
hh_with_children,highest_quintile,2003,58.3,90.0,33.8,70.2,25.1
hh_with_children,highest_quintile,2004,60.0,89.8,34.4,71.3,27.0
hh_with_children,highest_quintile,2005,61.3,91.3,33.8,71.0,26.0
hh_with_children,highest_quintile,2006,63.3,91.9,34.2,73.3,26.1
hh_with_children,highest_quintile,2007,63.0,91.1,33.2,72.7,26.2
hh_with_children,highest_quintile,2008,64.9,104.1,34.5,72.6,27.3
hh_with_children,highest_quintile,2009,63.6,106.7,35.6,70.4,25.1
hh_with_children,highest_quintile,2010,66.2,104.2,36.3,75.3,26.1
hh_with_children,highest_quintile,2011,65.7,96.3,36.5,73.9,25.4
hh_with_children,highest_quintile,2012,67.4,95.9,36.4,75.9,26.3
hh_with_children,highest_quintile,2013,65.4,94.4,36.7,73.5,26.2
hh_with_children,highest_quintile,2014,65.9,94.3,36.1,74.1,26.5
hh_with_children,highest_quintile,2015,66.6,93.9,36.6,75.2,26.4
hh_with_children,highest_quintile,2016,65.2,92.7,36.3,74.1,27.0
hh_with_children,percentiles_81_90,1979,13.9,15.7,12.6,11.9,10.7
hh_with_children,percentiles_81_90,1980,14.2,16.0,12.7,11.7,10.5
hh_with_children,percentiles_81_90,1981,14.1,15.9,12.6,11.3,10.4
hh_with_children,percentiles_81_90,1982,14.0,15.8,12.7,11.3,10.1
hh_with_children,percentiles_81_90,1983,14.1,15.5,13.4,11.1,10.3
hh_with_children,percentiles_81_90,1984,13.7,14.8,13.3,11.0,9.9
hh_with_children,percentiles_81_90,1985,13.8,15.3,13.2,10.5,9.8
hh_with_children,percentiles_81_90,1986,13.3,13.9,13.5,9.4,10.4
hh_with_children,percentiles_81_90,1987,13.9,14.7,13.8,11.1,10.8
hh_with_children,percentiles_81_90,1988,13.8,14.6,13.7,10.7,11.0
hh_with_children,percentiles_81_90,1989,13.4,14.2,13.2,10.7,10.8
hh_with_children,percentiles_81_90,1990,13.8,15.0,13.4,11.3,10.5
hh_with_children,percentiles_81_90,1991,14.2,15.4,14.0,11.2,10.0
hh_with_children,percentiles_81_90,1992,14.1,15.0,14.1,10.9,10.5
hh_with_children,percentiles_81_90,1993,13.7,14.5,13.9,10.6,10.0
hh_with_children,percentiles_81_90,1994,13.8,14.8,13.9,10.7,10.1
hh_with_children,percentiles_81_90,1995,13.7,14.4,14.1,9.8,11.0
hh_with_children,percentiles_81_90,1996,13.1,13.7,13.4,9.9,9.9
hh_with_children,percentiles_81_90,1997,12.8,13.2,13.3,9.6,9.4
hh_with_children,percentiles_81_90,1998,13.2,13.6,13.8,9.4,10.4
hh_with_children,percentiles_81_90,1999,13.1,13.1,14.1,9.3,10.9
hh_with_children,percentiles_81_90,2000,13.1,12.8,14.3,9.3,11.7
hh_with_children,percentiles_81_90,2001,14.1,14.4,14.9,8.8,11.1
hh_with_children,percentiles_81_90,2002,14.1,14.6,14.7,8.9,10.5
hh_with_children,percentiles_81_90,2003,13.9,14.6,14.7,8.7,10.6
hh_with_children,percentiles_81_90,2004,13.8,14.1,15.0,8.6,11.3
hh_with_children,percentiles_81_90,2005,13.2,13.4,14.6,8.4,10.7
hh_with_children,percentiles_81_90,2006,12.8,12.7,14.7,8.0,10.4
hh_with_children,percentiles_81_90,2007,12.4,12.1,14.2,7.8,10.9
hh_with_children,percentiles_81_90,2008,13.7,14.3,14.6,7.5,10.7
hh_with_children,percentiles_81_90,2009,15.1,16.9,15.2,8.3,10.5
hh_with_children,percentiles_81_90,2010,14.2,15.2,15.3,7.0,10.2
hh_with_children,percentiles_81_90,2011,14.4,15.4,15.2,7.8,10.4
hh_with_children,percentiles_81_90,2012,13.3,13.7,14.8,7.0,10.3
hh_with_children,percentiles_81_90,2013,13.5,13.7,14.8,8.1,10.6
hh_with_children,percentiles_81_90,2014,12.9,12.9,14.6,7.4,10.9
hh_with_children,percentiles_81_90,2015,12.5,12.4,14.1,7.2,10.9
hh_with_children,percentiles_81_90,2016,13.1,13.3,14.2,7.8,11.0
hh_with_children,percentiles_91_95,1979,7.6,9.4,5.3,8.1,5.3
hh_with_children,percentiles_91_95,1980,7.5,9.2,5.3,7.9,5.2
hh_with_children,percentiles_91_95,1981,7.2,8.9,5.2,7.4,4.9
hh_with_children,percentiles_91_95,1982,7.1,8.7,5.3,7.1,4.7
hh_with_children,percentiles_91_95,1983,7.0,8.4,5.6,6.9,4.5
hh_with_children,percentiles_91_95,1984,7.3,8.8,6.1,7.4,5.0
hh_with_children,percentiles_91_95,1985,7.6,9.3,6.2,7.4,5.0
hh_with_children,percentiles_91_95,1986,7.3,8.6,6.1,6.6,5.3
hh_with_children,percentiles_91_95,1987,7.8,9.5,6.4,7.0,5.6
hh_with_children,percentiles_91_95,1988,7.4,9.1,6.1,6.7,5.5
hh_with_children,percentiles_91_95,1989,8.1,9.9,6.6,7.4,5.7
hh_with_children,percentiles_91_95,1990,7.5,9.2,6.1,7.5,5.3
hh_with_children,percentiles_91_95,1991,8.1,10.0,6.7,7.4,5.5
hh_with_children,percentiles_91_95,1992,8.2,10.0,6.9,7.4,5.5
hh_with_children,percentiles_91_95,1993,8.0,9.6,6.9,7.3,5.4
hh_with_children,percentiles_91_95,1994,8.6,10.5,7.2,7.9,5.9
hh_with_children,percentiles_91_95,1995,8.3,10.0,7.2,6.9,5.4
hh_with_children,percentiles_91_95,1996,8.3,10.0,7.1,7.1,5.3
hh_with_children,percentiles_91_95,1997,8.5,10.2,7.2,7.6,5.8
hh_with_children,percentiles_91_95,1998,8.5,10.4,7.2,7.0,5.4
hh_with_children,percentiles_91_95,1999,8.5,10.2,7.3,6.9,5.7
hh_with_children,percentiles_91_95,2000,8.7,10.0,7.6,7.0,6.4
hh_with_children,percentiles_91_95,2001,9.0,11.1,7.6,6.6,5.9
hh_with_children,percentiles_91_95,2002,9.6,12.0,8.2,7.0,5.9
hh_with_children,percentiles_91_95,2003,9.6,12.5,8.2,6.7,5.8
hh_with_children,percentiles_91_95,2004,9.3,11.7,8.2,6.5,6.0
hh_with_children,percentiles_91_95,2005,9.0,11.5,7.9,6.3,5.6
hh_with_children,percentiles_91_95,2006,8.9,11.1,8.0,6.3,5.7
hh_with_children,percentiles_91_95,2007,8.6,10.4,7.7,5.8,5.7
hh_with_children,percentiles_91_95,2008,10.0,13.5,8.3,5.8,6.1
hh_with_children,percentiles_91_95,2009,10.3,14.4,8.3,6.3,5.6
hh_with_children,percentiles_91_95,2010,10.1,13.6,8.7,5.2,5.6
hh_with_children,percentiles_91_95,2011,10.1,13.1,8.5,5.9,5.7
hh_with_children,percentiles_91_95,2012,9.5,11.8,8.4,5.3,5.7
hh_with_children,percentiles_91_95,2013,9.7,11.9,8.7,6.1,5.8
hh_with_children,percentiles_91_95,2014,9.4,11.4,8.4,6.1,5.9
hh_with_children,percentiles_91_95,2015,9.5,11.4,8.6,6.0,6.1
hh_with_children,percentiles_91_95,2016,10.0,12.3,8.7,6.5,6.3
hh_with_children,percentiles_96_99,1979,9.8,13.7,3.8,14.1,5.4
hh_with_children,percentiles_96_99,1980,9.5,13.0,4.0,13.4,5.4
hh_with_children,percentiles_96_99,1981,8.4,11.7,3.6,12.3,4.6
hh_with_children,percentiles_96_99,1982,8.5,12.3,4.2,11.0,4.6
hh_with_children,percentiles_96_99,1983,8.8,12.4,4.7,11.8,4.8
hh_with_children,percentiles_96_99,1984,8.8,12.5,4.9,11.6,5.0
hh_with_children,percentiles_96_99,1985,8.7,12.5,4.8,12.0,5.0
hh_with_children,percentiles_96_99,1986,9.4,13.6,4.9,11.4,5.4
hh_with_children,percentiles_96_99,1987,10.3,15.2,5.2,13.4,5.5
hh_with_children,percentiles_96_99,1988,10.2,15.3,5.2,12.5,5.6
hh_with_children,percentiles_96_99,1989,10.3,15.4,5.4,11.9,5.5
hh_with_children,percentiles_96_99,1990,10.5,16.0,5.4,12.8,6.0
hh_with_children,percentiles_96_99,1991,10.3,15.3,5.9,12.4,5.5
hh_with_children,percentiles_96_99,1992,10.8,16.2,6.2,12.4,5.5
hh_with_children,percentiles_96_99,1993,11.5,16.9,6.8,12.6,5.6
hh_with_children,percentiles_96_99,1994,11.5,17.2,6.9,12.0,5.4
hh_with_children,percentiles_96_99,1995,12.1,18.2,6.8,12.5,5.6
hh_with_children,percentiles_96_99,1996,12.2,18.4,6.6,12.5,5.1
hh_with_children,percentiles_96_99,1997,12.8,19.1,6.9,12.9,5.7
hh_with_children,percentiles_96_99,1998,13.2,20.1,6.9,12.6,5.3
hh_with_children,percentiles_96_99,1999,13.2,19.5,7.0,12.5,6.2
hh_with_children,percentiles_96_99,2000,13.3,19.1,7.3,12.1,6.3
hh_with_children,percentiles_96_99,2001,13.3,20.6,7.1,11.7,6.0
hh_with_children,percentiles_96_99,2002,13.5,21.3,7.4,11.7,5.6
hh_with_children,percentiles_96_99,2003,13.8,23.1,7.5,12.1,5.6
hh_with_children,percentiles_96_99,2004,14.3,23.4,7.8,11.9,6.1
hh_with_children,percentiles_96_99,2005,15.2,24.9,7.9,12.7,5.9
hh_with_children,percentiles_96_99,2006,14.2,22.4,7.7,11.3,5.8
hh_with_children,percentiles_96_99,2007,14.1,21.9,7.5,10.8,5.8
hh_with_children,percentiles_96_99,2008,15.5,27.0,7.8,10.4,6.0
hh_with_children,percentiles_96_99,2009,15.7,28.7,8.2,10.7,5.5
hh_with_children,percentiles_96_99,2010,15.1,26.1,8.3,9.2,5.5
hh_with_children,percentiles_96_99,2011,16.1,25.9,8.6,10.4,5.6
hh_with_children,percentiles_96_99,2012,16.1,24.9,8.7,10.2,6.0
hh_with_children,percentiles_96_99,2013,15.3,23.6,8.6,11.4,5.8
hh_with_children,percentiles_96_99,2014,15.4,23.4,8.6,11.3,5.8
hh_with_children,percentiles_96_99,2015,15.8,23.6,9.0,11.0,6.1
hh_with_children,percentiles_96_99,2016,16.4,25.0,9.0,11.7,6.2
hh_with_children,top_1_percent,1979,8.3,11.4,0.7,21.3,2.5
hh_with_children,top_1_percent,1980,7.9,10.9,0.8,21.5,2.8
hh_with_children,top_1_percent,1981,7.5,10.6,0.9,23.3,2.9
hh_with_children,top_1_percent,1982,6.8,10.4,1.1,23.2,2.4
hh_with_children,top_1_percent,1983,9.2,14.6,1.3,26.2,3.3
hh_with_children,top_1_percent,1984,9.7,15.6,1.4,26.4,3.7
hh_with_children,top_1_percent,1985,8.7,14.2,1.3,25.5,4.1
hh_with_children,top_1_percent,1986,12.0,19.4,1.2,33.1,3.9
hh_with_children,top_1_percent,1987,12.1,20.6,1.6,24.8,3.9
hh_with_children,top_1_percent,1988,12.4,21.7,1.4,25.9,3.5
hh_with_children,top_1_percent,1989,12.7,21.9,1.6,27.5,3.3
hh_with_children,top_1_percent,1990,10.2,18.0,1.5,23.0,3.0
hh_with_children,top_1_percent,1991,11.1,19.9,1.9,24.8,3.2
hh_with_children,top_1_percent,1992,12.0,21.7,1.7,26.7,3.2
hh_with_children,top_1_percent,1993,13.6,24.2,1.9,28.2,3.1
hh_with_children,top_1_percent,1994,14.1,24.8,2.8,28.4,2.9
hh_with_children,top_1_percent,1995,16.3,28.3,2.7,31.4,3.0
hh_with_children,top_1_percent,1996,17.1,29.6,2.8,31.3,2.8
hh_with_children,top_1_percent,1997,17.6,29.8,2.8,32.4,3.1
hh_with_children,top_1_percent,1998,19.2,33.0,3.0,35.4,3.0
hh_with_children,top_1_percent,1999,21.2,35.7,3.2,37.2,3.0
hh_with_children,top_1_percent,2000,23.5,38.5,3.6,39.9,3.2
hh_with_children,top_1_percent,2001,20.7,36.9,3.3,41.0,3.6
hh_with_children,top_1_percent,2002,19.5,36.0,3.3,38.7,3.0
hh_with_children,top_1_percent,2003,21.0,39.8,3.4,42.6,3.1
hh_with_children,top_1_percent,2004,22.6,40.7,3.4,44.3,3.6
hh_with_children,top_1_percent,2005,23.8,41.4,3.3,43.5,3.8
hh_with_children,top_1_percent,2006,27.4,45.7,3.8,47.7,4.1
hh_with_children,top_1_percent,2007,27.9,46.6,3.9,48.3,3.8
hh_with_children,top_1_percent,2008,25.7,49.3,3.8,48.9,4.5
hh_with_children,top_1_percent,2009,22.5,46.8,3.8,45.1,3.4
hh_with_children,top_1_percent,2010,26.8,49.4,4.0,53.9,4.8
hh_with_children,top_1_percent,2011,25.1,41.9,4.2,49.9,3.7
hh_with_children,top_1_percent,2012,28.4,45.4,4.5,53.4,4.3
hh_with_children,top_1_percent,2013,26.9,45.2,4.6,47.9,4.0
hh_with_children,top_1_percent,2014,28.2,46.6,4.5,49.3,3.9
hh_with_children,top_1_percent,2015,28.8,46.5,4.9,50.9,3.3
hh_with_children,top_1_percent,2016,25.7,42.1,4.4,48.1,3.5
elderly_headed_hh,all_quintiles,1979,100.0,100.0,100.0,100.0,100.0
elderly_headed_hh,all_quintiles,1980,100.0,100.0,100.0,100.0,100.0
elderly_headed_hh,all_quintiles,1981,100.0,100.0,100.0,100.0,100.0
elderly_headed_hh,all_quintiles,1982,100.0,100.0,100.0,100.0,100.0
elderly_headed_hh,all_quintiles,1983,100.0,100.0,100.0,100.0,100.0
elderly_headed_hh,all_quintiles,1984,100.0,100.0,100.0,100.0,100.0
elderly_headed_hh,all_quintiles,1985,100.0,100.0,100.0,100.0,100.0
elderly_headed_hh,all_quintiles,1986,100.0,100.0,100.0,100.0,100.0
elderly_headed_hh,all_quintiles,1987,100.0,100.0,100.0,100.0,100.0
elderly_headed_hh,all_quintiles,1988,100.0,100.0,100.0,100.0,100.0
elderly_headed_hh,all_quintiles,1989,100.0,100.0,100.0,100.0,100.0
elderly_headed_hh,all_quintiles,1990,100.0,100.0,100.0,100.0,100.0
elderly_headed_hh,all_quintiles,1991,100.0,100.0,100.0,100.0,100.0
elderly_headed_hh,all_quintiles,1992,100.0,100.0,100.0,100.0,100.0
elderly_headed_hh,all_quintiles,1993,100.0,100.0,100.0,100.0,100.0
elderly_headed_hh,all_quintiles,1994,100.0,100.0,100.0,100.0,100.0
elderly_headed_hh,all_quintiles,1995,100.0,100.0,100.0,100.0,100.0
elderly_headed_hh,all_quintiles,1996,100.0,100.0,100.0,100.0,100.0
elderly_headed_hh,all_quintiles,1997,100.0,100.0,100.0,100.0,100.0
elderly_headed_hh,all_quintiles,1998,100.0,100.0,100.0,100.0,100.0
elderly_headed_hh,all_quintiles,1999,100.0,100.0,100.0,100.0,100.0
elderly_headed_hh,all_quintiles,2000,100.0,100.0,100.0,100.0,100.0
elderly_headed_hh,all_quintiles,2001,100.0,100.0,100.0,100.0,100.0
elderly_headed_hh,all_quintiles,2002,100.0,100.0,100.0,100.0,100.0
elderly_headed_hh,all_quintiles,2003,100.0,100.0,100.0,100.0,100.0
elderly_headed_hh,all_quintiles,2004,100.0,100.0,100.0,100.0,100.0
elderly_headed_hh,all_quintiles,2005,100.0,100.0,100.0,100.0,100.0
elderly_headed_hh,all_quintiles,2006,100.0,100.0,100.0,100.0,100.0
elderly_headed_hh,all_quintiles,2007,100.0,100.0,100.0,100.0,100.0
elderly_headed_hh,all_quintiles,2008,100.0,100.0,100.0,100.0,100.0
elderly_headed_hh,all_quintiles,2009,100.0,100.0,100.0,100.0,100.0
elderly_headed_hh,all_quintiles,2010,100.0,100.0,100.0,100.0,100.0
elderly_headed_hh,all_quintiles,2011,100.0,100.0,100.0,100.0,100.0
elderly_headed_hh,all_quintiles,2012,100.0,100.0,100.0,100.0,100.0
elderly_headed_hh,all_quintiles,2013,100.0,100.0,100.0,100.0,100.0
elderly_headed_hh,all_quintiles,2014,100.0,100.0,100.0,100.0,100.0
elderly_headed_hh,all_quintiles,2015,100.0,100.0,100.0,100.0,100.0
elderly_headed_hh,all_quintiles,2016,100.0,100.0,100.0,100.0,100.0
elderly_headed_hh,lowest_quintile,1979,1.6,0.1,2.6,1.8,11.4
elderly_headed_hh,lowest_quintile,1980,1.2,0.1,2.4,1.3,9.5
elderly_headed_hh,lowest_quintile,1981,0.8,0.1,1.6,0.8,7.5
elderly_headed_hh,lowest_quintile,1982,0.6,0.1,1.1,0.6,5.3
elderly_headed_hh,lowest_quintile,1983,0.6,0.1,0.9,0.5,4.4
elderly_headed_hh,lowest_quintile,1984,0.5,0.0,0.9,0.5,4.9
elderly_headed_hh,lowest_quintile,1985,0.6,0.1,1.0,0.5,4.7
elderly_headed_hh,lowest_quintile,1986,0.5,0.0,0.9,0.4,3.8
elderly_headed_hh,lowest_quintile,1987,0.6,0.1,0.9,0.5,4.6
elderly_headed_hh,lowest_quintile,1988,0.6,0.1,1.0,0.6,4.9
elderly_headed_hh,lowest_quintile,1989,0.6,0.1,1.1,0.6,5.0
elderly_headed_hh,lowest_quintile,1990,0.8,0.3,1.1,0.7,5.4
elderly_headed_hh,lowest_quintile,1991,0.8,0.1,1.2,0.7,4.9
elderly_headed_hh,lowest_quintile,1992,0.7,0.1,1.0,0.6,4.5
elderly_headed_hh,lowest_quintile,1993,0.6,0.0,1.1,0.5,4.3
elderly_headed_hh,lowest_quintile,1994,0.7,0.1,1.2,0.6,4.7
elderly_headed_hh,lowest_quintile,1995,0.7,0.1,1.3,0.7,4.7
elderly_headed_hh,lowest_quintile,1996,0.5,0.0,1.1,0.4,4.3
elderly_headed_hh,lowest_quintile,1997,0.5,0.0,1.4,0.4,4.3
elderly_headed_hh,lowest_quintile,1998,0.5,0.1,1.2,0.4,4.3
elderly_headed_hh,lowest_quintile,1999,0.6,0.1,1.4,0.4,5.2
elderly_headed_hh,lowest_quintile,2000,0.7,0.1,1.6,0.5,5.6
elderly_headed_hh,lowest_quintile,2001,0.7,0.1,1.3,0.6,6.4
elderly_headed_hh,lowest_quintile,2002,0.9,0.2,1.4,0.6,6.6
elderly_headed_hh,lowest_quintile,2003,0.9,0.2,1.5,0.6,6.8
elderly_headed_hh,lowest_quintile,2004,0.7,0.1,1.3,0.5,5.7
elderly_headed_hh,lowest_quintile,2005,0.6,0.1,1.1,0.4,5.7
elderly_headed_hh,lowest_quintile,2006,0.5,0.0,1.0,0.4,4.6
elderly_headed_hh,lowest_quintile,2007,0.5,0.1,1.2,0.4,4.5
elderly_headed_hh,lowest_quintile,2008,0.2,-0.7,1.2,0.5,6.0
elderly_headed_hh,lowest_quintile,2009,0.6,0.0,1.2,0.6,5.4
elderly_headed_hh,lowest_quintile,2010,0.6,0.0,1.1,0.5,5.7
elderly_headed_hh,lowest_quintile,2011,0.6,0.1,1.2,0.5,5.7
elderly_headed_hh,lowest_quintile,2012,0.5,0.1,1.0,0.5,5.5
elderly_headed_hh,lowest_quintile,2013,0.6,0.0,1.0,0.5,6.1
elderly_headed_hh,lowest_quintile,2014,0.6,0.0,1.1,0.5,6.3
elderly_headed_hh,lowest_quintile,2015,0.6,0.0,1.4,0.6,6.5
elderly_headed_hh,lowest_quintile,2016,0.7,0.0,1.4,0.6,7.5
elderly_headed_hh,second_quintile,1979,3.5,0.7,7.8,4.2,13.7
elderly_headed_hh,second_quintile,1980,2.8,0.7,7.1,3.2,13.5
elderly_headed_hh,second_quintile,1981,2.3,0.6,5.8,2.5,12.4
elderly_headed_hh,second_quintile,1982,2.1,0.5,5.1,2.1,12.5
elderly_headed_hh,second_quintile,1983,2.1,0.5,4.4,2.0,11.9
elderly_headed_hh,second_quintile,1984,2.2,0.5,4.5,2.2,13.2
elderly_headed_hh,second_quintile,1985,2.0,0.4,4.2,1.9,12.5
elderly_headed_hh,second_quintile,1986,2.0,0.4,4.5,2.1,11.4
elderly_headed_hh,second_quintile,1987,2.5,0.4,5.1,2.4,14.3
elderly_headed_hh,second_quintile,1988,2.7,0.7,5.6,2.7,14.5
elderly_headed_hh,second_quintile,1989,2.5,0.7,5.9,2.4,13.7
elderly_headed_hh,second_quintile,1990,2.6,0.8,5.4,2.5,12.9
elderly_headed_hh,second_quintile,1991,2.5,0.6,4.9,2.2,12.3
elderly_headed_hh,second_quintile,1992,2.5,0.6,4.8,2.2,12.6
elderly_headed_hh,second_quintile,1993,2.4,0.5,4.3,2.2,12.4
elderly_headed_hh,second_quintile,1994,2.4,0.5,4.2,2.1,13.3
elderly_headed_hh,second_quintile,1995,2.2,0.4,4.3,1.8,13.2
elderly_headed_hh,second_quintile,1996,1.8,0.3,4.1,1.5,11.7
elderly_headed_hh,second_quintile,1997,1.6,0.3,3.7,1.4,10.6
elderly_headed_hh,second_quintile,1998,1.8,0.5,4.3,1.4,10.6
elderly_headed_hh,second_quintile,1999,1.9,0.5,4.9,1.7,11.1
elderly_headed_hh,second_quintile,2000,2.1,0.6,5.1,2.0,11.6
elderly_headed_hh,second_quintile,2001,2.1,0.5,5.0,1.8,12.1
elderly_headed_hh,second_quintile,2002,2.3,0.5,5.5,1.7,13.5
elderly_headed_hh,second_quintile,2003,2.2,0.4,4.6,1.7,13.0
elderly_headed_hh,second_quintile,2004,2.0,0.4,4.5,1.5,11.7
elderly_headed_hh,second_quintile,2005,1.8,0.4,4.4,1.4,11.6
elderly_headed_hh,second_quintile,2006,1.6,0.4,3.9,1.4,10.8
elderly_headed_hh,second_quintile,2007,1.7,0.5,4.6,1.4,9.9
elderly_headed_hh,second_quintile,2008,1.1,-0.9,4.0,1.6,10.8
elderly_headed_hh,second_quintile,2009,1.7,0.3,3.7,1.5,11.0
elderly_headed_hh,second_quintile,2010,1.6,0.3,3.5,1.4,10.5
elderly_headed_hh,second_quintile,2011,1.6,0.5,3.4,1.3,10.5
elderly_headed_hh,second_quintile,2012,1.5,0.5,3.4,1.1,10.2
elderly_headed_hh,second_quintile,2013,1.5,0.4,3.4,1.2,10.2
elderly_headed_hh,second_quintile,2014,1.5,0.4,3.6,1.1,10.7
elderly_headed_hh,second_quintile,2015,1.5,0.4,3.7,1.2,10.6
elderly_headed_hh,second_quintile,2016,1.6,0.5,3.8,1.2,10.5
elderly_headed_hh,middle_quintile,1979,6.8,3.1,16.2,7.5,14.3
elderly_headed_hh,middle_quintile,1980,6.0,3.0,14.3,6.9,13.2
elderly_headed_hh,middle_quintile,1981,5.2,2.6,13.1,6.0,12.9
elderly_headed_hh,middle_quintile,1982,5.0,2.5,11.9,5.9,14.0
elderly_headed_hh,middle_quintile,1983,5.5,2.5,12.6,6.0,15.2
elderly_headed_hh,middle_quintile,1984,5.5,2.4,12.6,6.4,15.7
elderly_headed_hh,middle_quintile,1985,5.3,2.3,11.7,6.3,15.9
elderly_headed_hh,middle_quintile,1986,5.9,2.5,13.9,7.1,16.6
elderly_headed_hh,middle_quintile,1987,7.0,3.0,14.9,8.0,19.0
elderly_headed_hh,middle_quintile,1988,6.6,3.2,14.2,7.5,17.3
elderly_headed_hh,middle_quintile,1989,6.4,3.2,14.1,7.1,17.2
elderly_headed_hh,middle_quintile,1990,6.8,3.5,14.6,7.2,17.7
elderly_headed_hh,middle_quintile,1991,7.2,3.6,14.2,7.5,18.6
elderly_headed_hh,middle_quintile,1992,6.4,2.9,11.8,6.9,18.4
elderly_headed_hh,middle_quintile,1993,6.4,2.7,12.8,6.6,17.9
elderly_headed_hh,middle_quintile,1994,6.4,2.7,12.1,6.8,19.4
elderly_headed_hh,middle_quintile,1995,6.2,2.9,12.9,6.4,17.9
elderly_headed_hh,middle_quintile,1996,5.1,2.2,11.4,5.4,17.6
elderly_headed_hh,middle_quintile,1997,4.8,2.1,11.7,4.9,16.6
elderly_headed_hh,middle_quintile,1998,5.3,2.5,11.8,5.5,17.7
elderly_headed_hh,middle_quintile,1999,5.9,2.8,14.2,5.9,18.4
elderly_headed_hh,middle_quintile,2000,5.9,2.9,13.6,6.0,19.5
elderly_headed_hh,middle_quintile,2001,6.0,2.9,13.3,6.0,18.8
elderly_headed_hh,middle_quintile,2002,5.7,2.5,12.9,5.5,18.5
elderly_headed_hh,middle_quintile,2003,5.9,2.5,12.1,5.2,19.8
elderly_headed_hh,middle_quintile,2004,5.3,2.6,11.8,4.5,17.8
elderly_headed_hh,middle_quintile,2005,4.9,2.3,11.6,4.2,17.8
elderly_headed_hh,middle_quintile,2006,4.8,2.3,11.6,4.3,17.5
elderly_headed_hh,middle_quintile,2007,4.4,2.2,11.0,3.8,16.3
elderly_headed_hh,middle_quintile,2008,4.0,0.5,10.6,4.2,18.5
elderly_headed_hh,middle_quintile,2009,5.1,2.2,10.8,4.2,18.9
elderly_headed_hh,middle_quintile,2010,4.6,2.0,10.3,3.8,18.2
elderly_headed_hh,middle_quintile,2011,4.7,2.5,10.1,3.7,19.2
elderly_headed_hh,middle_quintile,2012,4.2,2.2,9.8,3.1,18.1
elderly_headed_hh,middle_quintile,2013,4.5,2.4,9.9,3.3,17.4
elderly_headed_hh,middle_quintile,2014,4.1,2.0,9.8,3.0,16.8
elderly_headed_hh,middle_quintile,2015,4.4,2.3,9.8,3.4,17.3
elderly_headed_hh,middle_quintile,2016,4.2,2.2,9.2,3.2,16.4
elderly_headed_hh,fourth_quintile,1979,11.8,8.3,22.6,12.2,17.2
elderly_headed_hh,fourth_quintile,1980,12.0,8.6,22.8,12.8,18.6
elderly_headed_hh,fourth_quintile,1981,12.2,8.8,22.4,13.6,20.0
elderly_headed_hh,fourth_quintile,1982,12.4,8.8,23.0,14.0,21.3
elderly_headed_hh,fourth_quintile,1983,13.3,9.4,23.4,14.3,23.2
elderly_headed_hh,fourth_quintile,1984,14.1,9.8,25.2,15.7,24.2
elderly_headed_hh,fourth_quintile,1985,13.0,8.9,23.8,14.5,23.7
elderly_headed_hh,fourth_quintile,1986,12.8,8.5,24.3,14.3,22.6
elderly_headed_hh,fourth_quintile,1987,15.0,10.6,26.4,15.9,22.8
elderly_headed_hh,fourth_quintile,1988,14.1,10.3,25.0,14.5,22.7
elderly_headed_hh,fourth_quintile,1989,14.8,11.3,25.8,14.9,24.1
elderly_headed_hh,fourth_quintile,1990,14.6,11.2,24.0,14.5,23.9
elderly_headed_hh,fourth_quintile,1991,16.0,12.5,24.6,15.8,25.5
elderly_headed_hh,fourth_quintile,1992,15.0,11.4,23.7,14.8,24.8
elderly_headed_hh,fourth_quintile,1993,14.5,10.6,24.1,13.8,25.3
elderly_headed_hh,fourth_quintile,1994,14.5,10.7,24.6,13.7,25.4
elderly_headed_hh,fourth_quintile,1995,14.3,10.6,24.3,13.9,24.9
elderly_headed_hh,fourth_quintile,1996,12.8,9.1,22.5,13.2,25.0
elderly_headed_hh,fourth_quintile,1997,12.7,9.2,22.7,12.9,25.6
elderly_headed_hh,fourth_quintile,1998,13.0,9.8,23.2,12.6,24.4
elderly_headed_hh,fourth_quintile,1999,13.1,10.2,23.3,12.5,24.3
elderly_headed_hh,fourth_quintile,2000,13.8,11.0,24.5,12.7,24.9
elderly_headed_hh,fourth_quintile,2001,14.4,11.2,24.3,13.0,27.1
elderly_headed_hh,fourth_quintile,2002,14.1,11.0,23.9,12.0,26.3
elderly_headed_hh,fourth_quintile,2003,13.7,11.1,23.7,10.2,25.2
elderly_headed_hh,fourth_quintile,2004,12.8,10.4,24.6,9.4,23.6
elderly_headed_hh,fourth_quintile,2005,12.1,9.6,23.4,9.5,24.1
elderly_headed_hh,fourth_quintile,2006,12.3,9.9,24.2,9.6,24.9
elderly_headed_hh,fourth_quintile,2007,11.7,9.4,23.5,8.9,25.3
elderly_headed_hh,fourth_quintile,2008,12.6,9.0,24.3,9.5,25.1
elderly_headed_hh,fourth_quintile,2009,13.3,10.5,21.8,9.5,25.8
elderly_headed_hh,fourth_quintile,2010,12.8,10.2,22.8,8.7,26.0
elderly_headed_hh,fourth_quintile,2011,13.1,11.2,22.9,8.9,25.5
elderly_headed_hh,fourth_quintile,2012,11.6,9.9,21.5,7.2,24.9
elderly_headed_hh,fourth_quintile,2013,12.3,10.2,21.5,8.4,24.8
elderly_headed_hh,fourth_quintile,2014,11.5,9.5,21.4,7.8,23.9
elderly_headed_hh,fourth_quintile,2015,11.4,9.4,20.7,7.7,23.4
elderly_headed_hh,fourth_quintile,2016,12.0,10.3,21.2,7.6,23.6
elderly_headed_hh,highest_quintile,1979,76.2,87.7,50.8,74.1,43.1
elderly_headed_hh,highest_quintile,1980,77.9,87.5,53.5,75.6,44.9
elderly_headed_hh,highest_quintile,1981,79.4,87.8,57.0,76.9,46.8
elderly_headed_hh,highest_quintile,1982,79.9,88.1,58.9,77.1,46.7
elderly_headed_hh,highest_quintile,1983,78.5,87.5,58.6,76.9,45.2
elderly_headed_hh,highest_quintile,1984,77.5,87.3,56.8,74.8,41.6
elderly_headed_hh,highest_quintile,1985,79.0,88.2,59.2,76.4,42.9
elderly_headed_hh,highest_quintile,1986,78.7,88.5,56.2,75.9,45.5
elderly_headed_hh,highest_quintile,1987,74.7,85.9,52.5,72.7,39.1
elderly_headed_hh,highest_quintile,1988,75.7,85.7,53.9,74.2,40.5
elderly_headed_hh,highest_quintile,1989,75.4,84.8,53.0,74.4,39.8
elderly_headed_hh,highest_quintile,1990,74.9,84.0,54.8,74.6,39.8
elderly_headed_hh,highest_quintile,1991,73.2,83.1,54.8,73.0,38.4
elderly_headed_hh,highest_quintile,1992,75.1,84.9,58.4,74.8,39.3
elderly_headed_hh,highest_quintile,1993,75.8,86.0,57.5,75.9,39.6
elderly_headed_hh,highest_quintile,1994,75.5,85.8,57.7,75.7,36.7
elderly_headed_hh,highest_quintile,1995,76.1,85.9,56.9,76.2,38.7
elderly_headed_hh,highest_quintile,1996,79.4,88.2,60.6,78.5,41.1
elderly_headed_hh,highest_quintile,1997,79.9,87.9,60.3,79.6,42.5
elderly_headed_hh,highest_quintile,1998,79.2,87.0,59.3,79.2,42.6
elderly_headed_hh,highest_quintile,1999,78.2,86.4,56.1,78.8,40.7
elderly_headed_hh,highest_quintile,2000,77.4,85.4,55.0,78.0,38.0
elderly_headed_hh,highest_quintile,2001,76.5,85.4,55.8,77.6,35.4
elderly_headed_hh,highest_quintile,2002,76.7,85.8,56.1,79.0,34.8
elderly_headed_hh,highest_quintile,2003,76.8,85.7,57.7,81.2,34.9
elderly_headed_hh,highest_quintile,2004,78.8,86.4,57.6,83.1,41.0
elderly_headed_hh,highest_quintile,2005,80.1,87.5,59.2,83.4,40.5
elderly_headed_hh,highest_quintile,2006,80.4,87.2,59.0,83.4,41.9
elderly_headed_hh,highest_quintile,2007,81.5,87.7,59.4,84.6,43.6
elderly_headed_hh,highest_quintile,2008,81.6,92.1,59.5,82.3,39.2
elderly_headed_hh,highest_quintile,2009,78.6,86.9,61.9,81.6,38.4
elderly_headed_hh,highest_quintile,2010,79.8,87.5,61.9,83.6,39.1
elderly_headed_hh,highest_quintile,2011,79.3,85.6,61.9,83.5,38.5
elderly_headed_hh,highest_quintile,2012,81.7,87.3,63.9,86.4,40.8
elderly_headed_hh,highest_quintile,2013,80.5,86.8,63.8,84.5,41.0
elderly_headed_hh,highest_quintile,2014,81.8,88.0,63.6,85.8,41.8
elderly_headed_hh,highest_quintile,2015,81.3,87.5,64.0,85.0,41.6
elderly_headed_hh,highest_quintile,2016,81.0,86.9,64.0,85.4,41.5
elderly_headed_hh,percentiles_81_90,1979,11.1,9.9,18.8,10.4,11.8
elderly_headed_hh,percentiles_81_90,1980,11.4,10.1,18.3,10.9,12.4
elderly_headed_hh,percentiles_81_90,1981,12.0,10.8,18.8,11.4,13.8
elderly_headed_hh,percentiles_81_90,1982,12.9,11.5,20.0,11.9,14.8
elderly_headed_hh,percentiles_81_90,1983,13.2,11.6,20.4,12.6,14.9
elderly_headed_hh,percentiles_81_90,1984,13.3,11.7,20.0,12.8,14.9
elderly_headed_hh,percentiles_81_90,1985,13.1,11.5,20.0,12.7,15.1
elderly_headed_hh,percentiles_81_90,1986,12.3,10.6,18.9,12.3,13.5
elderly_headed_hh,percentiles_81_90,1987,12.8,11.9,18.4,12.1,11.9
elderly_headed_hh,percentiles_81_90,1988,12.8,11.7,19.7,11.8,12.5
elderly_headed_hh,percentiles_81_90,1989,13.5,12.8,18.7,12.3,14.1
elderly_headed_hh,percentiles_81_90,1990,13.7,13.1,18.0,12.5,14.3
elderly_headed_hh,percentiles_81_90,1991,13.9,13.6,17.0,12.8,14.0
elderly_headed_hh,percentiles_81_90,1992,14.7,14.0,21.8,12.6,14.6
elderly_headed_hh,percentiles_81_90,1993,13.1,12.7,17.7,11.8,13.7
elderly_headed_hh,percentiles_81_90,1994,13.4,13.1,18.4,11.8,13.7
elderly_headed_hh,percentiles_81_90,1995,14.4,14.3,18.8,12.8,15.0
elderly_headed_hh,percentiles_81_90,1996,13.8,13.0,19.9,12.3,15.6
elderly_headed_hh,percentiles_81_90,1997,13.5,12.7,19.9,12.3,15.5
elderly_headed_hh,percentiles_81_90,1998,13.3,12.9,19.6,11.2,15.1
elderly_headed_hh,percentiles_81_90,1999,12.4,12.1,17.5,10.6,13.9
elderly_headed_hh,percentiles_81_90,2000,13.1,12.7,17.9,11.4,13.6
elderly_headed_hh,percentiles_81_90,2001,13.7,13.3,19.3,10.8,13.8
elderly_headed_hh,percentiles_81_90,2002,13.5,13.3,19.5,9.8,13.5
elderly_headed_hh,percentiles_81_90,2003,12.6,12.6,19.2,8.7,12.3
elderly_headed_hh,percentiles_81_90,2004,11.8,12.0,18.9,7.9,12.9
elderly_headed_hh,percentiles_81_90,2005,11.9,11.9,19.5,8.5,13.5
elderly_headed_hh,percentiles_81_90,2006,11.8,11.9,18.6,9.0,13.7
elderly_headed_hh,percentiles_81_90,2007,11.4,10.9,19.0,8.5,14.8
elderly_headed_hh,percentiles_81_90,2008,12.3,11.7,18.6,8.4,13.9
elderly_headed_hh,percentiles_81_90,2009,13.7,13.4,19.4,8.6,14.9
elderly_headed_hh,percentiles_81_90,2010,13.5,13.3,19.7,8.8,14.5
elderly_headed_hh,percentiles_81_90,2011,13.0,13.3,18.5,8.2,14.4
elderly_headed_hh,percentiles_81_90,2012,12.3,12.3,19.7,7.4,14.4
elderly_headed_hh,percentiles_81_90,2013,13.6,13.2,20.0,9.6,15.6
elderly_headed_hh,percentiles_81_90,2014,12.7,12.1,20.2,8.7,15.4
elderly_headed_hh,percentiles_81_90,2015,13.2,12.7,20.9,8.5,15.8
elderly_headed_hh,percentiles_81_90,2016,13.3,12.9,20.5,8.7,15.0
elderly_headed_hh,percentiles_91_95,1979,9.7,9.6,14.2,8.7,8.4
elderly_headed_hh,percentiles_91_95,1980,11.5,11.3,14.5,11.0,9.9
elderly_headed_hh,percentiles_91_95,1981,12.0,11.9,15.5,10.8,10.4
elderly_headed_hh,percentiles_91_95,1982,11.2,11.0,13.9,10.3,9.4
elderly_headed_hh,percentiles_91_95,1983,12.7,12.6,15.9,11.8,10.3
elderly_headed_hh,percentiles_91_95,1984,13.0,13.4,15.2,11.5,9.9
elderly_headed_hh,percentiles_91_95,1985,12.0,12.1,15.8,10.4,9.1
elderly_headed_hh,percentiles_91_95,1986,10.8,10.6,14.3,10.1,8.5
elderly_headed_hh,percentiles_91_95,1987,11.2,11.9,13.4,9.8,7.9
elderly_headed_hh,percentiles_91_95,1988,11.0,11.2,14.5,9.6,8.4
elderly_headed_hh,percentiles_91_95,1989,11.4,11.9,13.2,10.4,8.7
elderly_headed_hh,percentiles_91_95,1990,12.7,13.0,15.2,11.6,9.4
elderly_headed_hh,percentiles_91_95,1991,12.4,13.3,14.0,10.7,8.7
elderly_headed_hh,percentiles_91_95,1992,11.7,12.6,12.7,10.3,8.6
elderly_headed_hh,percentiles_91_95,1993,12.7,13.1,15.6,11.7,9.3
elderly_headed_hh,percentiles_91_95,1994,11.4,12.3,12.8,10.0,8.3
elderly_headed_hh,percentiles_91_95,1995,11.8,12.4,13.5,10.8,8.9
elderly_headed_hh,percentiles_91_95,1996,11.7,12.0,14.4,10.8,8.6
elderly_headed_hh,percentiles_91_95,1997,11.4,11.8,13.4,10.5,9.0
elderly_headed_hh,percentiles_91_95,1998,11.7,12.0,14.4,10.2,9.5
elderly_headed_hh,percentiles_91_95,1999,11.3,11.5,14.1,10.4,8.7
elderly_headed_hh,percentiles_91_95,2000,10.7,11.0,12.8,9.6,7.8
elderly_headed_hh,percentiles_91_95,2001,11.5,12.0,14.2,9.2,7.7
elderly_headed_hh,percentiles_91_95,2002,10.8,11.6,12.9,8.4,7.4
elderly_headed_hh,percentiles_91_95,2003,10.9,11.6,14.2,8.3,7.8
elderly_headed_hh,percentiles_91_95,2004,10.2,10.7,13.8,8.1,8.4
elderly_headed_hh,percentiles_91_95,2005,10.6,10.9,14.9,8.7,8.8
elderly_headed_hh,percentiles_91_95,2006,10.8,11.1,14.8,9.2,8.9
elderly_headed_hh,percentiles_91_95,2007,10.9,11.1,14.8,8.7,10.0
elderly_headed_hh,percentiles_91_95,2008,11.2,11.7,14.7,7.8,8.5
elderly_headed_hh,percentiles_91_95,2009,11.8,12.3,14.9,8.0,8.9
elderly_headed_hh,percentiles_91_95,2010,12.0,12.9,14.8,8.1,9.1
elderly_headed_hh,percentiles_91_95,2011,11.6,12.2,15.3,7.8,8.7
elderly_headed_hh,percentiles_91_95,2012,11.3,12.0,15.7,7.5,9.4
elderly_headed_hh,percentiles_91_95,2013,11.7,11.9,15.4,9.2,9.4
elderly_headed_hh,percentiles_91_95,2014,11.1,11.1,15.2,8.7,9.4
elderly_headed_hh,percentiles_91_95,2015,11.0,10.9,15.0,8.5,9.4
elderly_headed_hh,percentiles_91_95,2016,11.2,11.3,14.9,8.6,9.1
elderly_headed_hh,percentiles_96_99,1979,19.8,22.3,14.5,19.3,12.2
elderly_headed_hh,percentiles_96_99,1980,22.0,24.7,16.1,21.1,13.2
elderly_headed_hh,percentiles_96_99,1981,24.6,27.7,17.5,23.1,14.2
elderly_headed_hh,percentiles_96_99,1982,24.0,27.1,18.5,20.7,13.6
elderly_headed_hh,percentiles_96_99,1983,21.1,23.9,15.7,19.9,11.6
elderly_headed_hh,percentiles_96_99,1984,19.9,22.9,15.5,17.9,10.0
elderly_headed_hh,percentiles_96_99,1985,20.7,23.3,16.1,19.3,10.9
elderly_headed_hh,percentiles_96_99,1986,19.5,21.6,16.5,17.8,11.9
elderly_headed_hh,percentiles_96_99,1987,20.9,24.3,15.1,19.7,11.4
elderly_headed_hh,percentiles_96_99,1988,19.2,21.5,14.0,18.8,11.2
elderly_headed_hh,percentiles_96_99,1989,21.0,23.8,15.2,20.1,10.7
elderly_headed_hh,percentiles_96_99,1990,20.1,22.8,15.9,19.1,10.1
elderly_headed_hh,percentiles_96_99,1991,20.9,24.0,17.2,20.0,9.9
elderly_headed_hh,percentiles_96_99,1992,20.4,22.8,17.2,20.2,10.2
elderly_headed_hh,percentiles_96_99,1993,19.4,21.5,17.1,19.0,10.4
elderly_headed_hh,percentiles_96_99,1994,19.6,22.0,17.6,19.0,9.3
elderly_headed_hh,percentiles_96_99,1995,19.6,22.1,16.6,19.2,9.3
elderly_headed_hh,percentiles_96_99,1996,19.3,21.3,17.0,18.6,9.9
elderly_headed_hh,percentiles_96_99,1997,20.3,22.0,18.2,19.8,11.0
elderly_headed_hh,percentiles_96_99,1998,19.5,21.0,16.4,19.6,10.9
elderly_headed_hh,percentiles_96_99,1999,18.8,20.3,15.0,19.0,10.7
elderly_headed_hh,percentiles_96_99,2000,19.9,21.6,15.8,19.9,10.2
elderly_headed_hh,percentiles_96_99,2001,18.6,20.8,14.5,18.3,8.6
elderly_headed_hh,percentiles_96_99,2002,18.4,20.6,15.0,17.9,7.7
elderly_headed_hh,percentiles_96_99,2003,18.1,20.4,16.2,17.4,8.7
elderly_headed_hh,percentiles_96_99,2004,17.5,19.0,16.5,16.8,10.4
elderly_headed_hh,percentiles_96_99,2005,18.4,20.0,16.6,17.9,10.4
elderly_headed_hh,percentiles_96_99,2006,19.8,21.5,17.4,19.4,10.8
elderly_headed_hh,percentiles_96_99,2007,19.5,21.0,17.0,18.8,11.5
elderly_headed_hh,percentiles_96_99,2008,19.9,22.8,17.7,16.5,10.0
elderly_headed_hh,percentiles_96_99,2009,18.3,20.0,18.4,15.9,9.2
elderly_headed_hh,percentiles_96_99,2010,19.1,21.4,18.5,16.1,9.6
elderly_headed_hh,percentiles_96_99,2011,18.4,20.2,18.4,15.6,9.2
elderly_headed_hh,percentiles_96_99,2012,18.5,20.2,19.4,15.4,10.1
elderly_headed_hh,percentiles_96_99,2013,19.4,20.5,18.8,18.9,10.0
elderly_headed_hh,percentiles_96_99,2014,19.5,20.4,18.6,19.5,10.7
elderly_headed_hh,percentiles_96_99,2015,18.9,19.8,17.9,18.8,10.4
elderly_headed_hh,percentiles_96_99,2016,19.7,20.9,19.0,18.7,10.3
elderly_headed_hh,top_1_percent,1979,35.6,45.9,3.4,35.6,10.8
elderly_headed_hh,top_1_percent,1980,33.1,41.5,4.5,32.7,9.4
elderly_headed_hh,top_1_percent,1981,30.7,37.4,5.2,31.6,8.5
elderly_headed_hh,top_1_percent,1982,31.8,38.6,6.5,34.2,8.9
elderly_headed_hh,top_1_percent,1983,31.5,39.4,6.6,32.6,8.4
elderly_headed_hh,top_1_percent,1984,31.4,39.4,6.2,32.7,6.8
elderly_headed_hh,top_1_percent,1985,33.2,41.3,7.2,34.0,7.8
elderly_headed_hh,top_1_percent,1986,36.2,45.7,6.6,35.6,11.4
elderly_headed_hh,top_1_percent,1987,29.8,37.8,5.6,31.1,7.8
elderly_headed_hh,top_1_percent,1988,32.7,41.3,5.6,33.8,8.4
elderly_headed_hh,top_1_percent,1989,29.5,36.2,5.8,31.6,6.3
elderly_headed_hh,top_1_percent,1990,28.4,35.1,5.7,31.3,6.0
elderly_headed_hh,top_1_percent,1991,25.9,32.2,6.5,29.6,5.8
elderly_headed_hh,top_1_percent,1992,28.3,35.5,6.7,31.7,6.0
elderly_headed_hh,top_1_percent,1993,30.5,38.6,7.2,33.5,6.1
elderly_headed_hh,top_1_percent,1994,31.2,38.4,8.9,35.0,5.4
elderly_headed_hh,top_1_percent,1995,30.3,37.2,8.1,33.4,5.6
elderly_headed_hh,top_1_percent,1996,34.6,41.9,9.2,36.8,7.0
elderly_headed_hh,top_1_percent,1997,34.6,41.4,9.0,37.0,7.0
elderly_headed_hh,top_1_percent,1998,34.7,41.1,8.9,38.2,7.2
elderly_headed_hh,top_1_percent,1999,35.6,42.5,9.6,38.8,7.5
elderly_headed_hh,top_1_percent,2000,33.7,40.1,8.5,37.0,6.3
elderly_headed_hh,top_1_percent,2001,32.7,39.4,7.8,39.2,5.4
elderly_headed_hh,top_1_percent,2002,34.0,40.3,8.7,42.9,6.2
elderly_headed_hh,top_1_percent,2003,35.3,41.2,8.1,46.8,6.1
elderly_headed_hh,top_1_percent,2004,39.3,44.7,8.5,50.3,9.4
elderly_headed_hh,top_1_percent,2005,39.3,44.6,8.3,48.3,7.8
elderly_headed_hh,top_1_percent,2006,38.0,42.8,8.3,45.9,8.5
elderly_headed_hh,top_1_percent,2007,39.7,44.7,8.5,48.6,7.3
elderly_headed_hh,top_1_percent,2008,38.3,45.9,8.5,49.6,6.9
elderly_headed_hh,top_1_percent,2009,34.7,41.2,9.2,49.1,5.4
elderly_headed_hh,top_1_percent,2010,35.2,39.9,8.9,50.5,5.9
elderly_headed_hh,top_1_percent,2011,36.4,39.9,9.8,52.0,6.1
elderly_headed_hh,top_1_percent,2012,39.5,42.9,9.2,56.2,6.9
elderly_headed_hh,top_1_percent,2013,35.8,41.2,9.5,46.8,6.1
elderly_headed_hh,top_1_percent,2014,38.5,44.4,9.5,48.9,6.3
elderly_headed_hh,top_1_percent,2015,38.2,44.0,10.2,49.2,6.0
elderly_headed_hh,top_1_percent,2016,36.8,41.8,9.6,49.5,7.1
nonelderly_childless_hh,all_quintiles,1979,100.0,100.0,100.0,100.0,100.0
nonelderly_childless_hh,all_quintiles,1980,100.0,100.0,100.0,100.0,100.0
nonelderly_childless_hh,all_quintiles,1981,100.0,100.0,100.0,100.0,100.0
nonelderly_childless_hh,all_quintiles,1982,100.0,100.0,100.0,100.0,100.0
nonelderly_childless_hh,all_quintiles,1983,100.0,100.0,100.0,100.0,100.0
nonelderly_childless_hh,all_quintiles,1984,100.0,100.0,100.0,100.0,100.0
nonelderly_childless_hh,all_quintiles,1985,100.0,100.0,100.0,100.0,100.0
nonelderly_childless_hh,all_quintiles,1986,100.0,100.0,100.0,100.0,100.0
nonelderly_childless_hh,all_quintiles,1987,100.0,100.0,100.0,100.0,100.0
nonelderly_childless_hh,all_quintiles,1988,100.0,100.0,100.0,100.0,100.0
nonelderly_childless_hh,all_quintiles,1989,100.0,100.0,100.0,100.0,100.0
nonelderly_childless_hh,all_quintiles,1990,100.0,100.0,100.0,100.0,100.0
nonelderly_childless_hh,all_quintiles,1991,100.0,100.0,100.0,100.0,100.0
nonelderly_childless_hh,all_quintiles,1992,100.0,100.0,100.0,100.0,100.0
nonelderly_childless_hh,all_quintiles,1993,100.0,100.0,100.0,100.0,100.0
nonelderly_childless_hh,all_quintiles,1994,100.0,100.0,100.0,100.0,100.0
nonelderly_childless_hh,all_quintiles,1995,100.0,100.0,100.0,100.0,100.0
nonelderly_childless_hh,all_quintiles,1996,100.0,100.0,100.0,100.0,100.0
nonelderly_childless_hh,all_quintiles,1997,100.0,100.0,100.0,100.0,100.0
nonelderly_childless_hh,all_quintiles,1998,100.0,100.0,100.0,100.0,100.0
nonelderly_childless_hh,all_quintiles,1999,100.0,100.0,100.0,100.0,100.0
nonelderly_childless_hh,all_quintiles,2000,100.0,100.0,100.0,100.0,100.0
nonelderly_childless_hh,all_quintiles,2001,100.0,100.0,100.0,100.0,100.0
nonelderly_childless_hh,all_quintiles,2002,100.0,100.0,100.0,100.0,100.0
nonelderly_childless_hh,all_quintiles,2003,100.0,100.0,100.0,100.0,100.0
nonelderly_childless_hh,all_quintiles,2004,100.0,100.0,100.0,100.0,100.0
nonelderly_childless_hh,all_quintiles,2005,100.0,100.0,100.0,100.0,100.0
nonelderly_childless_hh,all_quintiles,2006,100.0,100.0,100.0,100.0,100.0
nonelderly_childless_hh,all_quintiles,2007,100.0,100.0,100.0,100.0,100.0
nonelderly_childless_hh,all_quintiles,2008,100.0,100.0,100.0,100.0,100.0
nonelderly_childless_hh,all_quintiles,2009,100.0,100.0,100.0,100.0,100.0
nonelderly_childless_hh,all_quintiles,2010,100.0,100.0,100.0,100.0,100.0
nonelderly_childless_hh,all_quintiles,2011,100.0,100.0,100.0,100.0,100.0
nonelderly_childless_hh,all_quintiles,2012,100.0,100.0,100.0,100.0,100.0
nonelderly_childless_hh,all_quintiles,2013,100.0,100.0,100.0,100.0,100.0
nonelderly_childless_hh,all_quintiles,2014,100.0,100.0,100.0,100.0,100.0
nonelderly_childless_hh,all_quintiles,2015,100.0,100.0,100.0,100.0,100.0
nonelderly_childless_hh,all_quintiles,2016,100.0,100.0,100.0,100.0,100.0
nonelderly_childless_hh,lowest_quintile,1979,2.2,0.6,3.9,2.4,7.9
nonelderly_childless_hh,lowest_quintile,1980,2.2,0.8,4.0,2.5,7.8
nonelderly_childless_hh,lowest_quintile,1981,2.3,0.8,4.0,2.6,8.1
nonelderly_childless_hh,lowest_quintile,1982,2.2,0.7,3.9,2.4,8.5
nonelderly_childless_hh,lowest_quintile,1983,2.4,0.8,3.7,2.7,8.9
nonelderly_childless_hh,lowest_quintile,1984,2.7,0.9,4.0,3.4,9.4
nonelderly_childless_hh,lowest_quintile,1985,2.6,0.9,4.0,2.6,9.8
nonelderly_childless_hh,lowest_quintile,1986,2.3,0.7,3.7,2.6,9.4
nonelderly_childless_hh,lowest_quintile,1987,2.0,0.4,3.3,2.4,9.4
nonelderly_childless_hh,lowest_quintile,1988,1.9,0.4,3.3,2.0,8.7
nonelderly_childless_hh,lowest_quintile,1989,2.1,0.5,3.6,2.2,8.1
nonelderly_childless_hh,lowest_quintile,1990,2.2,0.6,3.7,2.1,9.0
nonelderly_childless_hh,lowest_quintile,1991,2.4,0.6,4.0,2.5,9.2
nonelderly_childless_hh,lowest_quintile,1992,2.4,0.5,4.0,2.4,9.5
nonelderly_childless_hh,lowest_quintile,1993,2.5,0.5,4.1,2.4,9.3
nonelderly_childless_hh,lowest_quintile,1994,2.3,0.3,3.9,2.3,9.5
nonelderly_childless_hh,lowest_quintile,1995,2.5,0.4,4.3,2.5,9.5
nonelderly_childless_hh,lowest_quintile,1996,2.3,0.3,4.2,2.3,9.3
nonelderly_childless_hh,lowest_quintile,1997,2.5,0.4,4.6,2.3,9.8
nonelderly_childless_hh,lowest_quintile,1998,2.4,0.4,4.6,2.3,9.9
nonelderly_childless_hh,lowest_quintile,1999,2.4,0.3,4.7,2.4,10.1
nonelderly_childless_hh,lowest_quintile,2000,2.4,0.4,4.6,2.2,10.5
nonelderly_childless_hh,lowest_quintile,2001,2.3,0.1,4.3,2.3,11.0
nonelderly_childless_hh,lowest_quintile,2002,2.6,0.0,4.7,2.7,11.4
nonelderly_childless_hh,lowest_quintile,2003,2.7,-0.2,4.7,2.6,12.0
nonelderly_childless_hh,lowest_quintile,2004,2.7,-0.1,5.0,2.5,11.0
nonelderly_childless_hh,lowest_quintile,2005,2.8,0.0,5.4,2.3,12.3
nonelderly_childless_hh,lowest_quintile,2006,2.7,-0.1,5.2,2.3,13.2
nonelderly_childless_hh,lowest_quintile,2007,3.0,0.0,5.8,2.7,13.0
nonelderly_childless_hh,lowest_quintile,2008,2.8,-1.6,6.1,3.0,14.9
nonelderly_childless_hh,lowest_quintile,2009,2.7,-1.8,5.8,2.9,15.3
nonelderly_childless_hh,lowest_quintile,2010,2.9,-1.7,6.2,3.1,16.8
nonelderly_childless_hh,lowest_quintile,2011,3.1,-0.7,6.3,3.1,17.1
nonelderly_childless_hh,lowest_quintile,2012,2.8,-0.5,5.8,2.7,15.9
nonelderly_childless_hh,lowest_quintile,2013,3.3,-0.5,6.3,3.2,17.0
nonelderly_childless_hh,lowest_quintile,2014,3.2,-0.7,6.4,3.0,15.8
nonelderly_childless_hh,lowest_quintile,2015,3.3,-0.6,6.6,3.2,15.3
nonelderly_childless_hh,lowest_quintile,2016,3.3,-0.5,6.7,3.2,15.0
nonelderly_childless_hh,second_quintile,1979,5.3,3.2,8.4,4.3,11.8
nonelderly_childless_hh,second_quintile,1980,5.2,3.3,8.2,4.4,11.7
nonelderly_childless_hh,second_quintile,1981,5.4,3.5,8.1,4.3,11.7
nonelderly_childless_hh,second_quintile,1982,5.1,3.1,7.5,4.1,10.8
nonelderly_childless_hh,second_quintile,1983,5.0,3.1,7.2,4.2,10.6
nonelderly_childless_hh,second_quintile,1984,5.5,3.4,7.6,4.5,11.2
nonelderly_childless_hh,second_quintile,1985,5.4,3.3,7.7,4.2,11.0
nonelderly_childless_hh,second_quintile,1986,5.0,3.0,7.3,3.8,11.1
nonelderly_childless_hh,second_quintile,1987,5.3,2.9,7.9,4.6,12.1
nonelderly_childless_hh,second_quintile,1988,5.1,2.7,7.8,4.0,11.6
nonelderly_childless_hh,second_quintile,1989,5.3,2.9,8.0,4.0,11.5
nonelderly_childless_hh,second_quintile,1990,5.2,2.9,7.8,3.9,11.6
nonelderly_childless_hh,second_quintile,1991,5.2,2.9,7.7,3.9,11.6
nonelderly_childless_hh,second_quintile,1992,4.9,2.6,7.3,3.6,11.4
nonelderly_childless_hh,second_quintile,1993,4.8,2.6,7.1,3.7,11.2
nonelderly_childless_hh,second_quintile,1994,5.0,2.5,7.4,3.8,12.2
nonelderly_childless_hh,second_quintile,1995,5.2,2.7,7.8,4.0,12.0
nonelderly_childless_hh,second_quintile,1996,4.9,2.5,7.6,3.8,11.8
nonelderly_childless_hh,second_quintile,1997,4.6,2.4,7.4,3.4,11.7
nonelderly_childless_hh,second_quintile,1998,4.9,2.4,7.9,3.5,11.8
nonelderly_childless_hh,second_quintile,1999,4.8,2.3,8.0,3.6,11.8
nonelderly_childless_hh,second_quintile,2000,5.0,2.4,8.3,3.8,12.3
nonelderly_childless_hh,second_quintile,2001,4.8,1.9,7.9,3.7,12.1
nonelderly_childless_hh,second_quintile,2002,5.0,1.9,8.0,3.9,12.8
nonelderly_childless_hh,second_quintile,2003,5.0,1.8,7.9,3.7,12.4
nonelderly_childless_hh,second_quintile,2004,5.1,1.8,8.3,3.7,12.6
nonelderly_childless_hh,second_quintile,2005,4.8,1.8,8.2,3.2,12.0
nonelderly_childless_hh,second_quintile,2006,5.1,1.9,8.7,3.6,13.3
nonelderly_childless_hh,second_quintile,2007,5.4,2.2,8.9,3.9,12.6
nonelderly_childless_hh,second_quintile,2008,4.9,0.5,8.8,3.9,12.5
nonelderly_childless_hh,second_quintile,2009,5.0,0.5,8.6,4.0,13.1
nonelderly_childless_hh,second_quintile,2010,5.1,0.7,8.8,4.1,13.4
nonelderly_childless_hh,second_quintile,2011,5.1,1.5,8.8,4.0,13.4
nonelderly_childless_hh,second_quintile,2012,4.8,1.5,8.5,3.6,12.9
nonelderly_childless_hh,second_quintile,2013,5.3,1.6,9.0,4.1,13.3
nonelderly_childless_hh,second_quintile,2014,5.0,1.4,8.6,3.8,12.5
nonelderly_childless_hh,second_quintile,2015,5.3,1.5,9.0,4.2,12.8
nonelderly_childless_hh,second_quintile,2016,5.5,1.7,9.3,4.1,13.2
nonelderly_childless_hh,middle_quintile,1979,10.0,7.7,14.4,7.0,15.0
nonelderly_childless_hh,middle_quintile,1980,9.8,7.7,14.0,6.9,14.7
nonelderly_childless_hh,middle_quintile,1981,10.3,8.2,14.0,7.3,15.3
nonelderly_childless_hh,middle_quintile,1982,10.3,7.9,13.8,7.1,14.5
nonelderly_childless_hh,middle_quintile,1983,10.7,8.3,14.0,7.7,15.4
nonelderly_childless_hh,middle_quintile,1984,10.8,8.4,14.1,7.9,14.8
nonelderly_childless_hh,middle_quintile,1985,10.8,8.2,14.2,7.3,15.1
nonelderly_childless_hh,middle_quintile,1986,10.5,7.9,14.1,7.4,14.6
nonelderly_childless_hh,middle_quintile,1987,10.1,7.2,13.9,7.6,15.2
nonelderly_childless_hh,middle_quintile,1988,9.9,6.8,13.9,7.2,15.4
nonelderly_childless_hh,middle_quintile,1989,10.5,7.4,14.5,7.5,15.9
nonelderly_childless_hh,middle_quintile,1990,10.1,7.2,13.9,6.7,15.5
nonelderly_childless_hh,middle_quintile,1991,10.5,7.5,14.0,7.5,16.2
nonelderly_childless_hh,middle_quintile,1992,10.3,7.1,14.2,7.0,16.7
nonelderly_childless_hh,middle_quintile,1993,9.9,6.9,13.7,7.0,16.0
nonelderly_childless_hh,middle_quintile,1994,9.8,6.7,13.4,6.8,16.1
nonelderly_childless_hh,middle_quintile,1995,10.0,6.8,13.9,7.0,16.3
nonelderly_childless_hh,middle_quintile,1996,9.6,6.5,13.8,6.8,16.8
nonelderly_childless_hh,middle_quintile,1997,9.5,6.4,14.0,6.4,16.2
nonelderly_childless_hh,middle_quintile,1998,9.5,6.2,14.1,6.4,16.5
nonelderly_childless_hh,middle_quintile,1999,9.2,5.9,13.7,6.3,16.0
nonelderly_childless_hh,middle_quintile,2000,9.2,5.9,14.0,6.2,16.3
nonelderly_childless_hh,middle_quintile,2001,9.3,5.6,13.7,6.4,16.3
nonelderly_childless_hh,middle_quintile,2002,9.7,5.9,13.8,6.6,16.9
nonelderly_childless_hh,middle_quintile,2003,9.7,6.0,13.6,6.2,16.2
nonelderly_childless_hh,middle_quintile,2004,9.4,5.7,13.7,5.9,16.0
nonelderly_childless_hh,middle_quintile,2005,9.1,5.4,14.0,5.7,15.9
nonelderly_childless_hh,middle_quintile,2006,9.4,5.7,14.3,6.1,16.0
nonelderly_childless_hh,middle_quintile,2007,10.0,6.1,14.8,6.7,17.0
nonelderly_childless_hh,middle_quintile,2008,9.5,4.4,14.5,6.4,16.1
nonelderly_childless_hh,middle_quintile,2009,9.8,4.6,14.4,6.6,17.3
nonelderly_childless_hh,middle_quintile,2010,9.9,5.0,14.4,6.7,16.9
nonelderly_childless_hh,middle_quintile,2011,9.5,5.7,13.9,6.5,16.6
nonelderly_childless_hh,middle_quintile,2012,9.3,5.5,14.1,6.1,16.8
nonelderly_childless_hh,middle_quintile,2013,9.8,5.7,14.4,6.7,16.6
nonelderly_childless_hh,middle_quintile,2014,9.3,5.1,14.1,6.5,16.5
nonelderly_childless_hh,middle_quintile,2015,9.9,5.6,14.6,6.9,16.6
nonelderly_childless_hh,middle_quintile,2016,9.8,5.6,14.5,6.5,16.7
nonelderly_childless_hh,fourth_quintile,1979,20.4,18.4,26.3,13.3,22.0
nonelderly_childless_hh,fourth_quintile,1980,20.7,18.7,26.2,14.2,22.0
nonelderly_childless_hh,fourth_quintile,1981,21.1,19.1,26.2,13.6,21.9
nonelderly_childless_hh,fourth_quintile,1982,21.2,19.0,25.6,13.6,22.4
nonelderly_childless_hh,fourth_quintile,1983,21.3,19.0,25.7,14.1,22.7
nonelderly_childless_hh,fourth_quintile,1984,21.3,19.0,25.7,14.3,22.4
nonelderly_childless_hh,fourth_quintile,1985,20.7,18.1,25.3,13.2,21.3
nonelderly_childless_hh,fourth_quintile,1986,20.4,17.5,25.4,13.5,21.2
nonelderly_childless_hh,fourth_quintile,1987,19.8,16.5,25.0,14.0,22.0
nonelderly_childless_hh,fourth_quintile,1988,19.6,16.0,25.5,13.3,22.6
nonelderly_childless_hh,fourth_quintile,1989,19.8,16.6,24.9,13.6,22.5
nonelderly_childless_hh,fourth_quintile,1990,20.0,16.5,25.5,12.8,22.8
nonelderly_childless_hh,fourth_quintile,1991,19.6,16.4,24.3,13.3,22.4
nonelderly_childless_hh,fourth_quintile,1992,19.0,15.4,24.4,12.6,22.2
nonelderly_childless_hh,fourth_quintile,1993,18.8,15.3,24.3,12.6,21.6
nonelderly_childless_hh,fourth_quintile,1994,18.8,15.4,24.2,12.7,22.1
nonelderly_childless_hh,fourth_quintile,1995,18.8,15.2,24.2,12.8,22.6
nonelderly_childless_hh,fourth_quintile,1996,18.3,14.7,24.3,12.4,22.0
nonelderly_childless_hh,fourth_quintile,1997,17.8,14.1,24.1,11.9,21.8
nonelderly_childless_hh,fourth_quintile,1998,18.0,14.2,24.5,11.6,22.0
nonelderly_childless_hh,fourth_quintile,1999,17.4,13.5,23.8,11.4,21.6
nonelderly_childless_hh,fourth_quintile,2000,17.3,13.3,24.1,11.5,21.7
nonelderly_childless_hh,fourth_quintile,2001,18.3,14.1,24.1,11.9,22.5
nonelderly_childless_hh,fourth_quintile,2002,18.4,14.4,23.5,11.9,21.7
nonelderly_childless_hh,fourth_quintile,2003,18.1,14.3,23.1,11.2,21.2
nonelderly_childless_hh,fourth_quintile,2004,17.9,13.9,23.6,10.8,21.9
nonelderly_childless_hh,fourth_quintile,2005,17.0,13.0,23.8,10.1,21.1
nonelderly_childless_hh,fourth_quintile,2006,17.4,13.4,24.1,10.8,20.5
nonelderly_childless_hh,fourth_quintile,2007,17.6,13.6,23.5,11.5,21.1
nonelderly_childless_hh,fourth_quintile,2008,17.2,12.4,22.8,10.6,18.9
nonelderly_childless_hh,fourth_quintile,2009,17.8,13.2,22.7,10.9,19.2
nonelderly_childless_hh,fourth_quintile,2010,17.8,13.5,23.0,11.1,18.8
nonelderly_childless_hh,fourth_quintile,2011,17.6,14.3,22.8,11.2,18.9
nonelderly_childless_hh,fourth_quintile,2012,17.1,13.6,22.9,10.4,19.2
nonelderly_childless_hh,fourth_quintile,2013,17.8,14.0,23.0,11.5,18.8
nonelderly_childless_hh,fourth_quintile,2014,17.6,13.6,23.4,11.4,20.0
nonelderly_childless_hh,fourth_quintile,2015,18.1,14.1,23.4,11.9,20.1
nonelderly_childless_hh,fourth_quintile,2016,17.7,13.8,23.2,10.9,19.9
nonelderly_childless_hh,highest_quintile,1979,62.1,70.0,47.1,72.5,42.9
nonelderly_childless_hh,highest_quintile,1980,62.0,69.5,47.6,71.5,43.1
nonelderly_childless_hh,highest_quintile,1981,60.8,68.3,47.6,71.6,42.1
nonelderly_childless_hh,highest_quintile,1982,61.1,69.2,49.1,72.0,43.1
nonelderly_childless_hh,highest_quintile,1983,60.5,68.9,49.2,70.5,41.7
nonelderly_childless_hh,highest_quintile,1984,59.6,68.2,48.4,68.9,41.4
nonelderly_childless_hh,highest_quintile,1985,60.4,69.4,48.5,71.8,42.0
nonelderly_childless_hh,highest_quintile,1986,61.7,71.0,49.4,71.7,43.0
nonelderly_childless_hh,highest_quintile,1987,62.6,72.9,49.8,70.3,40.7
nonelderly_childless_hh,highest_quintile,1988,63.2,74.0,49.3,72.2,41.1
nonelderly_childless_hh,highest_quintile,1989,62.2,72.7,48.9,71.3,41.4
nonelderly_childless_hh,highest_quintile,1990,62.2,72.7,48.9,72.8,40.4
nonelderly_childless_hh,highest_quintile,1991,62.0,72.5,49.9,70.9,40.1
nonelderly_childless_hh,highest_quintile,1992,63.2,74.3,49.8,72.9,39.4
nonelderly_childless_hh,highest_quintile,1993,63.8,74.6,50.6,73.3,40.9
nonelderly_childless_hh,highest_quintile,1994,63.8,75.0,50.9,72.8,39.1
nonelderly_childless_hh,highest_quintile,1995,63.3,74.7,49.7,72.3,38.9
nonelderly_childless_hh,highest_quintile,1996,64.6,76.0,49.9,73.5,39.6
nonelderly_childless_hh,highest_quintile,1997,65.4,76.7,49.7,75.0,39.9
nonelderly_childless_hh,highest_quintile,1998,65.0,76.8,48.7,75.2,39.4
nonelderly_childless_hh,highest_quintile,1999,66.1,78.0,49.5,75.5,40.0
nonelderly_childless_hh,highest_quintile,2000,65.9,77.7,48.8,75.5,38.8
nonelderly_childless_hh,highest_quintile,2001,65.0,78.2,49.8,74.5,37.7
nonelderly_childless_hh,highest_quintile,2002,64.1,77.7,49.8,73.6,36.5
nonelderly_childless_hh,highest_quintile,2003,64.3,78.1,50.5,74.8,37.7
nonelderly_childless_hh,highest_quintile,2004,64.7,78.7,49.1,75.9,38.1
nonelderly_childless_hh,highest_quintile,2005,66.1,79.8,48.5,77.6,38.3
nonelderly_childless_hh,highest_quintile,2006,65.1,79.0,47.5,76.1,36.1
nonelderly_childless_hh,highest_quintile,2007,63.8,78.1,46.7,74.0,35.8
nonelderly_childless_hh,highest_quintile,2008,65.3,84.1,47.6,74.3,36.7
nonelderly_childless_hh,highest_quintile,2009,64.3,83.4,48.2,72.7,34.3
nonelderly_childless_hh,highest_quintile,2010,64.0,82.4,47.4,73.3,33.2
nonelderly_childless_hh,highest_quintile,2011,64.4,79.2,48.1,73.1,33.3
nonelderly_childless_hh,highest_quintile,2012,65.7,79.8,48.4,75.8,34.6
nonelderly_childless_hh,highest_quintile,2013,63.5,79.1,47.1,72.8,33.6
nonelderly_childless_hh,highest_quintile,2014,64.5,80.4,47.2,73.3,34.6
nonelderly_childless_hh,highest_quintile,2015,63.2,79.3,46.2,72.3,34.6
nonelderly_childless_hh,highest_quintile,2016,63.5,79.4,46.1,73.8,34.6
nonelderly_childless_hh,percentiles_81_90,1979,19.3,19.3,22.0,13.6,17.3
nonelderly_childless_hh,percentiles_81_90,1980,19.9,19.8,22.2,13.9,17.2
nonelderly_childless_hh,percentiles_81_90,1981,20.0,20.0,21.8,14.0,17.0
nonelderly_childless_hh,percentiles_81_90,1982,20.3,20.0,21.8,14.4,17.9
nonelderly_childless_hh,percentiles_81_90,1983,19.5,19.1,21.6,13.2,16.8
nonelderly_childless_hh,percentiles_81_90,1984,19.4,18.9,21.7,13.0,16.6
nonelderly_childless_hh,percentiles_81_90,1985,19.2,18.5,21.5,12.8,16.3
nonelderly_childless_hh,percentiles_81_90,1986,19.1,18.0,22.0,12.5,16.0
nonelderly_childless_hh,percentiles_81_90,1987,19.1,18.1,22.0,13.5,16.4
nonelderly_childless_hh,percentiles_81_90,1988,18.2,16.9,21.7,11.9,16.2
nonelderly_childless_hh,percentiles_81_90,1989,19.0,17.9,21.8,13.1,16.9
nonelderly_childless_hh,percentiles_81_90,1990,18.3,17.0,21.2,12.2,16.6
nonelderly_childless_hh,percentiles_81_90,1991,17.8,16.8,20.2,12.0,15.8
nonelderly_childless_hh,percentiles_81_90,1992,17.3,15.9,20.3,11.5,15.7
nonelderly_childless_hh,percentiles_81_90,1993,17.4,16.0,20.6,12.1,16.0
nonelderly_childless_hh,percentiles_81_90,1994,17.6,16.5,20.7,11.4,15.7
nonelderly_childless_hh,percentiles_81_90,1995,16.7,15.6,19.7,11.5,15.0
nonelderly_childless_hh,percentiles_81_90,1996,16.8,15.4,20.1,12.3,15.7
nonelderly_childless_hh,percentiles_81_90,1997,16.9,15.2,20.7,11.4,16.2
nonelderly_childless_hh,percentiles_81_90,1998,16.4,14.7,20.2,10.8,15.8
nonelderly_childless_hh,percentiles_81_90,1999,16.2,14.5,20.1,10.9,15.7
nonelderly_childless_hh,percentiles_81_90,2000,15.6,13.8,19.4,10.5,15.0
nonelderly_childless_hh,percentiles_81_90,2001,16.2,14.5,19.3,10.6,14.7
nonelderly_childless_hh,percentiles_81_90,2002,16.7,15.3,19.3,10.8,14.3
nonelderly_childless_hh,percentiles_81_90,2003,17.1,15.7,20.0,10.5,15.0
nonelderly_childless_hh,percentiles_81_90,2004,16.2,14.7,19.4,9.8,14.8
nonelderly_childless_hh,percentiles_81_90,2005,15.2,13.4,19.4,9.3,13.9
nonelderly_childless_hh,percentiles_81_90,2006,15.4,13.8,19.3,10.1,14.1
nonelderly_childless_hh,percentiles_81_90,2007,15.6,14.0,19.0,10.3,14.2
nonelderly_childless_hh,percentiles_81_90,2008,16.1,14.5,18.9,10.0,13.1
nonelderly_childless_hh,percentiles_81_90,2009,16.4,15.1,18.6,10.0,12.6
nonelderly_childless_hh,percentiles_81_90,2010,16.3,15.4,18.6,10.2,12.0
nonelderly_childless_hh,percentiles_81_90,2011,16.0,15.3,18.5,10.0,12.3
nonelderly_childless_hh,percentiles_81_90,2012,15.9,14.9,19.1,9.6,13.0
nonelderly_childless_hh,percentiles_81_90,2013,16.0,15.0,18.6,10.5,12.3
nonelderly_childless_hh,percentiles_81_90,2014,15.8,14.5,18.6,10.6,13.2
nonelderly_childless_hh,percentiles_81_90,2015,16.3,15.4,18.6,10.7,13.5
nonelderly_childless_hh,percentiles_81_90,2016,16.3,15.4,18.8,10.5,13.7
nonelderly_childless_hh,percentiles_91_95,1979,14.1,15.3,13.8,10.9,11.1
nonelderly_childless_hh,percentiles_91_95,1980,14.3,15.3,13.6,11.6,11.0
nonelderly_childless_hh,percentiles_91_95,1981,14.6,15.7,13.7,11.5,10.9
nonelderly_childless_hh,percentiles_91_95,1982,14.5,15.2,14.3,10.6,11.3
nonelderly_childless_hh,percentiles_91_95,1983,14.2,15.0,14.1,10.6,10.2
nonelderly_childless_hh,percentiles_91_95,1984,13.5,14.2,13.4,10.6,10.6
nonelderly_childless_hh,percentiles_91_95,1985,13.4,14.0,13.5,9.9,10.2
nonelderly_childless_hh,percentiles_91_95,1986,13.7,14.2,14.2,10.3,10.7
nonelderly_childless_hh,percentiles_91_95,1987,14.0,14.8,14.2,11.0,10.6
nonelderly_childless_hh,percentiles_91_95,1988,13.2,13.4,13.8,10.1,10.3
nonelderly_childless_hh,percentiles_91_95,1989,13.2,13.7,13.4,10.4,10.1
nonelderly_childless_hh,percentiles_91_95,1990,13.0,13.4,13.5,10.1,10.1
nonelderly_childless_hh,percentiles_91_95,1991,13.1,13.4,13.7,10.0,9.9
nonelderly_childless_hh,percentiles_91_95,1992,12.8,13.0,13.4,10.3,9.9
nonelderly_childless_hh,percentiles_91_95,1993,12.8,13.0,13.6,9.7,10.0
nonelderly_childless_hh,percentiles_91_95,1994,12.7,13.0,13.5,9.3,9.7
nonelderly_childless_hh,percentiles_91_95,1995,12.9,13.2,13.7,10.0,9.7
nonelderly_childless_hh,percentiles_91_95,1996,12.6,12.7,13.5,9.8,9.7
nonelderly_childless_hh,percentiles_91_95,1997,12.4,12.5,13.3,9.7,9.9
nonelderly_childless_hh,percentiles_91_95,1998,12.3,12.4,13.1,9.4,9.7
nonelderly_childless_hh,percentiles_91_95,1999,12.3,12.3,13.1,9.5,9.7
nonelderly_childless_hh,percentiles_91_95,2000,12.1,12.1,13.1,9.2,9.6
nonelderly_childless_hh,percentiles_91_95,2001,12.9,13.1,13.6,8.9,9.5
nonelderly_childless_hh,percentiles_91_95,2002,12.8,13.2,13.2,8.7,8.9
nonelderly_childless_hh,percentiles_91_95,2003,12.4,12.9,13.1,8.3,8.7
nonelderly_childless_hh,percentiles_91_95,2004,12.3,12.7,13.1,8.4,8.9
nonelderly_childless_hh,percentiles_91_95,2005,11.7,11.8,13.1,8.1,8.6
nonelderly_childless_hh,percentiles_91_95,2006,11.6,11.9,12.6,8.4,8.3
nonelderly_childless_hh,percentiles_91_95,2007,11.7,12.0,12.5,8.7,8.5
nonelderly_childless_hh,percentiles_91_95,2008,12.6,13.3,12.8,8.3,8.5
nonelderly_childless_hh,percentiles_91_95,2009,13.1,14.2,13.0,8.3,8.3
nonelderly_childless_hh,percentiles_91_95,2010,12.4,13.5,12.4,8.0,7.5
nonelderly_childless_hh,percentiles_91_95,2011,12.7,13.7,12.9,8.0,8.0
nonelderly_childless_hh,percentiles_91_95,2012,12.3,12.9,13.0,7.7,8.1
nonelderly_childless_hh,percentiles_91_95,2013,11.9,12.5,12.2,8.7,7.7
nonelderly_childless_hh,percentiles_91_95,2014,12.3,12.9,12.6,8.8,8.7
nonelderly_childless_hh,percentiles_91_95,2015,12.3,13.1,12.3,9.0,8.5
nonelderly_childless_hh,percentiles_91_95,2016,11.9,12.7,12.0,8.7,8.3
nonelderly_childless_hh,percentiles_96_99,1979,15.8,19.1,9.8,18.6,10.4
nonelderly_childless_hh,percentiles_96_99,1980,15.9,19.0,10.1,18.3,10.6
nonelderly_childless_hh,percentiles_96_99,1981,15.8,19.0,10.4,18.1,10.1
nonelderly_childless_hh,percentiles_96_99,1982,15.2,18.3,10.8,15.9,9.8
nonelderly_childless_hh,percentiles_96_99,1983,15.1,18.2,11.2,17.2,9.9
nonelderly_childless_hh,percentiles_96_99,1984,14.9,18.0,11.1,16.2,9.9
nonelderly_childless_hh,percentiles_96_99,1985,15.0,18.0,11.3,16.4,10.4
nonelderly_childless_hh,percentiles_96_99,1986,14.9,18.0,11.1,16.3,10.4
nonelderly_childless_hh,percentiles_96_99,1987,15.5,19.0,11.3,17.1,9.4
nonelderly_childless_hh,percentiles_96_99,1988,15.0,18.0,11.3,16.2,9.5
nonelderly_childless_hh,percentiles_96_99,1989,15.3,18.8,11.2,16.4,9.5
nonelderly_childless_hh,percentiles_96_99,1990,14.9,17.9,11.5,15.6,9.1
nonelderly_childless_hh,percentiles_96_99,1991,15.9,19.0,12.6,16.4,9.9
nonelderly_childless_hh,percentiles_96_99,1992,15.7,18.6,12.7,16.0,9.6
nonelderly_childless_hh,percentiles_96_99,1993,15.8,18.5,12.9,16.6,10.2
nonelderly_childless_hh,percentiles_96_99,1994,15.5,18.6,12.5,15.0,9.4
nonelderly_childless_hh,percentiles_96_99,1995,15.8,19.0,12.4,16.7,9.5
nonelderly_childless_hh,percentiles_96_99,1996,15.7,18.8,12.2,15.9,9.6
nonelderly_childless_hh,percentiles_96_99,1997,15.1,18.0,11.6,15.7,9.1
nonelderly_childless_hh,percentiles_96_99,1998,15.4,18.6,11.6,15.0,9.3
nonelderly_childless_hh,percentiles_96_99,1999,16.3,19.7,12.1,16.4,9.8
nonelderly_childless_hh,percentiles_96_99,2000,15.8,18.9,11.9,15.4,9.1
nonelderly_childless_hh,percentiles_96_99,2001,16.4,20.2,12.5,15.3,9.4
nonelderly_childless_hh,percentiles_96_99,2002,17.0,21.2,13.2,15.4,9.3
nonelderly_childless_hh,percentiles_96_99,2003,16.7,20.9,13.3,15.2,9.0
nonelderly_childless_hh,percentiles_96_99,2004,16.3,20.5,12.5,15.3,9.3
nonelderly_childless_hh,percentiles_96_99,2005,15.7,19.6,11.8,15.2,9.0
nonelderly_childless_hh,percentiles_96_99,2006,16.3,20.9,11.9,15.4,8.7
nonelderly_childless_hh,percentiles_96_99,2007,16.3,21.0,11.6,15.9,8.6
nonelderly_childless_hh,percentiles_96_99,2008,16.9,22.8,12.1,14.4,9.1
nonelderly_childless_hh,percentiles_96_99,2009,17.2,23.3,12.7,14.1,8.5
nonelderly_childless_hh,percentiles_96_99,2010,17.4,23.8,12.6,14.2,8.2
nonelderly_childless_hh,percentiles_96_99,2011,17.2,22.4,12.7,13.8,8.3
nonelderly_childless_hh,percentiles_96_99,2012,17.0,21.9,12.4,13.5,8.3
nonelderly_childless_hh,percentiles_96_99,2013,16.7,21.8,12.3,15.4,8.0
nonelderly_childless_hh,percentiles_96_99,2014,16.7,21.7,12.1,15.9,8.6
nonelderly_childless_hh,percentiles_96_99,2015,16.4,21.7,11.4,15.6,8.4
nonelderly_childless_hh,percentiles_96_99,2016,15.9,20.8,11.3,14.5,8.3
nonelderly_childless_hh,top_1_percent,1979,12.8,16.3,1.5,29.3,4.1
nonelderly_childless_hh,top_1_percent,1980,11.9,15.3,1.6,27.7,4.2
nonelderly_childless_hh,top_1_percent,1981,10.5,13.6,1.7,28.0,4.1
nonelderly_childless_hh,top_1_percent,1982,11.2,15.6,2.2,31.2,4.1
nonelderly_childless_hh,top_1_percent,1983,11.6,16.6,2.3,29.5,4.7
nonelderly_childless_hh,top_1_percent,1984,11.8,17.2,2.1,29.1,4.3
nonelderly_childless_hh,top_1_percent,1985,12.9,19.0,2.1,32.7,5.0
nonelderly_childless_hh,top_1_percent,1986,13.9,20.8,2.1,32.6,5.9
nonelderly_childless_hh,top_1_percent,1987,13.9,21.0,2.4,28.7,4.2
nonelderly_childless_hh,top_1_percent,1988,16.8,25.6,2.6,33.9,5.2
nonelderly_childless_hh,top_1_percent,1989,14.7,22.3,2.5,31.4,4.9
nonelderly_childless_hh,top_1_percent,1990,16.0,24.4,2.6,34.9,4.6
nonelderly_childless_hh,top_1_percent,1991,15.2,23.3,3.4,32.6,4.4
nonelderly_childless_hh,top_1_percent,1992,17.4,26.8,3.4,35.1,4.2
nonelderly_childless_hh,top_1_percent,1993,17.7,27.1,3.5,34.8,4.7
nonelderly_childless_hh,top_1_percent,1994,18.1,26.9,4.2,37.1,4.3
nonelderly_childless_hh,top_1_percent,1995,17.8,26.9,3.9,34.1,4.6
nonelderly_childless_hh,top_1_percent,1996,19.5,29.1,4.1,35.5,4.6
nonelderly_childless_hh,top_1_percent,1997,20.9,31.0,4.2,38.2,4.7
nonelderly_childless_hh,top_1_percent,1998,20.9,31.0,3.9,40.0,4.6
nonelderly_childless_hh,top_1_percent,1999,21.3,31.5,4.2,38.7,4.9
nonelderly_childless_hh,top_1_percent,2000,22.4,32.9,4.4,40.4,5.1
nonelderly_childless_hh,top_1_percent,2001,19.5,30.4,4.4,39.6,4.1
nonelderly_childless_hh,top_1_percent,2002,17.6,28.1,4.1,38.7,4.1
nonelderly_childless_hh,top_1_percent,2003,18.1,28.6,4.1,40.9,5.0
nonelderly_childless_hh,top_1_percent,2004,20.0,30.8,4.1,42.5,5.2
nonelderly_childless_hh,top_1_percent,2005,23.4,34.9,4.1,45.0,6.7
nonelderly_childless_hh,top_1_percent,2006,21.8,32.4,3.7,42.3,5.0
nonelderly_childless_hh,top_1_percent,2007,20.2,31.2,3.7,39.1,4.4
nonelderly_childless_hh,top_1_percent,2008,19.8,33.5,3.9,41.6,6.0
nonelderly_childless_hh,top_1_percent,2009,17.7,30.9,3.8,40.3,4.9
nonelderly_childless_hh,top_1_percent,2010,17.9,29.8,3.8,40.9,5.6
nonelderly_childless_hh,top_1_percent,2011,18.4,27.8,4.0,41.3,4.8
nonelderly_childless_hh,top_1_percent,2012,20.6,30.2,4.0,45.0,5.2
nonelderly_childless_hh,top_1_percent,2013,18.8,29.9,4.0,38.2,5.7
nonelderly_childless_hh,top_1_percent,2014,19.7,31.2,3.9,38.0,4.0
nonelderly_childless_hh,top_1_percent,2015,18.3,29.1,3.8,37.0,4.2
nonelderly_childless_hh,top_1_percent,2016,19.4,30.5,4.0,40.1,4.3
