household_type,income_group,year,all_means_tested_transfers,medicaid_and_chip,snap,ssi,other_transfers
all_households,all_quintiles,1979,100.0,100.0,100.0,100.0,100.0
all_households,all_quintiles,1980,100.0,100.0,100.0,100.0,100.0
all_households,all_quintiles,1981,100.0,100.0,100.0,100.0,100.0
all_households,all_quintiles,1982,100.0,100.0,100.0,100.0,100.0
all_households,all_quintiles,1983,100.0,100.0,100.0,100.0,100.0
all_households,all_quintiles,1984,100.0,100.0,100.0,100.0,100.0
all_households,all_quintiles,1985,100.0,100.0,100.0,100.0,100.0
all_households,all_quintiles,1986,100.0,100.0,100.0,100.0,100.0
all_households,all_quintiles,1987,100.0,100.0,100.0,100.0,100.0
all_households,all_quintiles,1988,100.0,100.0,100.0,100.0,100.0
all_households,all_quintiles,1989,100.0,100.0,100.0,100.0,100.0
all_households,all_quintiles,1990,100.0,100.0,100.0,100.0,100.0
all_households,all_quintiles,1991,100.0,100.0,100.0,100.0,100.0
all_households,all_quintiles,1992,100.0,100.0,100.0,100.0,100.0
all_households,all_quintiles,1993,100.0,100.0,100.0,100.0,100.0
all_households,all_quintiles,1994,100.0,100.0,100.0,100.0,100.0
all_households,all_quintiles,1995,100.0,100.0,100.0,100.0,100.0
all_households,all_quintiles,1996,100.0,100.0,100.0,100.0,100.0
all_households,all_quintiles,1997,100.0,100.0,100.0,100.0,100.0
all_households,all_quintiles,1998,100.0,100.0,100.0,100.0,100.0
all_households,all_quintiles,1999,100.0,100.0,100.0,100.0,100.0
all_households,all_quintiles,2000,100.0,100.0,100.0,100.0,100.0
all_households,all_quintiles,2001,100.0,100.0,100.0,100.0,100.0
all_households,all_quintiles,2002,100.0,100.0,100.0,100.0,100.0
all_households,all_quintiles,2003,100.0,100.0,100.0,100.0,100.0
all_households,all_quintiles,2004,100.0,100.0,100.0,100.0,100.0
all_households,all_quintiles,2005,100.0,100.0,100.0,100.0,100.0
all_households,all_quintiles,2006,100.0,100.0,100.0,100.0,100.0
all_households,all_quintiles,2007,100.0,100.0,100.0,100.0,100.0
all_households,all_quintiles,2008,100.0,100.0,100.0,100.0,100.0
all_households,all_quintiles,2009,100.0,100.0,100.0,100.0,100.0
all_households,all_quintiles,2010,100.0,100.0,100.0,100.0,100.0
all_households,all_quintiles,2011,100.0,100.0,100.0,100.0,100.0
all_households,all_quintiles,2012,100.0,100.0,100.0,100.0,100.0
all_households,all_quintiles,2013,100.0,100.0,100.0,100.0,100.0
all_households,all_quintiles,2014,100.0,100.0,100.0,100.0,100.0
all_households,all_quintiles,2015,100.0,100.0,100.0,100.0,100.0
all_households,all_quintiles,2016,100.0,100.0,100.0,100.0,100.0
all_households,lowest_quintile,1979,74.3,72.2,79.2,71.1,74.9
all_households,lowest_quintile,1980,74.7,73.3,78.0,73.9,74.5
all_households,lowest_quintile,1981,73.3,71.1,75.6,70.5,75.1
all_households,lowest_quintile,1982,76.0,72.3,80.9,71.4,78.2
all_households,lowest_quintile,1983,76.9,74.7,81.7,70.6,78.6
all_households,lowest_quintile,1984,75.4,73.6,79.0,69.6,77.5
all_households,lowest_quintile,1985,76.5,73.9,81.8,69.0,79.3
all_households,lowest_quintile,1986,75.9,72.9,83.8,66.9,79.0
all_households,lowest_quintile,1987,76.6,73.2,85.7,67.7,80.2
all_households,lowest_quintile,1988,76.4,72.6,85.6,69.0,79.8
all_households,lowest_quintile,1989,75.4,71.8,84.2,66.0,79.8
all_households,lowest_quintile,1990,73.9,69.8,82.4,63.0,79.9
all_households,lowest_quintile,1991,71.8,67.8,79.0,62.8,77.7
all_households,lowest_quintile,1992,69.2,65.0,74.8,62.8,75.8
all_households,lowest_quintile,1993,68.5,64.2,74.8,61.5,75.7
all_households,lowest_quintile,1994,68.1,61.8,76.4,64.2,76.0
all_households,lowest_quintile,1995,66.7,60.4,75.2,62.9,75.5
all_households,lowest_quintile,1996,67.1,60.9,75.3,65.6,75.1
all_households,lowest_quintile,1997,66.4,59.7,75.8,65.5,77.0
all_households,lowest_quintile,1998,65.2,58.5,77.9,65.9,76.8
all_households,lowest_quintile,1999,63.7,57.6,77.2,63.2,77.3
all_households,lowest_quintile,2000,62.1,56.5,76.6,64.2,74.3
all_households,lowest_quintile,2001,61.6,55.9,78.3,65.3,73.6
all_households,lowest_quintile,2002,59.4,54.1,74.2,62.0,72.9
all_households,lowest_quintile,2003,58.4,52.8,74.5,61.2,72.4
all_households,lowest_quintile,2004,57.2,52.0,72.9,58.7,72.1
all_households,lowest_quintile,2005,57.3,51.4,73.1,61.0,72.4
all_households,lowest_quintile,2006,55.8,50.5,74.3,59.0,64.2
all_households,lowest_quintile,2007,55.4,50.2,73.1,58.9,63.8
all_households,lowest_quintile,2008,54.1,49.2,70.2,57.6,62.3
all_households,lowest_quintile,2009,52.2,46.8,67.6,57.1,58.9
all_households,lowest_quintile,2010,53.0,48.2,64.2,58.9,58.7
all_households,lowest_quintile,2011,52.5,47.1,64.6,57.4,58.8
all_households,lowest_quintile,2012,52.6,47.4,65.9,58.0,57.0
all_households,lowest_quintile,2013,53.5,49.1,64.1,61.5,56.4
all_households,lowest_quintile,2014,52.3,48.9,63.7,58.3,56.4
all_households,lowest_quintile,2015,52.0,48.4,64.5,59.9,56.5
all_households,lowest_quintile,2016,51.9,48.3,65.8,60.0,56.7
all_households,second_quintile,1979,12.6,13.0,12.8,12.9,12.2
all_households,second_quintile,1980,13.1,13.8,14.3,11.0,12.9
all_households,second_quintile,1981,14.3,15.0,15.1,13.3,13.6
all_households,second_quintile,1982,13.3,14.8,12.8,13.6,12.3
all_households,second_quintile,1983,12.3,13.4,11.3,12.8,11.7
all_households,second_quintile,1984,12.8,14.1,12.1,12.9,11.9
all_households,second_quintile,1985,12.2,13.7,11.6,12.6,11.2
all_households,second_quintile,1986,13.6,15.2,10.6,16.7,12.0
all_households,second_quintile,1987,12.9,15.0,8.4,15.2,11.6
all_households,second_quintile,1988,12.9,14.9,8.5,15.6,11.4
all_households,second_quintile,1989,13.4,14.9,9.7,17.0,11.7
all_households,second_quintile,1990,14.2,16.2,11.4,18.1,11.5
all_households,second_quintile,1991,15.3,17.1,13.0,18.6,12.6
all_households,second_quintile,1992,17.6,19.5,16.4,19.1,14.8
all_households,second_quintile,1993,17.9,19.8,16.4,19.3,14.9
all_households,second_quintile,1994,17.8,20.1,15.8,19.1,14.6
all_households,second_quintile,1995,18.9,21.5,16.5,20.4,15.0
all_households,second_quintile,1996,18.5,20.7,17.2,17.2,16.2
all_households,second_quintile,1997,19.2,21.7,17.3,18.1,15.8
all_households,second_quintile,1998,19.9,22.8,15.3,18.3,15.6
all_households,second_quintile,1999,20.1,23.1,15.6,18.2,14.4
all_households,second_quintile,2000,20.9,23.2,16.4,18.9,16.1
all_households,second_quintile,2001,21.9,24.5,15.5,18.5,17.1
all_households,second_quintile,2002,22.7,24.9,17.8,19.9,17.8
all_households,second_quintile,2003,23.3,25.4,18.3,20.8,18.5
all_households,second_quintile,2004,24.1,26.2,19.7,20.9,19.3
all_households,second_quintile,2005,23.1,25.3,19.2,18.4,18.6
all_households,second_quintile,2006,24.6,26.5,18.6,20.4,23.3
all_households,second_quintile,2007,23.8,25.7,18.7,19.9,22.0
all_households,second_quintile,2008,25.7,27.5,21.0,20.9,24.4
all_households,second_quintile,2009,26.6,28.0,22.5,22.4,27.1
all_households,second_quintile,2010,26.6,27.7,24.0,22.2,27.5
all_households,second_quintile,2011,27.5,29.1,25.0,22.5,27.0
all_households,second_quintile,2012,27.3,28.8,24.2,21.3,28.4
all_households,second_quintile,2013,26.8,28.0,25.1,20.3,28.0
all_households,second_quintile,2014,26.7,27.5,24.3,22.2,27.3
all_households,second_quintile,2015,26.0,27.2,23.0,20.1,26.0
all_households,second_quintile,2016,25.6,26.7,22.1,20.3,25.5
all_households,middle_quintile,1979,6.0,6.6,3.8,7.4,6.0
all_households,middle_quintile,1980,5.3,5.9,3.6,5.8,5.5
all_households,middle_quintile,1981,5.1,6.0,4.2,5.8,4.7
all_households,middle_quintile,1982,4.4,4.8,2.6,6.6,4.1
all_households,middle_quintile,1983,4.5,5.1,2.9,7.4,3.9
all_households,middle_quintile,1984,5.0,5.3,3.7,7.3,4.3
all_households,middle_quintile,1985,4.7,5.5,2.2,7.6,3.9
all_households,middle_quintile,1986,4.8,5.6,2.5,7.6,3.8
all_households,middle_quintile,1987,4.5,5.3,2.1,7.2,3.6
all_households,middle_quintile,1988,5.2,6.1,2.3,7.9,4.2
all_households,middle_quintile,1989,4.8,5.9,2.4,6.9,3.6
all_households,middle_quintile,1990,5.1,6.3,2.6,7.6,3.8
all_households,middle_quintile,1991,5.9,7.2,3.8,8.4,4.2
all_households,middle_quintile,1992,6.1,7.1,4.3,7.9,4.4
all_households,middle_quintile,1993,6.7,7.7,4.9,9.2,4.9
all_households,middle_quintile,1994,6.5,8.2,4.2,7.0,4.7
all_households,middle_quintile,1995,7.2,8.9,4.7,8.0,5.1
all_households,middle_quintile,1996,7.4,9.1,4.5,9.1,4.8
all_households,middle_quintile,1997,6.9,8.7,4.2,7.4,3.9
all_households,middle_quintile,1998,7.1,8.9,3.7,7.0,4.0
all_households,middle_quintile,1999,8.3,10.0,4.2,9.1,4.2
all_households,middle_quintile,2000,8.7,10.4,4.0,8.3,5.1
all_households,middle_quintile,2001,8.4,10.0,3.8,7.6,5.0
all_households,middle_quintile,2002,9.2,10.9,4.6,8.4,5.2
all_households,middle_quintile,2003,9.6,11.5,4.3,8.4,5.1
all_households,middle_quintile,2004,10.0,11.9,4.3,9.8,4.6
all_households,middle_quintile,2005,10.3,12.3,4.8,9.9,4.5
all_households,middle_quintile,2006,9.9,11.6,4.2,9.2,6.4
all_households,middle_quintile,2007,10.6,12.4,4.8,9.9,7.2
all_households,middle_quintile,2008,10.7,12.5,5.4,10.3,7.0
all_households,middle_quintile,2009,11.4,13.4,5.9,11.0,7.7
all_households,middle_quintile,2010,10.9,12.9,6.7,9.4,8.0
all_households,middle_quintile,2011,11.1,13.0,6.8,10.2,8.2
all_households,middle_quintile,2012,11.2,12.9,6.8,11.0,8.6
all_households,middle_quintile,2013,11.3,13.0,7.1,9.9,9.0
all_households,middle_quintile,2014,11.4,12.7,7.2,10.4,9.0
all_households,middle_quintile,2015,12.1,13.5,7.4,9.9,9.8
all_households,middle_quintile,2016,12.2,13.5,7.2,10.2,10.1
all_households,fourth_quintile,1979,3.5,4.0,1.6,4.9,3.4
all_households,fourth_quintile,1980,3.1,3.4,1.4,4.9,3.1
all_households,fourth_quintile,1981,2.8,3.4,1.4,4.3,2.5
all_households,fourth_quintile,1982,2.5,3.5,0.8,3.8,1.9
all_households,fourth_quintile,1983,2.4,3.0,0.7,4.8,1.9
all_households,fourth_quintile,1984,2.7,3.0,1.4,4.9,2.3
all_households,fourth_quintile,1985,2.5,2.8,0.8,5.1,1.9
all_households,fourth_quintile,1986,2.5,2.9,0.9,4.4,2.1
all_households,fourth_quintile,1987,2.9,3.4,1.1,5.2,2.2
all_households,fourth_quintile,1988,2.7,3.4,0.7,4.0,2.2
all_households,fourth_quintile,1989,2.9,3.6,0.8,5.5,1.9
all_households,fourth_quintile,1990,2.8,3.5,0.8,5.2,1.8
all_households,fourth_quintile,1991,3.0,3.8,1.5,4.9,1.9
all_households,fourth_quintile,1992,3.5,4.3,1.9,4.9,2.4
all_households,fourth_quintile,1993,3.3,4.3,1.5,4.7,1.9
all_households,fourth_quintile,1994,3.8,5.2,1.6,4.7,2.1
all_households,fourth_quintile,1995,3.7,4.8,1.8,4.4,2.3
all_households,fourth_quintile,1996,3.7,5.0,1.5,4.2,2.1
all_households,fourth_quintile,1997,4.2,5.8,1.3,5.2,1.7
all_households,fourth_quintile,1998,4.2,5.4,1.3,4.7,1.8
all_households,fourth_quintile,1999,4.3,5.3,1.3,4.7,1.8
all_households,fourth_quintile,2000,4.5,5.6,1.3,4.5,2.2
all_households,fourth_quintile,2001,4.3,5.3,1.1,4.2,2.0
all_households,fourth_quintile,2002,4.8,5.8,1.7,4.8,2.1
all_households,fourth_quintile,2003,4.7,5.8,0.9,4.7,2.0
all_households,fourth_quintile,2004,5.1,6.0,1.6,5.9,2.1
all_households,fourth_quintile,2005,5.2,6.4,1.2,5.6,1.8
all_households,fourth_quintile,2006,5.5,6.6,1.4,5.7,3.2
all_households,fourth_quintile,2007,5.6,6.6,1.6,5.9,3.6
all_households,fourth_quintile,2008,5.1,6.0,1.4,5.8,3.3
all_households,fourth_quintile,2009,5.5,6.7,1.9,5.2,3.5
all_households,fourth_quintile,2010,5.4,6.7,2.7,5.2,3.1
all_households,fourth_quintile,2011,5.3,6.6,2.0,6.0,3.4
all_households,fourth_quintile,2012,5.2,6.5,1.6,5.4,3.4
all_households,fourth_quintile,2013,5.1,6.1,2.0,4.9,3.8
all_households,fourth_quintile,2014,5.8,6.6,2.8,5.5,4.1
all_households,fourth_quintile,2015,5.9,6.5,3.0,5.8,4.5
all_households,fourth_quintile,2016,6.0,6.7,2.9,5.2,4.5
all_households,highest_quintile,1979,2.1,2.7,0.9,2.6,2.0
all_households,highest_quintile,1980,1.7,1.8,0.6,3.1,1.8
all_households,highest_quintile,1981,1.9,2.3,0.6,3.8,1.5
all_households,highest_quintile,1982,1.6,2.4,0.4,2.7,1.2
all_households,highest_quintile,1983,1.4,1.5,0.4,2.7,1.2
all_households,highest_quintile,1984,1.7,1.7,0.9,3.4,1.4
all_households,highest_quintile,1985,1.8,1.8,0.6,3.8,1.4
all_households,highest_quintile,1986,1.7,1.8,0.5,3.2,1.4
all_households,highest_quintile,1987,1.6,1.5,0.7,2.8,1.4
all_households,highest_quintile,1988,1.6,1.8,0.7,2.1,1.5
all_households,highest_quintile,1989,1.9,2.4,0.7,2.9,1.5
all_households,highest_quintile,1990,2.1,2.5,0.8,3.7,1.6
all_households,highest_quintile,1991,2.0,2.3,0.9,3.0,1.8
all_households,highest_quintile,1992,2.2,2.7,1.0,3.4,1.3
all_households,highest_quintile,1993,2.1,2.6,0.7,3.6,1.3
all_households,highest_quintile,1994,2.5,3.6,0.6,3.2,1.4
all_households,highest_quintile,1995,2.5,3.5,0.8,3.1,1.4
all_households,highest_quintile,1996,2.4,3.6,0.6,3.0,1.0
all_households,highest_quintile,1997,2.4,3.4,0.5,2.9,1.0
all_households,highest_quintile,1998,2.7,3.6,0.5,2.9,1.1
all_households,highest_quintile,1999,2.6,3.1,0.5,3.6,1.3
all_households,highest_quintile,2000,2.9,3.6,0.7,3.1,1.4
all_households,highest_quintile,2001,2.8,3.4,0.4,3.1,1.3
all_households,highest_quintile,2002,2.7,3.2,0.6,3.1,1.2
all_households,highest_quintile,2003,2.7,3.3,0.5,3.0,1.0
all_households,highest_quintile,2004,2.8,3.2,0.6,3.7,1.4
all_households,highest_quintile,2005,3.0,3.6,0.4,3.8,1.4
all_households,highest_quintile,2006,3.3,3.8,0.5,4.3,2.1
all_households,highest_quintile,2007,3.4,4.0,0.6,3.9,2.3
all_households,highest_quintile,2008,3.1,3.6,0.7,3.7,1.9
all_households,highest_quintile,2009,3.2,4.0,0.9,2.9,2.0
all_households,highest_quintile,2010,3.0,3.6,1.2,3.0,1.9
all_households,highest_quintile,2011,2.7,3.4,0.7,2.7,1.7
all_households,highest_quintile,2012,2.9,3.6,0.6,3.2,1.8
all_households,highest_quintile,2013,2.4,3.0,0.6,2.1,1.8
all_households,highest_quintile,2014,3.0,3.5,1.1,2.5,2.3
all_households,highest_quintile,2015,3.3,3.7,1.3,3.4,2.5
all_households,highest_quintile,2016,3.5,4.1,1.2,3.1,2.5
all_households,percentiles_81_90,1979,1.2,1.4,0.5,1.5,1.1
all_households,percentiles_81_90,1980,0.9,1.0,0.3,1.4,1.0
all_households,percentiles_81_90,1981,1.0,1.2,0.3,2.3,0.7
all_households,percentiles_81_90,1982,0.9,1.2,0.3,1.4,0.7
all_households,percentiles_81_90,1983,0.6,0.7,0.1,0.9,0.6
all_households,percentiles_81_90,1984,0.9,1.0,0.4,1.8,0.7
all_households,percentiles_81_90,1985,1.0,1.0,0.2,2.5,0.7
all_households,percentiles_81_90,1986,0.9,1.0,0.2,2.0,0.7
all_households,percentiles_81_90,1987,0.7,0.7,0.3,1.2,0.6
all_households,percentiles_81_90,1988,0.9,1.0,0.2,1.2,0.8
all_households,percentiles_81_90,1989,1.0,1.3,0.4,1.5,0.7
all_households,percentiles_81_90,1990,1.1,1.4,0.3,1.8,0.8
all_households,percentiles_81_90,1991,1.1,1.3,0.5,1.7,0.9
all_households,percentiles_81_90,1992,1.2,1.5,0.6,1.9,0.8
all_households,percentiles_81_90,1993,1.1,1.5,0.2,1.9,0.6
all_households,percentiles_81_90,1994,1.3,1.8,0.4,1.9,0.8
all_households,percentiles_81_90,1995,1.3,1.8,0.4,1.9,0.7
all_households,percentiles_81_90,1996,1.4,2.0,0.3,2.1,0.5
all_households,percentiles_81_90,1997,1.4,2.0,0.3,1.9,0.4
all_households,percentiles_81_90,1998,1.5,2.0,0.2,1.6,0.6
all_households,percentiles_81_90,1999,1.5,1.7,0.3,2.2,0.7
all_households,percentiles_81_90,2000,1.7,2.1,0.5,1.9,0.8
all_households,percentiles_81_90,2001,1.4,1.7,0.3,1.5,0.6
all_households,percentiles_81_90,2002,1.5,1.8,0.2,1.8,0.6
all_households,percentiles_81_90,2003,1.5,1.9,0.3,1.7,0.5
all_households,percentiles_81_90,2004,1.7,1.9,0.3,2.5,0.7
all_households,percentiles_81_90,2005,1.6,1.9,0.2,2.0,0.7
all_households,percentiles_81_90,2006,1.9,2.2,0.2,2.6,1.1
all_households,percentiles_81_90,2007,1.9,2.2,0.3,2.4,1.2
all_households,percentiles_81_90,2008,1.6,1.9,0.3,2.1,0.9
all_households,percentiles_81_90,2009,1.9,2.3,0.5,1.7,1.1
all_households,percentiles_81_90,2010,1.8,2.2,0.7,1.6,1.1
all_households,percentiles_81_90,2011,1.5,1.9,0.4,1.7,0.9
all_households,percentiles_81_90,2012,1.7,2.1,0.3,1.9,0.9
all_households,percentiles_81_90,2013,1.3,1.7,0.4,1.3,0.9
all_households,percentiles_81_90,2014,1.7,2.0,0.6,1.4,1.4
all_households,percentiles_81_90,2015,1.8,2.0,0.8,1.8,1.3
all_households,percentiles_81_90,2016,2.0,2.3,0.6,1.6,1.4
all_households,percentiles_91_95,1979,0.4,0.6,0.2,0.5,0.3
all_households,percentiles_91_95,1980,0.4,0.4,0.1,0.8,0.4
all_households,percentiles_91_95,1981,0.4,0.5,0.1,0.9,0.3
all_households,percentiles_91_95,1982,0.4,0.6,0.0,0.7,0.3
all_households,percentiles_91_95,1983,0.3,0.4,0.1,0.8,0.2
all_households,percentiles_91_95,1984,0.3,0.3,0.2,0.7,0.3
all_households,percentiles_91_95,1985,0.3,0.3,0.1,0.7,0.3
all_households,percentiles_91_95,1986,0.3,0.3,0.1,0.6,0.2
all_households,percentiles_91_95,1987,0.3,0.2,0.1,0.5,0.3
all_households,percentiles_91_95,1988,0.3,0.3,0.2,0.3,0.3
all_households,percentiles_91_95,1989,0.4,0.5,0.1,0.6,0.3
all_households,percentiles_91_95,1990,0.4,0.5,0.1,0.9,0.3
all_households,percentiles_91_95,1991,0.3,0.4,0.1,0.5,0.3
all_households,percentiles_91_95,1992,0.5,0.7,0.2,1.1,0.2
all_households,percentiles_91_95,1993,0.5,0.6,0.2,1.0,0.3
all_households,percentiles_91_95,1994,0.5,0.8,0.1,0.7,0.2
all_households,percentiles_91_95,1995,0.6,0.9,0.1,0.6,0.3
all_households,percentiles_91_95,1996,0.5,0.8,0.1,0.5,0.2
all_households,percentiles_91_95,1997,0.5,0.7,0.1,0.5,0.2
all_households,percentiles_91_95,1998,0.6,0.8,0.1,0.7,0.2
all_households,percentiles_91_95,1999,0.6,0.7,0.1,0.7,0.3
all_households,percentiles_91_95,2000,0.6,0.7,0.1,0.6,0.3
all_households,percentiles_91_95,2001,0.7,0.8,0.1,0.7,0.4
all_households,percentiles_91_95,2002,0.6,0.7,0.1,0.7,0.3
all_households,percentiles_91_95,2003,0.6,0.8,0.1,0.7,0.2
all_households,percentiles_91_95,2004,0.5,0.6,0.1,0.6,0.3
all_households,percentiles_91_95,2005,0.7,0.9,0.1,0.9,0.3
all_households,percentiles_91_95,2006,0.7,0.9,0.1,1.0,0.5
all_households,percentiles_91_95,2007,0.8,1.0,0.1,0.8,0.5
all_households,percentiles_91_95,2008,0.8,0.9,0.2,1.0,0.4
all_households,percentiles_91_95,2009,0.7,0.9,0.2,0.6,0.4
all_households,percentiles_91_95,2010,0.6,0.8,0.2,0.7,0.4
all_households,percentiles_91_95,2011,0.6,0.7,0.1,0.4,0.4
all_households,percentiles_91_95,2012,0.6,0.8,0.1,0.7,0.4
all_households,percentiles_91_95,2013,0.5,0.7,0.1,0.5,0.4
all_households,percentiles_91_95,2014,0.7,0.8,0.2,0.7,0.5
all_households,percentiles_91_95,2015,0.8,0.9,0.3,0.8,0.6
all_households,percentiles_91_95,2016,0.8,0.9,0.2,0.9,0.6
all_households,percentiles_96_99,1979,0.4,0.6,0.2,0.5,0.4
all_households,percentiles_96_99,1980,0.3,0.3,0.1,0.6,0.3
all_households,percentiles_96_99,1981,0.4,0.4,0.2,0.5,0.3
all_households,percentiles_96_99,1982,0.3,0.4,0.0,0.4,0.2
all_households,percentiles_96_99,1983,0.3,0.2,0.1,0.8,0.2
all_households,percentiles_96_99,1984,0.3,0.3,0.2,0.6,0.3
all_households,percentiles_96_99,1985,0.3,0.3,0.2,0.5,0.3
all_households,percentiles_96_99,1986,0.3,0.3,0.1,0.4,0.3
all_households,percentiles_96_99,1987,0.4,0.4,0.2,0.9,0.3
all_households,percentiles_96_99,1988,0.3,0.3,0.2,0.5,0.3
all_households,percentiles_96_99,1989,0.4,0.3,0.2,0.6,0.4
all_households,percentiles_96_99,1990,0.5,0.5,0.2,0.7,0.5
all_households,percentiles_96_99,1991,0.4,0.4,0.1,0.6,0.4
all_households,percentiles_96_99,1992,0.3,0.4,0.1,0.4,0.2
all_households,percentiles_96_99,1993,0.3,0.3,0.2,0.5,0.3
all_households,percentiles_96_99,1994,0.5,0.8,0.1,0.5,0.2
all_households,percentiles_96_99,1995,0.5,0.6,0.1,0.5,0.3
all_households,percentiles_96_99,1996,0.4,0.6,0.1,0.4,0.2
all_households,percentiles_96_99,1997,0.5,0.6,0.1,0.5,0.3
all_households,percentiles_96_99,1998,0.5,0.6,0.1,0.5,0.2
all_households,percentiles_96_99,1999,0.5,0.6,0.1,0.5,0.2
all_households,percentiles_96_99,2000,0.5,0.6,0.1,0.4,0.3
all_households,percentiles_96_99,2001,0.6,0.7,0.1,0.7,0.2
all_households,percentiles_96_99,2002,0.4,0.5,0.2,0.5,0.2
all_households,percentiles_96_99,2003,0.5,0.6,0.1,0.4,0.2
all_households,percentiles_96_99,2004,0.4,0.5,0.1,0.5,0.2
all_households,percentiles_96_99,2005,0.6,0.7,0.1,0.7,0.3
all_households,percentiles_96_99,2006,0.5,0.6,0.1,0.6,0.4
all_households,percentiles_96_99,2007,0.6,0.7,0.1,0.6,0.6
all_households,percentiles_96_99,2008,0.5,0.6,0.1,0.5,0.4
all_households,percentiles_96_99,2009,0.5,0.7,0.1,0.5,0.3
all_households,percentiles_96_99,2010,0.4,0.5,0.2,0.4,0.3
all_households,percentiles_96_99,2011,0.4,0.6,0.1,0.4,0.3
all_households,percentiles_96_99,2012,0.4,0.5,0.1,0.3,0.3
all_households,percentiles_96_99,2013,0.4,0.5,0.1,0.3,0.3
all_households,percentiles_96_99,2014,0.4,0.5,0.2,0.3,0.3
all_households,percentiles_96_99,2015,0.6,0.6,0.1,0.6,0.4
all_households,percentiles_96_99,2016,0.6,0.7,0.2,0.5,0.4
all_households,top_1_percent,1979,0.1,0.2,0.1,0.1,0.1
all_households,top_1_percent,1980,0.1,0.1,0.1,0.2,0.1
all_households,top_1_percent,1981,0.1,0.2,0.1,0.2,0.1
all_households,top_1_percent,1982,0.1,0.2,0.0,0.2,0.1
all_households,top_1_percent,1983,0.1,0.1,0.1,0.1,0.2
all_households,top_1_percent,1984,0.1,0.1,0.1,0.1,0.1
all_households,top_1_percent,1985,0.1,0.1,0.1,0.1,0.2
all_households,top_1_percent,1986,0.1,0.1,0.1,0.2,0.1
all_households,top_1_percent,1987,0.2,0.2,0.1,0.2,0.1
all_households,top_1_percent,1988,0.1,0.1,0.1,0.1,0.1
all_households,top_1_percent,1989,0.1,0.2,0.1,0.2,0.1
all_households,top_1_percent,1990,0.1,0.1,0.1,0.2,0.1
all_households,top_1_percent,1991,0.2,0.2,0.1,0.3,0.1
all_households,top_1_percent,1992,0.1,0.1,0.0,0.2,0.1
all_households,top_1_percent,1993,0.1,0.2,0.1,0.2,0.1
all_households,top_1_percent,1994,0.1,0.2,0.1,0.1,0.1
all_households,top_1_percent,1995,0.2,0.2,0.1,0.2,0.1
all_households,top_1_percent,1996,0.1,0.2,0.0,0.1,0.1
all_households,top_1_percent,1997,0.1,0.1,0.0,0.1,0.0
all_households,top_1_percent,1998,0.1,0.2,0.0,0.1,0.1
all_households,top_1_percent,1999,0.1,0.1,0.0,0.2,0.0
all_households,top_1_percent,2000,0.1,0.2,0.0,0.1,0.1
all_households,top_1_percent,2001,0.1,0.2,0.0,0.2,0.1
all_households,top_1_percent,2002,0.2,0.2,0.1,0.2,0.1
all_households,top_1_percent,2003,0.1,0.1,0.1,0.2,0.1
all_households,top_1_percent,2004,0.1,0.1,0.0,0.1,0.1
all_households,top_1_percent,2005,0.1,0.1,0.1,0.1,0.1
all_households,top_1_percent,2006,0.2,0.2,0.0,0.2,0.1
all_households,top_1_percent,2007,0.1,0.2,0.0,0.1,0.1
all_households,top_1_percent,2008,0.2,0.2,0.1,0.1,0.2
all_households,top_1_percent,2009,0.1,0.2,0.1,0.2,0.1
all_households,top_1_percent,2010,0.2,0.2,0.1,0.2,0.1
all_households,top_1_percent,2011,0.2,0.2,0.1,0.3,0.1
all_households,top_1_percent,2012,0.1,0.2,0.0,0.3,0.1
all_households,top_1_percent,2013,0.1,0.2,0.0,0.1,0.1
all_households,top_1_percent,2014,0.2,0.2,0.2,0.1,0.1
all_households,top_1_percent,2015,0.2,0.2,0.1,0.2,0.1
all_households,top_1_percent,2016,0.2,0.2,0.1,0.1,0.2
hh_with_children,all_quintiles,1979,100.0,100.0,100.0,100.0,100.0
hh_with_children,all_quintiles,1980,100.0,100.0,100.0,100.0,100.0
hh_with_children,all_quintiles,1981,100.0,100.0,100.0,100.0,100.0
hh_with_children,all_quintiles,1982,100.0,100.0,100.0,100.0,100.0
hh_with_children,all_quintiles,1983,100.0,100.0,100.0,100.0,100.0
hh_with_children,all_quintiles,1984,100.0,100.0,100.0,100.0,100.0
hh_with_children,all_quintiles,1985,100.0,100.0,100.0,100.0,100.0
hh_with_children,all_quintiles,1986,100.0,100.0,100.0,100.0,100.0
hh_with_children,all_quintiles,1987,100.0,100.0,100.0,100.0,100.0
hh_with_children,all_quintiles,1988,100.0,100.0,100.0,100.0,100.0
hh_with_children,all_quintiles,1989,100.0,100.0,100.0,100.0,100.0
hh_with_children,all_quintiles,1990,100.0,100.0,100.0,100.0,100.0
hh_with_children,all_quintiles,1991,100.0,100.0,100.0,100.0,100.0
hh_with_children,all_quintiles,1992,100.0,100.0,100.0,100.0,100.0
hh_with_children,all_quintiles,1993,100.0,100.0,100.0,100.0,100.0
hh_with_children,all_quintiles,1994,100.0,100.0,100.0,100.0,100.0
hh_with_children,all_quintiles,1995,100.0,100.0,100.0,100.0,100.0
hh_with_children,all_quintiles,1996,100.0,100.0,100.0,100.0,100.0
hh_with_children,all_quintiles,1997,100.0,100.0,100.0,100.0,100.0
hh_with_children,all_quintiles,1998,100.0,100.0,100.0,100.0,100.0
hh_with_children,all_quintiles,1999,100.0,100.0,100.0,100.0,100.0
hh_with_children,all_quintiles,2000,100.0,100.0,100.0,100.0,100.0
hh_with_children,all_quintiles,2001,100.0,100.0,100.0,100.0,100.0
hh_with_children,all_quintiles,2002,100.0,100.0,100.0,100.0,100.0
hh_with_children,all_quintiles,2003,100.0,100.0,100.0,100.0,100.0
hh_with_children,all_quintiles,2004,100.0,100.0,100.0,100.0,100.0
hh_with_children,all_quintiles,2005,100.0,100.0,100.0,100.0,100.0
hh_with_children,all_quintiles,2006,100.0,100.0,100.0,100.0,100.0
hh_with_children,all_quintiles,2007,100.0,100.0,100.0,100.0,100.0
hh_with_children,all_quintiles,2008,100.0,100.0,100.0,100.0,100.0
hh_with_children,all_quintiles,2009,100.0,100.0,100.0,100.0,100.0
hh_with_children,all_quintiles,2010,100.0,100.0,100.0,100.0,100.0
hh_with_children,all_quintiles,2011,100.0,100.0,100.0,100.0,100.0
hh_with_children,all_quintiles,2012,100.0,100.0,100.0,100.0,100.0
hh_with_children,all_quintiles,2013,100.0,100.0,100.0,100.0,100.0
hh_with_children,all_quintiles,2014,100.0,100.0,100.0,100.0,100.0
hh_with_children,all_quintiles,2015,100.0,100.0,100.0,100.0,100.0
hh_with_children,all_quintiles,2016,100.0,100.0,100.0,100.0,100.0
hh_with_children,lowest_quintile,1979,74.8,73.8,79.4,70.4,74.0
hh_with_children,lowest_quintile,1980,74.4,73.7,77.5,73.6,73.4
hh_with_children,lowest_quintile,1981,73.4,71.6,74.9,68.8,74.4
hh_with_children,lowest_quintile,1982,78.1,75.3,80.7,75.1,79.0
hh_with_children,lowest_quintile,1983,80.4,79.2,82.9,74.0,80.7
hh_with_children,lowest_quintile,1984,76.9,74.5,79.0,70.3,78.3
hh_with_children,lowest_quintile,1985,78.3,75.4,81.6,69.9,80.0
hh_with_children,lowest_quintile,1986,79.7,77.5,84.3,69.9,80.7
hh_with_children,lowest_quintile,1987,82.7,80.4,88.0,75.5,83.5
hh_with_children,lowest_quintile,1988,81.6,77.7,87.4,71.9,83.9
hh_with_children,lowest_quintile,1989,80.9,77.0,86.0,72.3,83.6
hh_with_children,lowest_quintile,1990,79.3,75.2,84.5,67.5,83.2
hh_with_children,lowest_quintile,1991,76.7,73.0,81.2,66.3,80.4
hh_with_children,lowest_quintile,1992,74.5,70.5,77.9,68.2,79.4
hh_with_children,lowest_quintile,1993,74.4,70.4,77.7,64.4,80.5
hh_with_children,lowest_quintile,1994,73.9,68.3,78.9,67.6,80.0
hh_with_children,lowest_quintile,1995,71.9,66.1,76.9,65.8,79.1
hh_with_children,lowest_quintile,1996,72.0,66.9,76.2,69.0,78.2
hh_with_children,lowest_quintile,1997,71.0,65.9,76.7,66.3,78.3
hh_with_children,lowest_quintile,1998,69.1,63.3,78.1,66.0,77.4
hh_with_children,lowest_quintile,1999,67.3,61.2,78.3,63.7,77.8
hh_with_children,lowest_quintile,2000,64.7,59.1,77.4,64.5,74.5
hh_with_children,lowest_quintile,2001,64.0,58.1,78.9,67.1,74.2
hh_with_children,lowest_quintile,2002,61.8,56.4,75.6,62.0,73.8
hh_with_children,lowest_quintile,2003,61.1,55.2,75.6,62.8,73.9
hh_with_children,lowest_quintile,2004,59.7,54.2,73.7,59.2,73.4
hh_with_children,lowest_quintile,2005,61.1,55.0,74.2,65.0,74.5
hh_with_children,lowest_quintile,2006,61.2,55.4,76.4,62.8,72.4
hh_with_children,lowest_quintile,2007,60.5,54.7,75.4,64.5,71.3
hh_with_children,lowest_quintile,2008,58.6,53.1,72.5,60.4,70.0
hh_with_children,lowest_quintile,2009,57.8,51.7,71.3,59.5,69.1
hh_with_children,lowest_quintile,2010,58.5,52.6,68.3,62.7,70.4
hh_with_children,lowest_quintile,2011,57.2,51.1,67.4,61.5,68.0
hh_with_children,lowest_quintile,2012,57.3,51.6,68.6,61.6,66.3
hh_with_children,lowest_quintile,2013,56.8,51.4,67.2,63.2,66.9
hh_with_children,lowest_quintile,2014,55.3,51.3,67.5,59.7,64.5
hh_with_children,lowest_quintile,2015,54.5,50.5,67.5,61.9,64.2
hh_with_children,lowest_quintile,2016,54.0,50.0,69.2,62.8,63.2
hh_with_children,second_quintile,1979,12.4,12.5,12.7,12.9,12.1
hh_with_children,second_quintile,1980,13.4,14.1,14.7,11.8,12.8
hh_with_children,second_quintile,1981,14.2,15.0,15.5,13.7,13.1
hh_with_children,second_quintile,1982,11.7,12.8,12.7,10.6,10.8
hh_with_children,second_quintile,1983,9.7,10.3,10.2,10.7,9.1
hh_with_children,second_quintile,1984,11.7,13.5,12.2,12.0,10.4
hh_with_children,second_quintile,1985,11.1,12.8,11.6,13.4,9.5
hh_with_children,second_quintile,1986,10.9,12.2,10.4,14.2,9.8
hh_with_children,second_quintile,1987,9.2,10.7,7.0,12.0,8.5
hh_with_children,second_quintile,1988,9.5,11.4,7.3,12.6,8.5
hh_with_children,second_quintile,1989,10.1,11.9,8.5,13.3,8.7
hh_with_children,second_quintile,1990,11.4,13.1,10.0,15.9,9.4
hh_with_children,second_quintile,1991,12.4,14.3,11.3,17.7,9.9
hh_with_children,second_quintile,1992,14.4,16.3,13.9,18.1,11.3
hh_with_children,second_quintile,1993,14.3,16.5,14.6,17.1,10.8
hh_with_children,second_quintile,1994,14.8,17.1,13.9,18.0,11.3
hh_with_children,second_quintile,1995,16.0,18.9,15.0,19.0,11.5
hh_with_children,second_quintile,1996,16.7,19.2,16.7,16.7,13.1
hh_with_children,second_quintile,1997,18.0,20.5,17.1,18.0,14.5
hh_with_children,second_quintile,1998,19.5,22.4,15.6,21.6,14.7
hh_with_children,second_quintile,1999,18.9,22.3,15.1,18.4,13.2
hh_with_children,second_quintile,2000,20.2,22.9,16.0,19.5,14.9
hh_with_children,second_quintile,2001,21.5,24.5,15.6,18.5,15.9
hh_with_children,second_quintile,2002,22.3,25.0,17.4,20.7,16.1
hh_with_children,second_quintile,2003,22.7,25.4,17.6,21.1,16.0
hh_with_children,second_quintile,2004,23.4,25.9,19.3,20.9,17.0
hh_with_children,second_quintile,2005,22.4,25.2,18.8,17.6,15.7
hh_with_children,second_quintile,2006,22.7,25.4,17.7,20.5,16.6
hh_with_children,second_quintile,2007,22.8,25.6,18.1,18.2,17.3
hh_with_children,second_quintile,2008,23.5,25.8,19.5,20.0,18.1
hh_with_children,second_quintile,2009,23.6,25.9,20.4,20.1,18.6
hh_with_children,second_quintile,2010,23.8,26.3,21.5,18.9,18.1
hh_with_children,second_quintile,2011,25.0,27.3,22.9,20.6,19.9
hh_with_children,second_quintile,2012,25.5,27.6,22.9,22.0,20.8
hh_with_children,second_quintile,2013,25.3,27.5,23.3,19.7,19.8
hh_with_children,second_quintile,2014,25.3,26.8,22.2,23.0,20.9
hh_with_children,second_quintile,2015,25.7,27.5,21.6,21.6,19.9
hh_with_children,second_quintile,2016,25.3,27.1,20.3,19.7,20.1
hh_with_children,middle_quintile,1979,5.9,6.1,3.7,7.6,6.4
hh_with_children,middle_quintile,1980,5.3,5.7,3.5,6.3,5.8
hh_with_children,middle_quintile,1981,5.1,5.6,4.3,7.1,4.9
hh_with_children,middle_quintile,1982,3.9,4.3,2.6,5.4,4.1
hh_with_children,middle_quintile,1983,3.7,4.2,2.6,6.5,3.6
hh_with_children,middle_quintile,1984,4.8,5.1,3.6,8.2,4.5
hh_with_children,middle_quintile,1985,3.8,4.4,2.0,6.6,3.8
hh_with_children,middle_quintile,1986,3.8,4.5,2.1,7.5,3.5
hh_with_children,middle_quintile,1987,3.2,3.4,1.6,4.9,3.4
hh_with_children,middle_quintile,1988,4.2,5.3,2.1,8.2,3.5
hh_with_children,middle_quintile,1989,3.9,5.0,2.1,6.4,3.3
hh_with_children,middle_quintile,1990,4.4,5.7,2.3,7.8,3.3
hh_with_children,middle_quintile,1991,4.8,5.9,3.6,7.7,3.9
hh_with_children,middle_quintile,1992,5.2,6.4,4.2,6.5,4.1
hh_with_children,middle_quintile,1993,6.0,7.0,4.5,9.7,4.5
hh_with_children,middle_quintile,1994,5.8,7.3,4.0,7.3,4.3
hh_with_children,middle_quintile,1995,6.3,7.6,4.6,8.1,4.8
hh_with_children,middle_quintile,1996,6.1,7.3,4.3,7.9,4.7
hh_with_children,middle_quintile,1997,5.8,7.1,4.1,7.7,3.8
hh_with_children,middle_quintile,1998,6.2,7.7,3.6,6.7,4.1
hh_with_children,middle_quintile,1999,7.7,9.5,3.9,10.0,4.5
hh_with_children,middle_quintile,2000,8.2,10.0,3.6,8.5,5.3
hh_with_children,middle_quintile,2001,8.1,9.8,3.3,7.8,5.2
hh_with_children,middle_quintile,2002,8.9,10.7,4.1,9.1,5.1
hh_with_children,middle_quintile,2003,9.3,11.2,4.2,8.6,5.4
hh_with_children,middle_quintile,2004,9.5,11.5,4.3,9.4,4.7
hh_with_children,middle_quintile,2005,9.1,11.2,4.3,8.4,4.7
hh_with_children,middle_quintile,2006,8.7,10.6,3.6,8.3,5.3
hh_with_children,middle_quintile,2007,9.3,11.1,4.1,9.3,5.8
hh_with_children,middle_quintile,2008,9.7,11.7,4.8,8.8,5.9
hh_with_children,middle_quintile,2009,10.3,12.3,4.9,11.6,6.6
hh_with_children,middle_quintile,2010,9.7,11.8,5.7,8.8,6.1
hh_with_children,middle_quintile,2011,10.3,12.2,6.5,9.8,6.9
hh_with_children,middle_quintile,2012,9.9,11.8,5.8,9.8,7.0
hh_with_children,middle_quintile,2013,10.8,12.8,6.5,10.0,7.4
hh_with_children,middle_quintile,2014,11.3,12.8,6.4,10.3,7.9
hh_with_children,middle_quintile,2015,11.5,12.9,6.8,8.7,8.5
hh_with_children,middle_quintile,2016,12.0,13.3,6.4,10.1,9.0
hh_with_children,fourth_quintile,1979,3.2,3.5,1.4,4.6,3.6
hh_with_children,fourth_quintile,1980,2.6,2.5,1.2,3.0,3.4
hh_with_children,fourth_quintile,1981,2.5,2.9,1.3,3.5,2.7
hh_with_children,fourth_quintile,1982,2.1,2.8,0.7,3.3,2.1
hh_with_children,fourth_quintile,1983,1.6,1.6,0.6,2.6,1.9
hh_with_children,fourth_quintile,1984,2.0,2.0,1.1,2.9,2.2
hh_with_children,fourth_quintile,1985,2.0,2.2,0.7,3.8,2.2
hh_with_children,fourth_quintile,1986,2.2,2.2,0.9,3.7,2.4
hh_with_children,fourth_quintile,1987,2.3,2.7,0.8,4.3,2.2
hh_with_children,fourth_quintile,1988,2.2,2.8,0.6,4.1,2.1
hh_with_children,fourth_quintile,1989,2.2,2.9,0.8,4.0,2.0
hh_with_children,fourth_quintile,1990,2.1,2.7,0.7,5.0,1.6
hh_with_children,fourth_quintile,1991,2.4,3.0,1.3,4.5,2.0
hh_with_children,fourth_quintile,1992,2.9,3.6,1.7,3.2,2.6
hh_with_children,fourth_quintile,1993,2.3,2.8,1.3,4.0,1.8
hh_with_children,fourth_quintile,1994,2.8,3.8,1.5,3.4,2.0
hh_with_children,fourth_quintile,1995,2.9,3.7,1.8,3.0,2.4
hh_with_children,fourth_quintile,1996,2.8,3.6,1.3,3.5,2.1
hh_with_children,fourth_quintile,1997,3.2,4.4,0.9,5.2,1.8
hh_with_children,fourth_quintile,1998,2.9,3.7,1.1,2.9,2.0
hh_with_children,fourth_quintile,1999,3.4,4.3,1.2,3.9,2.1
hh_with_children,fourth_quintile,2000,3.8,4.7,1.3,4.0,2.6
hh_with_children,fourth_quintile,2001,3.5,4.4,1.0,3.3,2.2
hh_with_children,fourth_quintile,2002,3.7,4.4,1.4,3.8,2.6
hh_with_children,fourth_quintile,2003,4.0,4.9,0.8,4.5,2.5
hh_with_children,fourth_quintile,2004,4.3,5.0,1.4,5.4,2.6
hh_with_children,fourth_quintile,2005,4.1,5.0,1.1,4.9,2.2
hh_with_children,fourth_quintile,2006,4.4,5.3,1.0,4.5,2.8
hh_with_children,fourth_quintile,2007,4.2,5.1,1.0,4.4,2.9
hh_with_children,fourth_quintile,2008,4.4,5.2,1.3,5.0,2.9
hh_with_children,fourth_quintile,2009,4.8,6.0,1.6,5.3,2.9
hh_with_children,fourth_quintile,2010,4.7,5.6,2.5,5.6,2.7
hh_with_children,fourth_quintile,2011,4.4,5.5,1.6,4.7,2.7
hh_with_children,fourth_quintile,2012,4.5,5.7,1.5,3.9,3.4
hh_with_children,fourth_quintile,2013,4.5,5.4,1.8,4.4,3.5
hh_with_children,fourth_quintile,2014,5.0,5.8,2.3,4.3,3.8
hh_with_children,fourth_quintile,2015,5.2,5.8,2.6,3.9,4.4
hh_with_children,fourth_quintile,2016,5.4,6.0,2.5,4.8,4.6
hh_with_children,highest_quintile,1979,1.8,1.9,0.8,2.0,2.1
hh_with_children,highest_quintile,1980,1.5,1.3,0.6,2.4,2.0
hh_with_children,highest_quintile,1981,1.4,1.4,0.6,1.9,1.6
hh_with_children,highest_quintile,1982,1.2,1.6,0.4,1.5,1.3
hh_with_children,highest_quintile,1983,1.1,1.0,0.4,1.6,1.3
hh_with_children,highest_quintile,1984,1.4,1.4,0.9,2.9,1.5
hh_with_children,highest_quintile,1985,1.3,1.3,0.5,2.1,1.5
hh_with_children,highest_quintile,1986,1.2,1.0,0.5,1.4,1.5
hh_with_children,highest_quintile,1987,1.1,1.0,0.5,1.6,1.4
hh_with_children,highest_quintile,1988,1.2,1.4,0.6,1.9,1.2
hh_with_children,highest_quintile,1989,1.4,1.8,0.6,2.4,1.3
hh_with_children,highest_quintile,1990,1.3,1.7,0.6,1.8,1.2
hh_with_children,highest_quintile,1991,1.7,1.8,0.8,2.0,1.9
hh_with_children,highest_quintile,1992,1.7,2.0,0.9,2.8,1.4
hh_with_children,highest_quintile,1993,1.5,1.7,0.5,2.8,1.2
hh_with_children,highest_quintile,1994,1.7,2.3,0.6,2.1,1.3
hh_with_children,highest_quintile,1995,2.0,2.6,0.7,2.9,1.4
hh_with_children,highest_quintile,1996,1.5,2.1,0.5,1.8,1.0
hh_with_children,highest_quintile,1997,1.3,1.6,0.3,2.1,1.1
hh_with_children,highest_quintile,1998,1.4,1.8,0.2,1.5,1.2
hh_with_children,highest_quintile,1999,1.8,2.0,0.3,3.1,1.4
hh_with_children,highest_quintile,2000,2.2,2.5,0.7,2.2,1.8
hh_with_children,highest_quintile,2001,2.2,2.5,0.4,2.7,1.8
hh_with_children,highest_quintile,2002,2.2,2.5,0.5,3.0,1.5
hh_with_children,highest_quintile,2003,2.0,2.4,0.5,2.3,1.4
hh_with_children,highest_quintile,2004,2.2,2.5,0.4,3.6,1.7
hh_with_children,highest_quintile,2005,2.3,2.7,0.4,3.0,1.8
hh_with_children,highest_quintile,2006,2.3,2.6,0.5,2.9,2.0
hh_with_children,highest_quintile,2007,2.3,2.7,0.5,2.7,1.9
hh_with_children,highest_quintile,2008,2.6,2.9,0.6,3.9,2.0
hh_with_children,highest_quintile,2009,2.6,3.1,0.8,2.6,2.0
hh_with_children,highest_quintile,2010,2.4,2.8,1.0,3.0,1.8
hh_with_children,highest_quintile,2011,2.3,2.9,0.6,2.4,1.8
hh_with_children,highest_quintile,2012,2.1,2.7,0.5,1.8,1.7
hh_with_children,highest_quintile,2013,1.8,2.3,0.5,1.7,1.6
hh_with_children,highest_quintile,2014,2.4,2.7,0.7,1.8,2.2
hh_with_children,highest_quintile,2015,2.7,3.0,1.0,3.5,2.4
hh_with_children,highest_quintile,2016,2.8,3.1,0.9,2.2,2.6
hh_with_children,percentiles_81_90,1979,1.0,1.1,0.4,1.3,1.2
hh_with_children,percentiles_81_90,1980,0.8,0.7,0.2,1.3,1.1
hh_with_children,percentiles_81_90,1981,0.7,0.8,0.3,1.4,0.8
hh_with_children,percentiles_81_90,1982,0.6,0.7,0.2,0.4,0.7
hh_with_children,percentiles_81_90,1983,0.5,0.4,0.1,0.7,0.6
hh_with_children,percentiles_81_90,1984,0.8,0.8,0.3,1.8,0.7
hh_with_children,percentiles_81_90,1985,0.6,0.6,0.1,1.3,0.7
hh_with_children,percentiles_81_90,1986,0.6,0.6,0.2,0.6,0.8
hh_with_children,percentiles_81_90,1987,0.5,0.4,0.2,0.6,0.6
hh_with_children,percentiles_81_90,1988,0.6,0.7,0.2,1.6,0.5
hh_with_children,percentiles_81_90,1989,0.8,1.1,0.3,1.4,0.7
hh_with_children,percentiles_81_90,1990,0.7,1.0,0.3,1.0,0.6
hh_with_children,percentiles_81_90,1991,0.9,1.0,0.5,1.1,0.9
hh_with_children,percentiles_81_90,1992,1.0,1.2,0.6,1.9,0.8
hh_with_children,percentiles_81_90,1993,0.8,1.1,0.2,1.7,0.6
hh_with_children,percentiles_81_90,1994,0.9,1.1,0.3,1.1,0.8
hh_with_children,percentiles_81_90,1995,1.0,1.2,0.4,1.6,0.8
hh_with_children,percentiles_81_90,1996,0.9,1.3,0.3,1.4,0.5
hh_with_children,percentiles_81_90,1997,0.7,0.9,0.2,1.6,0.5
hh_with_children,percentiles_81_90,1998,0.7,1.0,0.2,0.5,0.6
hh_with_children,percentiles_81_90,1999,1.1,1.1,0.2,2.0,0.8
hh_with_children,percentiles_81_90,2000,1.4,1.7,0.5,1.7,1.0
hh_with_children,percentiles_81_90,2001,1.2,1.4,0.2,1.4,0.9
hh_with_children,percentiles_81_90,2002,1.1,1.3,0.2,1.4,0.8
hh_with_children,percentiles_81_90,2003,1.0,1.2,0.2,1.0,0.8
hh_with_children,percentiles_81_90,2004,1.3,1.4,0.2,2.7,0.9
hh_with_children,percentiles_81_90,2005,1.2,1.5,0.2,1.5,0.9
hh_with_children,percentiles_81_90,2006,1.3,1.5,0.2,1.9,1.0
hh_with_children,percentiles_81_90,2007,1.2,1.4,0.2,1.6,1.0
hh_with_children,percentiles_81_90,2008,1.4,1.5,0.3,2.3,0.9
hh_with_children,percentiles_81_90,2009,1.4,1.8,0.5,1.6,1.0
hh_with_children,percentiles_81_90,2010,1.4,1.6,0.6,1.7,1.0
hh_with_children,percentiles_81_90,2011,1.3,1.6,0.4,1.2,0.9
hh_with_children,percentiles_81_90,2012,1.1,1.5,0.2,0.9,0.9
hh_with_children,percentiles_81_90,2013,1.0,1.2,0.3,1.3,0.8
hh_with_children,percentiles_81_90,2014,1.3,1.5,0.4,1.0,1.3
hh_with_children,percentiles_81_90,2015,1.3,1.5,0.5,1.3,1.2
hh_with_children,percentiles_81_90,2016,1.5,1.7,0.5,1.1,1.3
hh_with_children,percentiles_91_95,1979,0.3,0.4,0.2,0.3,0.4
hh_with_children,percentiles_91_95,1980,0.4,0.3,0.1,0.8,0.4
hh_with_children,percentiles_91_95,1981,0.2,0.2,0.1,0.3,0.3
hh_with_children,percentiles_91_95,1982,0.3,0.5,0.0,0.9,0.3
hh_with_children,percentiles_91_95,1983,0.2,0.2,0.1,0.4,0.2
hh_with_children,percentiles_91_95,1984,0.3,0.2,0.2,0.8,0.3
hh_with_children,percentiles_91_95,1985,0.2,0.2,0.1,0.3,0.3
hh_with_children,percentiles_91_95,1986,0.2,0.1,0.1,0.1,0.3
hh_with_children,percentiles_91_95,1987,0.2,0.2,0.1,0.4,0.3
hh_with_children,percentiles_91_95,1988,0.2,0.3,0.2,0.2,0.3
hh_with_children,percentiles_91_95,1989,0.3,0.3,0.1,0.6,0.2
hh_with_children,percentiles_91_95,1990,0.2,0.3,0.1,0.4,0.2
hh_with_children,percentiles_91_95,1991,0.3,0.3,0.1,0.2,0.4
hh_with_children,percentiles_91_95,1992,0.3,0.4,0.2,0.5,0.3
hh_with_children,percentiles_91_95,1993,0.2,0.3,0.1,0.5,0.2
hh_with_children,percentiles_91_95,1994,0.4,0.5,0.1,0.5,0.2
hh_with_children,percentiles_91_95,1995,0.4,0.7,0.1,0.6,0.3
hh_with_children,percentiles_91_95,1996,0.3,0.4,0.1,0.2,0.2
hh_with_children,percentiles_91_95,1997,0.3,0.3,0.1,0.4,0.2
hh_with_children,percentiles_91_95,1998,0.3,0.3,0.0,0.1,0.3
hh_with_children,percentiles_91_95,1999,0.4,0.4,0.1,0.7,0.3
hh_with_children,percentiles_91_95,2000,0.4,0.4,0.1,0.3,0.4
hh_with_children,percentiles_91_95,2001,0.5,0.5,0.1,0.5,0.5
hh_with_children,percentiles_91_95,2002,0.5,0.6,0.1,0.9,0.3
hh_with_children,percentiles_91_95,2003,0.5,0.5,0.0,0.8,0.3
hh_with_children,percentiles_91_95,2004,0.5,0.6,0.1,0.6,0.4
hh_with_children,percentiles_91_95,2005,0.5,0.6,0.0,0.7,0.4
hh_with_children,percentiles_91_95,2006,0.5,0.5,0.1,0.5,0.5
hh_with_children,percentiles_91_95,2007,0.5,0.6,0.1,0.6,0.4
hh_with_children,percentiles_91_95,2008,0.6,0.7,0.2,0.9,0.5
hh_with_children,percentiles_91_95,2009,0.6,0.7,0.2,0.6,0.4
hh_with_children,percentiles_91_95,2010,0.5,0.6,0.1,0.6,0.4
hh_with_children,percentiles_91_95,2011,0.4,0.6,0.1,0.2,0.4
hh_with_children,percentiles_91_95,2012,0.4,0.5,0.1,0.3,0.4
hh_with_children,percentiles_91_95,2013,0.4,0.5,0.1,0.3,0.4
hh_with_children,percentiles_91_95,2014,0.5,0.6,0.1,0.4,0.4
hh_with_children,percentiles_91_95,2015,0.7,0.7,0.3,0.9,0.6
hh_with_children,percentiles_91_95,2016,0.6,0.7,0.2,0.6,0.5
hh_with_children,percentiles_96_99,1979,0.3,0.3,0.2,0.3,0.4
hh_with_children,percentiles_96_99,1980,0.2,0.2,0.1,0.1,0.3
hh_with_children,percentiles_96_99,1981,0.3,0.3,0.1,0.1,0.4
hh_with_children,percentiles_96_99,1982,0.2,0.3,0.0,0.1,0.2
hh_with_children,percentiles_96_99,1983,0.2,0.2,0.1,0.4,0.3
hh_with_children,percentiles_96_99,1984,0.2,0.2,0.2,0.2,0.3
hh_with_children,percentiles_96_99,1985,0.3,0.3,0.2,0.3,0.3
hh_with_children,percentiles_96_99,1986,0.2,0.2,0.1,0.3,0.3
hh_with_children,percentiles_96_99,1987,0.3,0.2,0.2,0.4,0.3
hh_with_children,percentiles_96_99,1988,0.2,0.3,0.1,0.1,0.3
hh_with_children,percentiles_96_99,1989,0.2,0.2,0.1,0.1,0.3
hh_with_children,percentiles_96_99,1990,0.3,0.3,0.2,0.3,0.2
hh_with_children,percentiles_96_99,1991,0.4,0.3,0.1,0.5,0.4
hh_with_children,percentiles_96_99,1992,0.3,0.3,0.1,0.3,0.3
hh_with_children,percentiles_96_99,1993,0.3,0.3,0.1,0.5,0.2
hh_with_children,percentiles_96_99,1994,0.3,0.5,0.1,0.3,0.3
hh_with_children,percentiles_96_99,1995,0.3,0.5,0.1,0.4,0.3
hh_with_children,percentiles_96_99,1996,0.2,0.3,0.1,0.2,0.2
hh_with_children,percentiles_96_99,1997,0.3,0.3,0.1,0.2,0.3
hh_with_children,percentiles_96_99,1998,0.3,0.4,0.0,0.7,0.2
hh_with_children,percentiles_96_99,1999,0.2,0.3,0.1,0.1,0.2
hh_with_children,percentiles_96_99,2000,0.3,0.4,0.1,0.2,0.3
hh_with_children,percentiles_96_99,2001,0.4,0.5,0.1,0.5,0.3
hh_with_children,percentiles_96_99,2002,0.4,0.4,0.1,0.6,0.2
hh_with_children,percentiles_96_99,2003,0.4,0.5,0.1,0.3,0.3
hh_with_children,percentiles_96_99,2004,0.3,0.3,0.1,0.2,0.3
hh_with_children,percentiles_96_99,2005,0.5,0.5,0.1,0.8,0.4
hh_with_children,percentiles_96_99,2006,0.4,0.4,0.1,0.4,0.4
hh_with_children,percentiles_96_99,2007,0.4,0.5,0.1,0.5,0.4
hh_with_children,percentiles_96_99,2008,0.4,0.5,0.1,0.6,0.4
hh_with_children,percentiles_96_99,2009,0.4,0.5,0.1,0.2,0.4
hh_with_children,percentiles_96_99,2010,0.4,0.4,0.2,0.4,0.3
hh_with_children,percentiles_96_99,2011,0.4,0.5,0.1,0.5,0.3
hh_with_children,percentiles_96_99,2012,0.4,0.5,0.1,0.3,0.3
hh_with_children,percentiles_96_99,2013,0.3,0.4,0.1,0.1,0.3
hh_with_children,percentiles_96_99,2014,0.4,0.4,0.1,0.3,0.4
hh_with_children,percentiles_96_99,2015,0.5,0.5,0.1,0.9,0.5
hh_with_children,percentiles_96_99,2016,0.5,0.6,0.2,0.4,0.5
hh_with_children,top_1_percent,1979,0.1,0.1,0.1,0.1,0.1
hh_with_children,top_1_percent,1980,0.1,0.1,0.1,0.2,0.1
hh_with_children,top_1_percent,1981,0.1,0.2,0.1,0.1,0.2
hh_with_children,top_1_percent,1982,0.1,0.2,0.1,0.0,0.1
hh_with_children,top_1_percent,1983,0.2,0.2,0.1,0.1,0.2
hh_with_children,top_1_percent,1984,0.1,0.2,0.1,0.1,0.1
hh_with_children,top_1_percent,1985,0.2,0.2,0.2,0.1,0.2
hh_with_children,top_1_percent,1986,0.2,0.2,0.1,0.4,0.2
hh_with_children,top_1_percent,1987,0.2,0.2,0.1,0.2,0.1
hh_with_children,top_1_percent,1988,0.1,0.1,0.1,0.0,0.1
hh_with_children,top_1_percent,1989,0.1,0.2,0.1,0.3,0.1
hh_with_children,top_1_percent,1990,0.1,0.1,0.1,0.1,0.1
hh_with_children,top_1_percent,1991,0.1,0.2,0.1,0.2,0.1
hh_with_children,top_1_percent,1992,0.1,0.1,0.0,0.1,0.1
hh_with_children,top_1_percent,1993,0.1,0.1,0.1,0.1,0.1
hh_with_children,top_1_percent,1994,0.1,0.1,0.1,0.1,0.1
hh_with_children,top_1_percent,1995,0.2,0.3,0.1,0.2,0.1
hh_with_children,top_1_percent,1996,0.1,0.1,0.0,0.0,0.1
hh_with_children,top_1_percent,1997,0.1,0.1,0.0,0.0,0.1
hh_with_children,top_1_percent,1998,0.1,0.1,0.0,0.1,0.1
hh_with_children,top_1_percent,1999,0.1,0.2,0.0,0.3,0.1
hh_with_children,top_1_percent,2000,0.1,0.1,0.0,0.1,0.1
hh_with_children,top_1_percent,2001,0.1,0.2,0.0,0.3,0.1
hh_with_children,top_1_percent,2002,0.2,0.2,0.0,0.1,0.2
hh_with_children,top_1_percent,2003,0.1,0.1,0.1,0.2,0.1
hh_with_children,top_1_percent,2004,0.1,0.1,0.0,0.1,0.1
hh_with_children,top_1_percent,2005,0.1,0.1,0.1,0.1,0.1
hh_with_children,top_1_percent,2006,0.1,0.1,0.0,0.1,0.1
hh_with_children,top_1_percent,2007,0.1,0.1,0.0,0.1,0.1
hh_with_children,top_1_percent,2008,0.2,0.2,0.1,0.2,0.3
hh_with_children,top_1_percent,2009,0.2,0.2,0.1,0.2,0.2
hh_with_children,top_1_percent,2010,0.2,0.2,0.1,0.3,0.1
hh_with_children,top_1_percent,2011,0.2,0.2,0.1,0.4,0.1
hh_with_children,top_1_percent,2012,0.1,0.2,0.0,0.3,0.1
hh_with_children,top_1_percent,2013,0.1,0.2,0.0,0.0,0.1
hh_with_children,top_1_percent,2014,0.2,0.2,0.1,0.1,0.1
hh_with_children,top_1_percent,2015,0.2,0.2,0.1,0.4,0.1
hh_with_children,top_1_percent,2016,0.2,0.2,0.1,0.2,0.2
elderly_headed_hh,all_quintiles,1979,100.0,100.0,100.0,100.0,100.0
elderly_headed_hh,all_quintiles,1980,100.0,100.0,100.0,100.0,100.0
elderly_headed_hh,all_quintiles,1981,100.0,100.0,100.0,100.0,100.0
elderly_headed_hh,all_quintiles,1982,100.0,100.0,100.0,100.0,100.0
elderly_headed_hh,all_quintiles,1983,100.0,100.0,100.0,100.0,100.0
elderly_headed_hh,all_quintiles,1984,100.0,100.0,100.0,100.0,100.0
elderly_headed_hh,all_quintiles,1985,100.0,100.0,100.0,100.0,100.0
elderly_headed_hh,all_quintiles,1986,100.0,100.0,100.0,100.0,100.0
elderly_headed_hh,all_quintiles,1987,100.0,100.0,100.0,100.0,100.0
elderly_headed_hh,all_quintiles,1988,100.0,100.0,100.0,100.0,100.0
elderly_headed_hh,all_quintiles,1989,100.0,100.0,100.0,100.0,100.0
elderly_headed_hh,all_quintiles,1990,100.0,100.0,100.0,100.0,100.0
elderly_headed_hh,all_quintiles,1991,100.0,100.0,100.0,100.0,100.0
elderly_headed_hh,all_quintiles,1992,100.0,100.0,100.0,100.0,100.0
elderly_headed_hh,all_quintiles,1993,100.0,100.0,100.0,100.0,100.0
elderly_headed_hh,all_quintiles,1994,100.0,100.0,100.0,100.0,100.0
elderly_headed_hh,all_quintiles,1995,100.0,100.0,100.0,100.0,100.0
elderly_headed_hh,all_quintiles,1996,100.0,100.0,100.0,100.0,100.0
elderly_headed_hh,all_quintiles,1997,100.0,100.0,100.0,100.0,100.0
elderly_headed_hh,all_quintiles,1998,100.0,100.0,100.0,100.0,100.0
elderly_headed_hh,all_quintiles,1999,100.0,100.0,100.0,100.0,100.0
elderly_headed_hh,all_quintiles,2000,100.0,100.0,100.0,100.0,100.0
elderly_headed_hh,all_quintiles,2001,100.0,100.0,100.0,100.0,100.0
elderly_headed_hh,all_quintiles,2002,100.0,100.0,100.0,100.0,100.0
elderly_headed_hh,all_quintiles,2003,100.0,100.0,100.0,100.0,100.0
elderly_headed_hh,all_quintiles,2004,100.0,100.0,100.0,100.0,100.0
elderly_headed_hh,all_quintiles,2005,100.0,100.0,100.0,100.0,100.0
elderly_headed_hh,all_quintiles,2006,100.0,100.0,100.0,100.0,100.0
elderly_headed_hh,all_quintiles,2007,100.0,100.0,100.0,100.0,100.0
elderly_headed_hh,all_quintiles,2008,100.0,100.0,100.0,100.0,100.0
elderly_headed_hh,all_quintiles,2009,100.0,100.0,100.0,100.0,100.0
elderly_headed_hh,all_quintiles,2010,100.0,100.0,100.0,100.0,100.0
elderly_headed_hh,all_quintiles,2011,100.0,100.0,100.0,100.0,100.0
elderly_headed_hh,all_quintiles,2012,100.0,100.0,100.0,100.0,100.0
elderly_headed_hh,all_quintiles,2013,100.0,100.0,100.0,100.0,100.0
elderly_headed_hh,all_quintiles,2014,100.0,100.0,100.0,100.0,100.0
elderly_headed_hh,all_quintiles,2015,100.0,100.0,100.0,100.0,100.0
elderly_headed_hh,all_quintiles,2016,100.0,100.0,100.0,100.0,100.0
elderly_headed_hh,lowest_quintile,1979,77.9,73.9,87.1,74.7,83.9
elderly_headed_hh,lowest_quintile,1980,80.3,77.8,85.2,79.3,82.6
elderly_headed_hh,lowest_quintile,1981,77.1,75.1,83.8,74.6,78.9
elderly_headed_hh,lowest_quintile,1982,70.1,69.3,78.0,69.2,69.1
elderly_headed_hh,lowest_quintile,1983,66.0,67.7,71.8,66.7,60.7
elderly_headed_hh,lowest_quintile,1984,72.8,75.3,81.0,71.3,67.7
elderly_headed_hh,lowest_quintile,1985,72.7,75.9,79.7,69.4,68.7
elderly_headed_hh,lowest_quintile,1986,68.0,68.1,79.1,65.3,67.2
elderly_headed_hh,lowest_quintile,1987,65.8,63.7,74.7,64.8,67.8
elderly_headed_hh,lowest_quintile,1988,68.5,70.3,78.7,65.2,66.3
elderly_headed_hh,lowest_quintile,1989,70.5,72.6,80.3,69.2,66.2
elderly_headed_hh,lowest_quintile,1990,69.2,68.7,75.9,67.9,69.3
elderly_headed_hh,lowest_quintile,1991,65.1,64.0,71.5,61.0,68.4
elderly_headed_hh,lowest_quintile,1992,60.2,60.0,64.5,59.2,59.9
elderly_headed_hh,lowest_quintile,1993,54.5,51.7,61.4,57.7,55.5
elderly_headed_hh,lowest_quintile,1994,54.5,49.1,64.4,58.2,60.2
elderly_headed_hh,lowest_quintile,1995,54.1,48.8,63.9,58.9,59.0
elderly_headed_hh,lowest_quintile,1996,51.1,44.9,63.8,58.4,55.8
elderly_headed_hh,lowest_quintile,1997,52.7,44.9,64.6,56.6,66.1
elderly_headed_hh,lowest_quintile,1998,52.9,45.0,72.8,60.0,67.0
elderly_headed_hh,lowest_quintile,1999,55.4,49.6,69.7,57.6,70.0
elderly_headed_hh,lowest_quintile,2000,53.0,47.7,65.1,57.3,64.4
elderly_headed_hh,lowest_quintile,2001,53.5,47.8,69.2,59.9,64.9
elderly_headed_hh,lowest_quintile,2002,48.8,44.2,60.7,54.9,58.1
elderly_headed_hh,lowest_quintile,2003,47.3,41.5,60.7,54.8,60.6
elderly_headed_hh,lowest_quintile,2004,45.1,38.9,60.4,53.7,60.8
elderly_headed_hh,lowest_quintile,2005,46.2,39.4,58.3,54.9,62.7
elderly_headed_hh,lowest_quintile,2006,40.0,33.8,58.2,46.4,46.9
elderly_headed_hh,lowest_quintile,2007,39.8,32.3,55.6,44.2,49.4
elderly_headed_hh,lowest_quintile,2008,40.8,35.4,55.1,44.9,47.7
elderly_headed_hh,lowest_quintile,2009,32.8,28.3,43.1,39.8,37.1
elderly_headed_hh,lowest_quintile,2010,31.1,27.7,37.0,38.1,33.7
elderly_headed_hh,lowest_quintile,2011,35.1,30.8,42.3,41.0,38.9
elderly_headed_hh,lowest_quintile,2012,33.8,29.7,44.9,38.5,36.2
elderly_headed_hh,lowest_quintile,2013,34.9,31.3,43.1,42.3,35.5
elderly_headed_hh,lowest_quintile,2014,36.9,33.8,43.4,43.9,38.5
elderly_headed_hh,lowest_quintile,2015,37.9,33.4,45.4,46.0,41.8
elderly_headed_hh,lowest_quintile,2016,41.0,36.4,50.4,47.9,44.9
elderly_headed_hh,second_quintile,1979,12.7,13.9,9.2,13.3,11.7
elderly_headed_hh,second_quintile,1980,11.5,11.6,11.0,9.1,13.9
elderly_headed_hh,second_quintile,1981,14.7,14.4,12.8,13.9,16.9
elderly_headed_hh,second_quintile,1982,20.5,19.2,17.4,20.3,24.0
elderly_headed_hh,second_quintile,1983,24.4,22.2,22.7,19.8,31.8
elderly_headed_hh,second_quintile,1984,18.7,15.2,14.9,18.1,25.5
elderly_headed_hh,second_quintile,1985,17.9,14.4,16.8,14.9,24.9
elderly_headed_hh,second_quintile,1986,21.5,19.6,16.1,19.0,27.1
elderly_headed_hh,second_quintile,1987,24.4,24.2,18.5,23.3,26.7
elderly_headed_hh,second_quintile,1988,20.9,19.7,16.2,20.6,23.8
elderly_headed_hh,second_quintile,1989,20.3,17.5,16.0,17.7,26.8
elderly_headed_hh,second_quintile,1990,21.9,22.2,20.8,21.8,21.7
elderly_headed_hh,second_quintile,1991,23.8,23.5,23.9,24.5,23.9
elderly_headed_hh,second_quintile,1992,28.4,27.2,29.1,25.9,32.7
elderly_headed_hh,second_quintile,1993,31.9,30.7,31.8,27.5,37.7
elderly_headed_hh,second_quintile,1994,30.4,30.7,30.6,27.8,31.8
elderly_headed_hh,second_quintile,1995,29.2,29.1,28.8,25.3,32.7
elderly_headed_hh,second_quintile,1996,28.4,27.6,28.1,23.2,35.0
elderly_headed_hh,second_quintile,1997,26.5,27.2,26.8,24.5,26.2
elderly_headed_hh,second_quintile,1998,25.2,26.9,18.0,20.9,25.4
elderly_headed_hh,second_quintile,1999,25.9,27.3,20.9,24.5,23.6
elderly_headed_hh,second_quintile,2000,25.2,25.7,23.7,23.1,25.9
elderly_headed_hh,second_quintile,2001,26.0,26.7,21.0,23.5,26.5
elderly_headed_hh,second_quintile,2002,28.2,28.0,26.2,25.1,31.8
elderly_headed_hh,second_quintile,2003,29.1,28.9,31.5,26.7,31.5
elderly_headed_hh,second_quintile,2004,30.8,31.9,30.9,24.8,31.2
elderly_headed_hh,second_quintile,2005,27.8,27.9,30.7,22.6,29.9
elderly_headed_hh,second_quintile,2006,31.2,30.0,28.9,26.2,36.1
elderly_headed_hh,second_quintile,2007,26.6,25.6,25.4,24.2,29.6
elderly_headed_hh,second_quintile,2008,32.0,31.7,31.7,26.4,35.3
elderly_headed_hh,second_quintile,2009,36.8,34.5,38.8,33.3,42.9
elderly_headed_hh,second_quintile,2010,36.2,31.7,41.7,32.9,45.1
elderly_headed_hh,second_quintile,2011,36.1,33.9,42.6,29.1,40.7
elderly_headed_hh,second_quintile,2012,37.8,35.8,39.0,32.1,44.6
elderly_headed_hh,second_quintile,2013,35.6,32.8,39.4,30.9,41.7
elderly_headed_hh,second_quintile,2014,35.5,34.1,38.5,27.9,40.4
elderly_headed_hh,second_quintile,2015,33.2,31.2,37.9,29.0,37.3
elderly_headed_hh,second_quintile,2016,30.9,29.2,34.6,26.6,34.2
elderly_headed_hh,middle_quintile,1979,4.7,5.8,2.4,5.4,3.0
elderly_headed_hh,middle_quintile,1980,3.4,4.1,2.2,4.5,1.8
elderly_headed_hh,middle_quintile,1981,4.0,4.8,2.2,5.0,2.9
elderly_headed_hh,middle_quintile,1982,4.8,5.3,3.2,4.5,4.7
elderly_headed_hh,middle_quintile,1983,5.5,5.4,4.4,7.0,5.0
elderly_headed_hh,middle_quintile,1984,4.7,4.6,2.1,5.8,4.9
elderly_headed_hh,middle_quintile,1985,5.5,5.7,2.4,7.9,4.3
elderly_headed_hh,middle_quintile,1986,6.6,7.3,3.4,8.9,4.7
elderly_headed_hh,middle_quintile,1987,6.0,7.5,4.1,7.4,3.2
elderly_headed_hh,middle_quintile,1988,5.8,6.2,3.5,8.5,3.9
elderly_headed_hh,middle_quintile,1989,4.9,5.7,2.4,5.3,4.1
elderly_headed_hh,middle_quintile,1990,5.2,5.4,2.5,5.8,5.1
elderly_headed_hh,middle_quintile,1991,7.5,8.3,4.0,9.4,5.8
elderly_headed_hh,middle_quintile,1992,6.4,6.8,4.0,7.4,5.5
elderly_headed_hh,middle_quintile,1993,7.6,9.1,5.1,7.8,5.1
elderly_headed_hh,middle_quintile,1994,8.4,10.4,3.4,7.6,6.2
elderly_headed_hh,middle_quintile,1995,9.0,11.0,4.7,8.4,6.2
elderly_headed_hh,middle_quintile,1996,11.1,13.8,5.7,11.1,6.0
elderly_headed_hh,middle_quintile,1997,10.5,13.3,5.4,9.7,5.2
elderly_headed_hh,middle_quintile,1998,10.3,13.0,5.2,8.8,4.5
elderly_headed_hh,middle_quintile,1999,8.9,10.7,5.3,8.4,4.2
elderly_headed_hh,middle_quintile,2000,10.9,12.5,8.2,9.9,6.9
elderly_headed_hh,middle_quintile,2001,10.9,12.8,7.5,9.2,6.2
elderly_headed_hh,middle_quintile,2002,11.8,13.4,9.6,9.4,8.2
elderly_headed_hh,middle_quintile,2003,12.6,14.9,5.5,11.0,6.5
elderly_headed_hh,middle_quintile,2004,13.0,15.6,5.2,11.2,5.6
elderly_headed_hh,middle_quintile,2005,13.6,16.5,7.7,11.6,5.1
elderly_headed_hh,middle_quintile,2006,14.4,17.2,9.2,14.0,9.7
elderly_headed_hh,middle_quintile,2007,15.1,18.0,11.3,13.8,11.0
elderly_headed_hh,middle_quintile,2008,14.9,17.4,9.7,15.0,10.2
elderly_headed_hh,middle_quintile,2009,16.1,19.1,11.5,15.1,11.0
elderly_headed_hh,middle_quintile,2010,17.4,20.0,14.8,15.8,13.2
elderly_headed_hh,middle_quintile,2011,15.9,18.9,9.4,14.6,13.0
elderly_headed_hh,middle_quintile,2012,16.3,18.7,12.6,17.1,12.3
elderly_headed_hh,middle_quintile,2013,15.9,17.9,12.3,14.8,13.9
elderly_headed_hh,middle_quintile,2014,14.3,15.7,11.1,14.9,12.2
elderly_headed_hh,middle_quintile,2015,15.4,18.2,9.9,12.9,12.2
elderly_headed_hh,middle_quintile,2016,15.2,17.4,10.2,14.9,12.4
elderly_headed_hh,fourth_quintile,1979,2.3,2.5,0.3,3.9,1.0
elderly_headed_hh,fourth_quintile,1980,3.1,4.2,1.0,4.5,1.0
elderly_headed_hh,fourth_quintile,1981,2.5,3.1,0.9,4.6,0.6
elderly_headed_hh,fourth_quintile,1982,2.6,3.6,0.6,2.8,1.5
elderly_headed_hh,fourth_quintile,1983,2.6,2.9,0.6,3.8,1.7
elderly_headed_hh,fourth_quintile,1984,2.3,3.0,1.4,3.0,1.1
elderly_headed_hh,fourth_quintile,1985,2.3,2.3,0.2,5.0,1.1
elderly_headed_hh,fourth_quintile,1986,2.5,3.4,1.1,4.0,0.4
elderly_headed_hh,fourth_quintile,1987,2.4,2.8,1.7,2.7,1.5
elderly_headed_hh,fourth_quintile,1988,2.9,2.7,1.1,3.9,2.9
elderly_headed_hh,fourth_quintile,1989,2.9,3.1,0.8,5.9,1.3
elderly_headed_hh,fourth_quintile,1990,2.0,2.2,0.4,2.7,1.6
elderly_headed_hh,fourth_quintile,1991,2.0,2.5,0.4,3.0,0.7
elderly_headed_hh,fourth_quintile,1992,3.2,3.8,1.9,4.4,1.2
elderly_headed_hh,fourth_quintile,1993,3.8,5.4,1.2,4.6,1.1
elderly_headed_hh,fourth_quintile,1994,4.0,5.8,1.3,4.1,0.9
elderly_headed_hh,fourth_quintile,1995,4.6,6.5,1.3,4.5,1.3
elderly_headed_hh,fourth_quintile,1996,4.9,7.2,1.3,3.4,1.7
elderly_headed_hh,fourth_quintile,1997,6.6,9.1,2.4,5.5,1.9
elderly_headed_hh,fourth_quintile,1998,6.3,8.3,2.6,6.1,1.3
elderly_headed_hh,fourth_quintile,1999,5.4,7.0,2.3,4.8,0.9
elderly_headed_hh,fourth_quintile,2000,5.9,7.5,1.8,5.4,1.8
elderly_headed_hh,fourth_quintile,2001,6.0,7.8,1.6,4.4,2.1
elderly_headed_hh,fourth_quintile,2002,7.1,9.2,2.2,6.2,1.1
elderly_headed_hh,fourth_quintile,2003,6.5,8.8,0.8,4.2,1.2
elderly_headed_hh,fourth_quintile,2004,6.8,8.3,2.2,6.5,1.6
elderly_headed_hh,fourth_quintile,2005,7.9,10.2,2.3,6.4,1.5
elderly_headed_hh,fourth_quintile,2006,8.2,10.7,2.5,7.5,4.3
elderly_headed_hh,fourth_quintile,2007,11.0,14.3,5.8,11.0,5.8
elderly_headed_hh,fourth_quintile,2008,7.3,8.9,2.3,9.2,4.0
elderly_headed_hh,fourth_quintile,2009,8.8,11.0,4.3,6.6,5.8
elderly_headed_hh,fourth_quintile,2010,9.2,12.3,3.7,7.9,4.8
elderly_headed_hh,fourth_quintile,2011,8.9,11.1,4.0,11.3,5.2
elderly_headed_hh,fourth_quintile,2012,7.3,9.8,2.2,6.9,4.2
elderly_headed_hh,fourth_quintile,2013,8.4,10.9,3.5,7.4,5.7
elderly_headed_hh,fourth_quintile,2014,7.9,9.6,3.9,8.4,5.5
elderly_headed_hh,fourth_quintile,2015,8.3,10.2,4.4,8.4,5.4
elderly_headed_hh,fourth_quintile,2016,7.5,9.5,3.0,6.9,5.0
elderly_headed_hh,highest_quintile,1979,2.2,3.8,0.9,2.0,0.4
elderly_headed_hh,highest_quintile,1980,1.5,2.1,0.1,2.4,0.5
elderly_headed_hh,highest_quintile,1981,1.6,2.5,0.3,1.9,0.7
elderly_headed_hh,highest_quintile,1982,1.9,2.5,0.6,2.8,0.6
elderly_headed_hh,highest_quintile,1983,1.5,1.7,0.3,2.8,0.8
elderly_headed_hh,highest_quintile,1984,1.5,1.9,0.5,1.8,0.9
elderly_headed_hh,highest_quintile,1985,1.5,1.5,0.7,2.7,0.9
elderly_headed_hh,highest_quintile,1986,1.5,1.7,0.2,2.8,0.6
elderly_headed_hh,highest_quintile,1987,1.4,1.8,0.9,1.6,0.8
elderly_headed_hh,highest_quintile,1988,1.8,1.2,0.2,1.8,3.1
elderly_headed_hh,highest_quintile,1989,1.3,1.1,0.5,1.9,1.5
elderly_headed_hh,highest_quintile,1990,1.7,1.5,0.3,1.7,2.4
elderly_headed_hh,highest_quintile,1991,1.5,1.7,0.3,1.9,1.1
elderly_headed_hh,highest_quintile,1992,1.7,2.2,0.4,2.5,0.6
elderly_headed_hh,highest_quintile,1993,2.0,3.0,0.3,2.2,0.5
elderly_headed_hh,highest_quintile,1994,2.6,4.0,0.3,2.2,0.8
elderly_headed_hh,highest_quintile,1995,3.0,4.4,1.2,2.8,0.8
elderly_headed_hh,highest_quintile,1996,4.1,6.1,0.9,3.3,0.9
elderly_headed_hh,highest_quintile,1997,3.6,5.2,0.5,3.3,0.5
elderly_headed_hh,highest_quintile,1998,5.0,6.7,1.2,4.0,1.7
elderly_headed_hh,highest_quintile,1999,4.2,5.2,1.5,4.5,1.2
elderly_headed_hh,highest_quintile,2000,4.6,6.1,1.0,3.8,0.7
elderly_headed_hh,highest_quintile,2001,3.4,4.6,0.5,2.8,0.3
elderly_headed_hh,highest_quintile,2002,3.7,4.7,0.8,3.5,0.6
elderly_headed_hh,highest_quintile,2003,4.0,5.5,0.7,2.7,0.2
elderly_headed_hh,highest_quintile,2004,4.1,5.2,1.1,3.6,0.7
elderly_headed_hh,highest_quintile,2005,4.3,5.5,0.5,4.1,0.5
elderly_headed_hh,highest_quintile,2006,5.8,7.7,0.7,5.3,2.8
elderly_headed_hh,highest_quintile,2007,7.1,9.4,1.7,6.4,4.0
elderly_headed_hh,highest_quintile,2008,4.6,6.2,0.6,4.1,2.3
elderly_headed_hh,highest_quintile,2009,5.1,6.7,1.8,4.5,2.6
elderly_headed_hh,highest_quintile,2010,5.6,7.7,2.2,4.5,2.7
elderly_headed_hh,highest_quintile,2011,3.6,5.0,1.1,3.7,1.8
elderly_headed_hh,highest_quintile,2012,4.3,5.7,0.8,4.8,2.3
elderly_headed_hh,highest_quintile,2013,4.4,6.2,1.0,3.8,2.3
elderly_headed_hh,highest_quintile,2014,4.9,6.3,2.5,4.3,2.9
elderly_headed_hh,highest_quintile,2015,4.8,6.4,2.0,3.2,3.0
elderly_headed_hh,highest_quintile,2016,5.1,7.0,1.2,3.4,3.0
elderly_headed_hh,percentiles_81_90,1979,1.1,1.7,0.6,1.3,0.2
elderly_headed_hh,percentiles_81_90,1980,0.9,1.3,0.1,1.4,0.4
elderly_headed_hh,percentiles_81_90,1981,0.6,1.0,0.1,0.3,0.5
elderly_headed_hh,percentiles_81_90,1982,1.1,1.3,0.6,1.8,0.5
elderly_headed_hh,percentiles_81_90,1983,0.8,1.1,0.1,1.0,0.5
elderly_headed_hh,percentiles_81_90,1984,0.8,1.1,0.2,1.0,0.5
elderly_headed_hh,percentiles_81_90,1985,0.9,0.9,0.3,1.8,0.4
elderly_headed_hh,percentiles_81_90,1986,0.8,0.8,0.1,1.6,0.2
elderly_headed_hh,percentiles_81_90,1987,0.9,1.1,0.5,1.0,0.6
elderly_headed_hh,percentiles_81_90,1988,1.2,0.7,0.1,0.6,2.5
elderly_headed_hh,percentiles_81_90,1989,0.5,0.6,0.3,0.9,0.3
elderly_headed_hh,percentiles_81_90,1990,0.5,0.6,0.1,0.5,0.5
elderly_headed_hh,percentiles_81_90,1991,1.0,1.2,0.1,1.0,0.6
elderly_headed_hh,percentiles_81_90,1992,0.8,0.9,0.3,1.0,0.4
elderly_headed_hh,percentiles_81_90,1993,1.6,2.5,0.1,1.6,0.3
elderly_headed_hh,percentiles_81_90,1994,1.1,1.4,0.2,1.3,0.6
elderly_headed_hh,percentiles_81_90,1995,1.6,2.4,0.5,1.5,0.3
elderly_headed_hh,percentiles_81_90,1996,1.8,2.7,0.6,1.5,0.4
elderly_headed_hh,percentiles_81_90,1997,2.1,2.9,0.3,2.3,0.2
elderly_headed_hh,percentiles_81_90,1998,2.5,3.5,0.3,2.0,0.5
elderly_headed_hh,percentiles_81_90,1999,2.3,2.8,1.0,2.9,0.2
elderly_headed_hh,percentiles_81_90,2000,2.3,2.9,0.7,2.3,0.3
elderly_headed_hh,percentiles_81_90,2001,1.6,2.2,0.4,1.3,0.1
elderly_headed_hh,percentiles_81_90,2002,2.3,2.9,0.3,2.1,0.4
elderly_headed_hh,percentiles_81_90,2003,2.3,3.1,0.4,1.6,0.1
elderly_headed_hh,percentiles_81_90,2004,2.3,2.8,0.4,2.2,0.4
elderly_headed_hh,percentiles_81_90,2005,2.1,2.7,0.2,2.1,0.2
elderly_headed_hh,percentiles_81_90,2006,2.7,3.6,0.4,2.6,1.3
elderly_headed_hh,percentiles_81_90,2007,3.6,4.7,1.2,3.9,1.8
elderly_headed_hh,percentiles_81_90,2008,2.2,2.8,0.3,2.4,1.2
elderly_headed_hh,percentiles_81_90,2009,3.1,4.1,1.4,2.7,1.7
elderly_headed_hh,percentiles_81_90,2010,3.5,4.8,1.6,2.3,1.8
elderly_headed_hh,percentiles_81_90,2011,2.0,2.7,0.7,2.3,1.0
elderly_headed_hh,percentiles_81_90,2012,2.7,3.7,0.6,2.6,1.3
elderly_headed_hh,percentiles_81_90,2013,2.2,3.1,0.5,1.8,1.3
elderly_headed_hh,percentiles_81_90,2014,2.8,3.6,1.4,2.4,1.7
elderly_headed_hh,percentiles_81_90,2015,2.6,3.3,1.6,2.4,1.7
elderly_headed_hh,percentiles_81_90,2016,3.2,4.3,0.8,2.3,1.9
elderly_headed_hh,percentiles_91_95,1979,0.4,0.7,0.1,0.4,0.0
elderly_headed_hh,percentiles_91_95,1980,0.3,0.4,0.0,0.5,0.1
elderly_headed_hh,percentiles_91_95,1981,0.4,0.6,0.1,0.5,0.1
elderly_headed_hh,percentiles_91_95,1982,0.5,0.8,0.0,0.5,0.1
elderly_headed_hh,percentiles_91_95,1983,0.3,0.5,0.1,0.3,0.1
elderly_headed_hh,percentiles_91_95,1984,0.3,0.3,0.0,0.3,0.2
elderly_headed_hh,percentiles_91_95,1985,0.2,0.2,0.2,0.4,0.2
elderly_headed_hh,percentiles_91_95,1986,0.4,0.3,0.1,0.8,0.2
elderly_headed_hh,percentiles_91_95,1987,0.2,0.3,0.2,0.1,0.0
elderly_headed_hh,percentiles_91_95,1988,0.2,0.2,0.0,0.3,0.2
elderly_headed_hh,percentiles_91_95,1989,0.3,0.2,0.0,0.7,0.1
elderly_headed_hh,percentiles_91_95,1990,0.4,0.4,0.0,0.8,0.2
elderly_headed_hh,percentiles_91_95,1991,0.1,0.1,0.2,0.3,0.1
elderly_headed_hh,percentiles_91_95,1992,0.4,0.5,0.1,0.7,0.1
elderly_headed_hh,percentiles_91_95,1993,0.3,0.4,0.1,0.5,0.2
elderly_headed_hh,percentiles_91_95,1994,0.5,0.8,0.0,0.5,0.1
elderly_headed_hh,percentiles_91_95,1995,0.7,1.0,0.2,0.4,0.4
elderly_headed_hh,percentiles_91_95,1996,1.2,1.7,0.2,1.3,0.3
elderly_headed_hh,percentiles_91_95,1997,0.7,1.1,0.1,0.2,0.2
elderly_headed_hh,percentiles_91_95,1998,1.4,1.9,0.4,1.5,0.2
elderly_headed_hh,percentiles_91_95,1999,1.0,1.2,0.2,0.8,0.5
elderly_headed_hh,percentiles_91_95,2000,0.8,1.2,0.1,0.4,0.2
elderly_headed_hh,percentiles_91_95,2001,0.9,1.2,0.0,0.7,0.1
elderly_headed_hh,percentiles_91_95,2002,0.4,0.6,0.0,0.3,0.1
elderly_headed_hh,percentiles_91_95,2003,0.8,1.1,0.2,0.5,0.0
elderly_headed_hh,percentiles_91_95,2004,0.8,1.0,0.3,0.6,0.1
elderly_headed_hh,percentiles_91_95,2005,1.1,1.5,0.1,0.8,0.2
elderly_headed_hh,percentiles_91_95,2006,1.6,2.2,0.1,0.9,0.8
elderly_headed_hh,percentiles_91_95,2007,1.7,2.4,0.3,1.1,0.9
elderly_headed_hh,percentiles_91_95,2008,1.1,1.5,0.2,0.9,0.5
elderly_headed_hh,percentiles_91_95,2009,1.0,1.3,0.3,0.9,0.5
elderly_headed_hh,percentiles_91_95,2010,1.0,1.3,0.4,1.3,0.5
elderly_headed_hh,percentiles_91_95,2011,0.8,1.0,0.2,0.9,0.4
elderly_headed_hh,percentiles_91_95,2012,1.0,1.3,0.2,1.4,0.5
elderly_headed_hh,percentiles_91_95,2013,1.1,1.7,0.1,1.1,0.5
elderly_headed_hh,percentiles_91_95,2014,1.3,1.7,0.8,1.4,0.7
elderly_headed_hh,percentiles_91_95,2015,1.1,1.6,0.2,0.5,0.7
elderly_headed_hh,percentiles_91_95,2016,1.1,1.5,0.2,0.8,0.7
elderly_headed_hh,percentiles_96_99,1979,0.6,1.2,0.2,0.2,0.1
elderly_headed_hh,percentiles_96_99,1980,0.2,0.4,0.0,0.4,0.0
elderly_headed_hh,percentiles_96_99,1981,0.6,0.8,0.0,1.1,0.1
elderly_headed_hh,percentiles_96_99,1982,0.2,0.2,0.0,0.3,0.0
elderly_headed_hh,percentiles_96_99,1983,0.4,0.1,0.1,1.4,0.1
elderly_headed_hh,percentiles_96_99,1984,0.3,0.3,0.3,0.5,0.1
elderly_headed_hh,percentiles_96_99,1985,0.3,0.4,0.1,0.4,0.3
elderly_headed_hh,percentiles_96_99,1986,0.3,0.4,0.1,0.3,0.2
elderly_headed_hh,percentiles_96_99,1987,0.2,0.3,0.1,0.4,0.1
elderly_headed_hh,percentiles_96_99,1988,0.3,0.2,0.0,0.8,0.1
elderly_headed_hh,percentiles_96_99,1989,0.4,0.2,0.1,0.2,1.1
elderly_headed_hh,percentiles_96_99,1990,0.7,0.4,0.1,0.3,1.5
elderly_headed_hh,percentiles_96_99,1991,0.3,0.2,0.0,0.5,0.3
elderly_headed_hh,percentiles_96_99,1992,0.4,0.6,0.0,0.4,0.1
elderly_headed_hh,percentiles_96_99,1993,0.1,0.1,0.1,0.1,0.1
elderly_headed_hh,percentiles_96_99,1994,0.8,1.5,0.1,0.3,0.0
elderly_headed_hh,percentiles_96_99,1995,0.6,0.9,0.3,0.6,0.0
elderly_headed_hh,percentiles_96_99,1996,0.8,1.1,0.1,0.4,0.3
elderly_headed_hh,percentiles_96_99,1997,0.7,1.0,0.1,0.7,0.1
elderly_headed_hh,percentiles_96_99,1998,0.7,1.0,0.4,0.4,0.4
elderly_headed_hh,percentiles_96_99,1999,0.9,1.1,0.3,0.7,0.4
elderly_headed_hh,percentiles_96_99,2000,1.1,1.5,0.1,0.7,0.2
elderly_headed_hh,percentiles_96_99,2001,0.8,1.0,0.0,0.6,0.1
elderly_headed_hh,percentiles_96_99,2002,0.8,0.9,0.4,0.9,0.2
elderly_headed_hh,percentiles_96_99,2003,0.8,1.1,0.1,0.5,0.1
elderly_headed_hh,percentiles_96_99,2004,0.8,1.0,0.3,0.6,0.1
elderly_headed_hh,percentiles_96_99,2005,0.8,1.1,0.2,0.9,0.1
elderly_headed_hh,percentiles_96_99,2006,1.1,1.4,0.2,1.1,0.5
elderly_headed_hh,percentiles_96_99,2007,1.6,2.1,0.1,1.2,1.1
elderly_headed_hh,percentiles_96_99,2008,1.1,1.5,0.1,0.5,0.5
elderly_headed_hh,percentiles_96_99,2009,0.8,1.1,0.2,0.6,0.4
elderly_headed_hh,percentiles_96_99,2010,0.8,1.1,0.1,0.6,0.3
elderly_headed_hh,percentiles_96_99,2011,0.5,0.8,0.1,0.2,0.3
elderly_headed_hh,percentiles_96_99,2012,0.5,0.6,0.1,0.6,0.4
elderly_headed_hh,percentiles_96_99,2013,0.8,1.0,0.3,0.8,0.4
elderly_headed_hh,percentiles_96_99,2014,0.6,0.7,0.2,0.4,0.4
elderly_headed_hh,percentiles_96_99,2015,0.8,1.1,0.2,0.3,0.5
elderly_headed_hh,percentiles_96_99,2016,0.6,0.9,0.1,0.3,0.3
elderly_headed_hh,top_1_percent,1979,0.2,0.3,0.0,0.2,0.0
elderly_headed_hh,top_1_percent,1980,0.0,0.0,0.0,0.1,0.0
elderly_headed_hh,top_1_percent,1981,0.1,0.1,0.0,0.2,0.1
elderly_headed_hh,top_1_percent,1982,0.1,0.2,0.0,0.2,0.0
elderly_headed_hh,top_1_percent,1983,0.0,0.0,0.0,0.0,0.1
elderly_headed_hh,top_1_percent,1984,0.1,0.1,0.0,0.1,0.1
elderly_headed_hh,top_1_percent,1985,0.0,0.0,0.0,0.1,0.1
elderly_headed_hh,top_1_percent,1986,0.1,0.1,0.0,0.1,0.0
elderly_headed_hh,top_1_percent,1987,0.0,0.0,0.0,0.1,0.1
elderly_headed_hh,top_1_percent,1988,0.1,0.0,0.0,0.1,0.3
elderly_headed_hh,top_1_percent,1989,0.1,0.1,0.0,0.2,0.0
elderly_headed_hh,top_1_percent,1990,0.1,0.0,0.0,0.1,0.2
elderly_headed_hh,top_1_percent,1991,0.1,0.1,0.0,0.1,0.0
elderly_headed_hh,top_1_percent,1992,0.2,0.2,0.0,0.4,0.0
elderly_headed_hh,top_1_percent,1993,0.0,0.0,0.0,0.0,0.0
elderly_headed_hh,top_1_percent,1994,0.1,0.3,0.0,0.1,0.0
elderly_headed_hh,top_1_percent,1995,0.1,0.1,0.1,0.4,0.0
elderly_headed_hh,top_1_percent,1996,0.3,0.5,0.0,0.1,0.0
elderly_headed_hh,top_1_percent,1997,0.1,0.2,0.0,0.0,0.0
elderly_headed_hh,top_1_percent,1998,0.3,0.3,0.2,0.2,0.5
elderly_headed_hh,top_1_percent,1999,0.1,0.1,0.0,0.1,0.0
elderly_headed_hh,top_1_percent,2000,0.4,0.5,0.0,0.3,0.0
elderly_headed_hh,top_1_percent,2001,0.2,0.2,0.0,0.3,0.0
elderly_headed_hh,top_1_percent,2002,0.2,0.2,0.1,0.1,0.0
elderly_headed_hh,top_1_percent,2003,0.1,0.2,0.0,0.0,0.0
elderly_headed_hh,top_1_percent,2004,0.3,0.3,0.1,0.2,0.1
elderly_headed_hh,top_1_percent,2005,0.2,0.3,0.1,0.4,0.0
elderly_headed_hh,top_1_percent,2006,0.4,0.5,0.1,0.6,0.2
elderly_headed_hh,top_1_percent,2007,0.2,0.3,0.0,0.1,0.1
elderly_headed_hh,top_1_percent,2008,0.3,0.4,0.1,0.2,0.1
elderly_headed_hh,top_1_percent,2009,0.2,0.2,0.0,0.3,0.1
elderly_headed_hh,top_1_percent,2010,0.3,0.5,0.1,0.4,0.1
elderly_headed_hh,top_1_percent,2011,0.3,0.4,0.1,0.3,0.2
elderly_headed_hh,top_1_percent,2012,0.1,0.2,0.0,0.2,0.1
elderly_headed_hh,top_1_percent,2013,0.2,0.3,0.1,0.2,0.2
elderly_headed_hh,top_1_percent,2014,0.3,0.4,0.1,0.1,0.1
elderly_headed_hh,top_1_percent,2015,0.3,0.4,0.0,0.0,0.1
elderly_headed_hh,top_1_percent,2016,0.2,0.3,0.1,0.0,0.1
nonelderly_childless_hh,all_quintiles,1979,100.0,100.0,100.0,100.0,100.0
nonelderly_childless_hh,all_quintiles,1980,100.0,100.0,100.0,100.0,100.0
nonelderly_childless_hh,all_quintiles,1981,100.0,100.0,100.0,100.0,100.0
nonelderly_childless_hh,all_quintiles,1982,100.0,100.0,100.0,100.0,100.0
nonelderly_childless_hh,all_quintiles,1983,100.0,100.0,100.0,100.0,100.0
nonelderly_childless_hh,all_quintiles,1984,100.0,100.0,100.0,100.0,100.0
nonelderly_childless_hh,all_quintiles,1985,100.0,100.0,100.0,100.0,100.0
nonelderly_childless_hh,all_quintiles,1986,100.0,100.0,100.0,100.0,100.0
nonelderly_childless_hh,all_quintiles,1987,100.0,100.0,100.0,100.0,100.0
nonelderly_childless_hh,all_quintiles,1988,100.0,100.0,100.0,100.0,100.0
nonelderly_childless_hh,all_quintiles,1989,100.0,100.0,100.0,100.0,100.0
nonelderly_childless_hh,all_quintiles,1990,100.0,100.0,100.0,100.0,100.0
nonelderly_childless_hh,all_quintiles,1991,100.0,100.0,100.0,100.0,100.0
nonelderly_childless_hh,all_quintiles,1992,100.0,100.0,100.0,100.0,100.0
nonelderly_childless_hh,all_quintiles,1993,100.0,100.0,100.0,100.0,100.0
nonelderly_childless_hh,all_quintiles,1994,100.0,100.0,100.0,100.0,100.0
nonelderly_childless_hh,all_quintiles,1995,100.0,100.0,100.0,100.0,100.0
nonelderly_childless_hh,all_quintiles,1996,100.0,100.0,100.0,100.0,100.0
nonelderly_childless_hh,all_quintiles,1997,100.0,100.0,100.0,100.0,100.0
nonelderly_childless_hh,all_quintiles,1998,100.0,100.0,100.0,100.0,100.0
nonelderly_childless_hh,all_quintiles,1999,100.0,100.0,100.0,100.0,100.0
nonelderly_childless_hh,all_quintiles,2000,100.0,100.0,100.0,100.0,100.0
nonelderly_childless_hh,all_quintiles,2001,100.0,100.0,100.0,100.0,100.0
nonelderly_childless_hh,all_quintiles,2002,100.0,100.0,100.0,100.0,100.0
nonelderly_childless_hh,all_quintiles,2003,100.0,100.0,100.0,100.0,100.0
nonelderly_childless_hh,all_quintiles,2004,100.0,100.0,100.0,100.0,100.0
nonelderly_childless_hh,all_quintiles,2005,100.0,100.0,100.0,100.0,100.0
nonelderly_childless_hh,all_quintiles,2006,100.0,100.0,100.0,100.0,100.0
nonelderly_childless_hh,all_quintiles,2007,100.0,100.0,100.0,100.0,100.0
nonelderly_childless_hh,all_quintiles,2008,100.0,100.0,100.0,100.0,100.0
nonelderly_childless_hh,all_quintiles,2009,100.0,100.0,100.0,100.0,100.0
nonelderly_childless_hh,all_quintiles,2010,100.0,100.0,100.0,100.0,100.0
nonelderly_childless_hh,all_quintiles,2011,100.0,100.0,100.0,100.0,100.0
nonelderly_childless_hh,all_quintiles,2012,100.0,100.0,100.0,100.0,100.0
nonelderly_childless_hh,all_quintiles,2013,100.0,100.0,100.0,100.0,100.0
nonelderly_childless_hh,all_quintiles,2014,100.0,100.0,100.0,100.0,100.0
nonelderly_childless_hh,all_quintiles,2015,100.0,100.0,100.0,100.0,100.0
nonelderly_childless_hh,all_quintiles,2016,100.0,100.0,100.0,100.0,100.0
nonelderly_childless_hh,lowest_quintile,1979,69.4,65.1,71.7,69.5,75.3
nonelderly_childless_hh,lowest_quintile,1980,71.8,68.0,75.7,71.5,76.5
nonelderly_childless_hh,lowest_quintile,1981,70.2,65.8,74.0,69.5,76.5
nonelderly_childless_hh,lowest_quintile,1982,72.9,66.9,83.6,69.9,81.4
nonelderly_childless_hh,lowest_quintile,1983,74.2,70.2,80.9,70.5,81.8
nonelderly_childless_hh,lowest_quintile,1984,72.8,69.6,78.1,68.5,81.3
nonelderly_childless_hh,lowest_quintile,1985,73.6,67.9,84.4,68.2,85.6
nonelderly_childless_hh,lowest_quintile,1986,70.5,66.2,83.3,65.7,80.7
nonelderly_childless_hh,lowest_quintile,1987,66.2,63.1,77.6,63.9,71.3
nonelderly_childless_hh,lowest_quintile,1988,67.4,62.1,78.4,68.9,70.3
nonelderly_childless_hh,lowest_quintile,1989,63.7,59.5,76.2,60.4,73.2
nonelderly_childless_hh,lowest_quintile,1990,61.1,56.1,73.4,57.5,71.4
nonelderly_childless_hh,lowest_quintile,1991,61.8,57.3,69.9,61.1,70.3
nonelderly_childless_hh,lowest_quintile,1992,59.4,54.3,63.9,59.4,70.7
nonelderly_childless_hh,lowest_quintile,1993,60.0,56.0,65.8,60.2,67.1
nonelderly_childless_hh,lowest_quintile,1994,60.4,55.2,68.8,63.2,68.0
nonelderly_childless_hh,lowest_quintile,1995,60.9,55.5,72.1,61.4,71.5
nonelderly_childless_hh,lowest_quintile,1996,64.4,58.6,76.9,65.2,77.1
nonelderly_childless_hh,lowest_quintile,1997,64.4,57.2,76.4,68.2,80.7
nonelderly_childless_hh,lowest_quintile,1998,64.4,57.6,79.2,68.2,82.4
nonelderly_childless_hh,lowest_quintile,1999,61.5,55.8,75.3,65.2,81.3
nonelderly_childless_hh,lowest_quintile,2000,62.5,56.7,78.1,66.6,81.7
nonelderly_childless_hh,lowest_quintile,2001,61.7,56.3,79.7,65.9,78.7
nonelderly_childless_hh,lowest_quintile,2002,60.5,55.0,73.6,64.7,81.3
nonelderly_childless_hh,lowest_quintile,2003,59.3,54.4,76.0,62.3,77.8
nonelderly_childless_hh,lowest_quintile,2004,58.8,54.6,74.7,60.1,77.4
nonelderly_childless_hh,lowest_quintile,2005,56.2,51.1,74.7,60.0,74.9
nonelderly_childless_hh,lowest_quintile,2006,53.9,48.9,71.5,60.4,63.8
nonelderly_childless_hh,lowest_quintile,2007,54.1,49.6,71.8,59.3,63.8
nonelderly_childless_hh,lowest_quintile,2008,52.6,47.9,67.9,59.7,61.1
nonelderly_childless_hh,lowest_quintile,2009,51.4,45.9,64.5,60.6,59.8
nonelderly_childless_hh,lowest_quintile,2010,53.1,48.4,61.8,62.0,58.9
nonelderly_childless_hh,lowest_quintile,2011,52.1,46.6,65.3,59.1,59.3
nonelderly_childless_hh,lowest_quintile,2012,52.9,47.3,67.0,61.4,58.1
nonelderly_childless_hh,lowest_quintile,2013,55.7,51.4,65.0,65.4,57.3
nonelderly_childless_hh,lowest_quintile,2014,53.5,49.8,62.9,61.4,59.7
nonelderly_childless_hh,lowest_quintile,2015,53.4,49.5,65.4,62.7,59.0
nonelderly_childless_hh,lowest_quintile,2016,53.2,49.4,65.0,62.0,59.6
nonelderly_childless_hh,second_quintile,1979,13.5,13.8,16.2,12.6,13.2
nonelderly_childless_hh,second_quintile,1980,13.2,14.9,14.7,11.5,13.0
nonelderly_childless_hh,second_quintile,1981,14.2,15.4,14.8,12.7,14.6
nonelderly_childless_hh,second_quintile,1982,13.3,16.1,10.3,12.6,12.1
nonelderly_childless_hh,second_quintile,1983,11.1,12.7,10.5,10.6,9.9
nonelderly_childless_hh,second_quintile,1984,11.7,14.5,10.2,11.2,9.4
nonelderly_childless_hh,second_quintile,1985,11.4,15.0,8.5,11.0,7.6
nonelderly_childless_hh,second_quintile,1986,15.6,18.4,9.2,17.2,10.8
nonelderly_childless_hh,second_quintile,1987,15.5,17.8,11.9,13.9,16.0
nonelderly_childless_hh,second_quintile,1988,16.3,19.2,11.8,15.2,14.4
nonelderly_childless_hh,second_quintile,1989,17.8,20.0,12.8,19.1,13.1
nonelderly_childless_hh,second_quintile,1990,17.4,19.8,14.2,18.3,12.7
nonelderly_childless_hh,second_quintile,1991,18.3,19.6,17.7,16.8,18.0
nonelderly_childless_hh,second_quintile,1992,20.0,22.4,22.8,16.8,17.5
nonelderly_childless_hh,second_quintile,1993,19.5,21.5,18.8,17.8,17.4
nonelderly_childless_hh,second_quintile,1994,18.5,20.1,18.2,16.2,17.1
nonelderly_childless_hh,second_quintile,1995,20.3,22.2,18.0,19.7,16.6
nonelderly_childless_hh,second_quintile,1996,17.3,19.5,14.3,15.0,14.8
nonelderly_childless_hh,second_quintile,1997,17.8,20.7,13.5,15.6,12.4
nonelderly_childless_hh,second_quintile,1998,17.9,21.2,12.4,14.5,11.6
nonelderly_childless_hh,second_quintile,1999,19.3,22.4,15.5,15.4,11.3
nonelderly_childless_hh,second_quintile,2000,19.8,22.5,14.8,16.8,11.9
nonelderly_childless_hh,second_quintile,2001,20.5,23.5,12.5,16.6,12.9
nonelderly_childless_hh,second_quintile,2002,20.7,23.4,15.7,17.3,12.0
nonelderly_childless_hh,second_quintile,2003,21.3,23.5,15.2,18.4,14.8
nonelderly_childless_hh,second_quintile,2004,22.2,24.1,16.5,19.6,16.3
nonelderly_childless_hh,second_quintile,2005,22.1,24.4,16.3,17.6,17.1
nonelderly_childless_hh,second_quintile,2006,24.9,27.1,18.5,18.5,24.7
nonelderly_childless_hh,second_quintile,2007,24.3,26.0,18.5,19.8,23.4
nonelderly_childless_hh,second_quintile,2008,26.6,28.7,21.9,19.7,26.5
nonelderly_childless_hh,second_quintile,2009,27.2,29.0,23.6,20.8,28.5
nonelderly_childless_hh,second_quintile,2010,27.2,28.6,25.2,21.5,29.4
nonelderly_childless_hh,second_quintile,2011,27.9,30.1,23.9,22.0,27.8
nonelderly_childless_hh,second_quintile,2012,25.9,28.2,22.1,17.7,28.0
nonelderly_childless_hh,second_quintile,2013,25.6,27.1,23.7,18.0,29.9
nonelderly_childless_hh,second_quintile,2014,25.3,26.5,23.4,20.1,26.1
nonelderly_childless_hh,second_quintile,2015,23.8,25.5,19.9,16.3,24.3
nonelderly_childless_hh,second_quintile,2016,23.9,25.1,20.4,18.8,24.3
nonelderly_childless_hh,middle_quintile,1979,7.7,8.9,5.8,8.4,5.1
nonelderly_childless_hh,middle_quintile,1980,6.7,8.3,5.5,6.1,5.9
nonelderly_childless_hh,middle_quintile,1981,5.9,7.9,4.7,5.3,4.7
nonelderly_childless_hh,middle_quintile,1982,5.9,6.0,2.3,8.5,3.6
nonelderly_childless_hh,middle_quintile,1983,6.5,7.0,3.6,8.2,4.6
nonelderly_childless_hh,middle_quintile,1984,5.7,6.3,4.8,7.5,2.6
nonelderly_childless_hh,middle_quintile,1985,6.6,8.0,3.6,8.1,3.8
nonelderly_childless_hh,middle_quintile,1986,6.2,6.8,4.0,7.1,4.4
nonelderly_childless_hh,middle_quintile,1987,7.6,8.6,4.0,8.6,5.6
nonelderly_childless_hh,middle_quintile,1988,7.6,8.0,3.1,7.4,8.8
nonelderly_childless_hh,middle_quintile,1989,7.2,8.2,3.9,8.0,5.0
nonelderly_childless_hh,middle_quintile,1990,7.4,8.7,4.3,8.1,5.1
nonelderly_childless_hh,middle_quintile,1991,8.1,9.8,4.9,8.6,4.5
nonelderly_childless_hh,middle_quintile,1992,8.3,9.4,5.4,9.3,5.2
nonelderly_childless_hh,middle_quintile,1993,8.3,8.6,7.4,9.3,6.7
nonelderly_childless_hh,middle_quintile,1994,7.3,8.7,6.0,6.3,5.3
nonelderly_childless_hh,middle_quintile,1995,8.5,10.3,5.2,7.8,5.5
nonelderly_childless_hh,middle_quintile,1996,8.5,9.7,4.8,9.6,4.0
nonelderly_childless_hh,middle_quintile,1997,7.2,9.1,4.0,6.1,3.5
nonelderly_childless_hh,middle_quintile,1998,7.2,8.8,3.6,6.6,2.9
nonelderly_childless_hh,middle_quintile,1999,9.0,10.5,4.8,8.7,2.5
nonelderly_childless_hh,middle_quintile,2000,8.4,10.0,4.0,7.6,2.9
nonelderly_childless_hh,middle_quintile,2001,7.8,9.1,4.2,6.7,3.7
nonelderly_childless_hh,middle_quintile,2002,8.5,10.0,4.7,7.4,2.9
nonelderly_childless_hh,middle_quintile,2003,8.7,10.4,4.2,7.3,3.0
nonelderly_childless_hh,middle_quintile,2004,9.5,10.8,4.0,9.5,3.5
nonelderly_childless_hh,middle_quintile,2005,10.6,12.2,5.2,10.4,3.6
nonelderly_childless_hh,middle_quintile,2006,9.7,11.3,4.8,8.3,5.7
nonelderly_childless_hh,middle_quintile,2007,10.6,12.3,5.1,9.1,5.9
nonelderly_childless_hh,middle_quintile,2008,10.6,12.0,6.0,9.8,6.0
nonelderly_childless_hh,middle_quintile,2009,11.1,13.0,7.1,9.2,6.6
nonelderly_childless_hh,middle_quintile,2010,10.3,12.1,6.6,8.1,7.0
nonelderly_childless_hh,middle_quintile,2011,10.4,12.1,6.5,9.3,6.6
nonelderly_childless_hh,middle_quintile,2012,11.1,12.6,7.1,10.1,8.3
nonelderly_childless_hh,middle_quintile,2013,10.2,11.7,6.4,8.5,7.3
nonelderly_childless_hh,middle_quintile,2014,10.5,11.6,7.2,9.2,8.0
nonelderly_childless_hh,middle_quintile,2015,11.9,13.0,8.0,9.9,9.6
nonelderly_childless_hh,middle_quintile,2016,11.4,12.6,7.6,8.9,9.2
nonelderly_childless_hh,fourth_quintile,1979,5.7,7.2,3.8,5.8,4.1
nonelderly_childless_hh,fourth_quintile,1980,5.0,5.5,2.5,6.4,3.3
nonelderly_childless_hh,fourth_quintile,1981,4.1,5.1,2.3,4.6,2.5
nonelderly_childless_hh,fourth_quintile,1982,3.7,5.2,1.0,4.6,1.2
nonelderly_childless_hh,fourth_quintile,1983,5.0,6.5,1.1,6.6,2.3
nonelderly_childless_hh,fourth_quintile,1984,5.3,5.7,2.6,7.0,3.7
nonelderly_childless_hh,fourth_quintile,1985,4.0,4.6,1.3,6.1,1.1
nonelderly_childless_hh,fourth_quintile,1986,3.7,4.1,1.2,5.0,1.9
nonelderly_childless_hh,fourth_quintile,1987,5.3,5.9,2.0,6.9,3.0
nonelderly_childless_hh,fourth_quintile,1988,4.0,5.4,1.4,4.1,2.4
nonelderly_childless_hh,fourth_quintile,1989,4.8,5.6,1.4,6.4,1.9
nonelderly_childless_hh,fourth_quintile,1990,5.6,6.7,1.6,6.5,3.5
nonelderly_childless_hh,fourth_quintile,1991,5.5,6.7,3.0,5.9,3.0
nonelderly_childless_hh,fourth_quintile,1992,5.6,6.7,3.0,6.7,2.6
nonelderly_childless_hh,fourth_quintile,1993,5.7,7.4,3.2,5.5,2.9
nonelderly_childless_hh,fourth_quintile,1994,6.3,7.9,2.2,6.5,3.4
nonelderly_childless_hh,fourth_quintile,1995,5.0,5.8,2.1,5.8,2.8
nonelderly_childless_hh,fourth_quintile,1996,5.2,6.3,2.3,5.4,2.8
nonelderly_childless_hh,fourth_quintile,1997,5.1,6.3,2.7,5.0,1.5
nonelderly_childless_hh,fourth_quintile,1998,5.5,6.6,1.8,5.8,1.5
nonelderly_childless_hh,fourth_quintile,1999,5.3,6.2,1.0,5.4,1.4
nonelderly_childless_hh,fourth_quintile,2000,5.0,6.1,1.4,4.5,1.4
nonelderly_childless_hh,fourth_quintile,2001,4.7,5.5,1.5,4.9,1.3
nonelderly_childless_hh,fourth_quintile,2002,5.4,6.4,2.5,5.1,1.3
nonelderly_childless_hh,fourth_quintile,2003,5.1,6.0,1.5,5.0,1.2
nonelderly_childless_hh,fourth_quintile,2004,5.6,6.4,2.1,6.0,1.2
nonelderly_childless_hh,fourth_quintile,2005,5.8,6.8,1.2,5.9,1.2
nonelderly_childless_hh,fourth_quintile,2006,6.1,7.1,2.3,5.9,3.0
nonelderly_childless_hh,fourth_quintile,2007,5.6,6.4,2.0,5.4,2.9
nonelderly_childless_hh,fourth_quintile,2008,5.4,6.2,1.2,5.3,3.4
nonelderly_childless_hh,fourth_quintile,2009,5.1,6.2,2.0,4.7,2.4
nonelderly_childless_hh,fourth_quintile,2010,5.1,6.3,3.2,4.1,2.4
nonelderly_childless_hh,fourth_quintile,2011,5.5,6.6,2.4,5.3,3.0
nonelderly_childless_hh,fourth_quintile,2012,5.6,6.7,1.9,5.9,2.9
nonelderly_childless_hh,fourth_quintile,2013,4.8,5.6,2.1,4.6,2.7
nonelderly_childless_hh,fourth_quintile,2014,6.1,7.1,3.5,5.5,3.2
nonelderly_childless_hh,fourth_quintile,2015,6.0,6.7,3.5,6.3,3.6
nonelderly_childless_hh,fourth_quintile,2016,6.3,7.2,3.5,5.0,4.0
nonelderly_childless_hh,highest_quintile,1979,3.3,4.3,1.7,3.4,2.1
nonelderly_childless_hh,highest_quintile,1980,2.6,2.8,0.9,3.9,1.1
nonelderly_childless_hh,highest_quintile,1981,3.9,4.4,1.1,5.9,0.9
nonelderly_childless_hh,highest_quintile,1982,2.9,4.5,0.8,3.4,0.8
nonelderly_childless_hh,highest_quintile,1983,2.2,2.7,0.5,3.2,0.9
nonelderly_childless_hh,highest_quintile,1984,2.7,2.3,1.5,4.3,1.4
nonelderly_childless_hh,highest_quintile,1985,3.5,3.5,0.7,5.6,1.7
nonelderly_childless_hh,highest_quintile,1986,3.2,3.8,0.7,4.4,1.2
nonelderly_childless_hh,highest_quintile,1987,3.0,2.6,1.8,4.2,2.2
nonelderly_childless_hh,highest_quintile,1988,2.5,3.3,1.4,2.4,1.5
nonelderly_childless_hh,highest_quintile,1989,3.7,4.6,1.5,3.6,2.9
nonelderly_childless_hh,highest_quintile,1990,4.9,5.4,2.1,5.9,3.4
nonelderly_childless_hh,highest_quintile,1991,3.4,4.0,1.4,4.1,1.7
nonelderly_childless_hh,highest_quintile,1992,3.8,4.8,1.7,4.5,1.5
nonelderly_childless_hh,highest_quintile,1993,4.1,4.5,1.9,5.2,2.5
nonelderly_childless_hh,highest_quintile,1994,4.8,6.1,1.3,4.9,2.1
nonelderly_childless_hh,highest_quintile,1995,3.7,4.8,0.9,3.6,1.6
nonelderly_childless_hh,highest_quintile,1996,3.8,5.0,0.7,4.1,0.9
nonelderly_childless_hh,highest_quintile,1997,4.1,5.5,1.0,3.6,0.8
nonelderly_childless_hh,highest_quintile,1998,3.8,4.8,1.2,3.6,0.5
nonelderly_childless_hh,highest_quintile,1999,3.4,3.9,1.0,3.6,0.8
nonelderly_childless_hh,highest_quintile,2000,3.4,4.0,0.5,3.4,0.9
nonelderly_childless_hh,highest_quintile,2001,3.5,4.2,0.5,3.5,0.9
nonelderly_childless_hh,highest_quintile,2002,3.2,3.8,0.9,3.1,0.8
nonelderly_childless_hh,highest_quintile,2003,3.4,3.9,0.6,3.7,0.6
nonelderly_childless_hh,highest_quintile,2004,3.1,3.4,1.5,3.9,1.0
nonelderly_childless_hh,highest_quintile,2005,3.7,4.2,0.6,4.3,1.1
nonelderly_childless_hh,highest_quintile,2006,3.9,4.3,0.8,5.1,1.5
nonelderly_childless_hh,highest_quintile,2007,3.7,4.3,0.6,3.9,1.5
nonelderly_childless_hh,highest_quintile,2008,3.2,3.7,1.1,3.5,1.3
nonelderly_childless_hh,highest_quintile,2009,3.5,4.4,0.8,2.7,1.3
nonelderly_childless_hh,highest_quintile,2010,2.9,3.5,1.6,2.6,1.2
nonelderly_childless_hh,highest_quintile,2011,2.9,3.7,0.7,2.7,1.3
nonelderly_childless_hh,highest_quintile,2012,3.4,4.2,0.7,3.7,1.5
nonelderly_childless_hh,highest_quintile,2013,2.5,3.1,0.9,1.9,1.6
nonelderly_childless_hh,highest_quintile,2014,3.2,3.8,1.5,2.4,1.8
nonelderly_childless_hh,highest_quintile,2015,3.6,4.1,1.8,3.3,2.0
nonelderly_childless_hh,highest_quintile,2016,4.0,4.7,1.7,3.6,1.9
nonelderly_childless_hh,percentiles_81_90,1979,1.7,2.2,1.0,1.7,1.2
nonelderly_childless_hh,percentiles_81_90,1980,1.3,1.8,0.6,1.5,0.5
nonelderly_childless_hh,percentiles_81_90,1981,2.4,2.5,0.6,3.8,0.7
nonelderly_childless_hh,percentiles_81_90,1982,1.6,2.4,0.6,1.9,0.5
nonelderly_childless_hh,percentiles_81_90,1983,0.9,1.4,0.2,1.1,0.4
nonelderly_childless_hh,percentiles_81_90,1984,1.5,1.5,0.6,2.2,0.8
nonelderly_childless_hh,percentiles_81_90,1985,2.3,2.2,0.4,3.7,1.1
nonelderly_childless_hh,percentiles_81_90,1986,2.1,2.4,0.5,3.0,0.7
nonelderly_childless_hh,percentiles_81_90,1987,1.2,1.1,0.7,1.7,0.7
nonelderly_childless_hh,percentiles_81_90,1988,1.3,1.9,0.4,1.3,0.5
nonelderly_childless_hh,percentiles_81_90,1989,1.8,2.5,0.7,1.8,0.8
nonelderly_childless_hh,percentiles_81_90,1990,2.6,3.0,1.0,3.0,1.9
nonelderly_childless_hh,percentiles_81_90,1991,2.0,2.2,0.9,2.4,1.2
nonelderly_childless_hh,percentiles_81_90,1992,2.0,2.5,0.9,2.2,1.0
nonelderly_childless_hh,percentiles_81_90,1993,1.8,2.1,0.7,2.2,1.0
nonelderly_childless_hh,percentiles_81_90,1994,2.8,3.5,0.6,2.9,1.4
nonelderly_childless_hh,percentiles_81_90,1995,2.0,2.6,0.3,2.3,0.7
nonelderly_childless_hh,percentiles_81_90,1996,2.5,3.1,0.4,3.0,0.6
nonelderly_childless_hh,percentiles_81_90,1997,2.4,3.3,0.6,1.9,0.2
nonelderly_childless_hh,percentiles_81_90,1998,2.3,2.9,0.5,2.4,0.3
nonelderly_childless_hh,percentiles_81_90,1999,1.8,1.9,0.6,2.1,0.6
nonelderly_childless_hh,percentiles_81_90,2000,1.9,2.3,0.2,1.9,0.4
nonelderly_childless_hh,percentiles_81_90,2001,1.7,2.1,0.3,1.7,0.4
nonelderly_childless_hh,percentiles_81_90,2002,1.9,2.2,0.5,2.0,0.4
nonelderly_childless_hh,percentiles_81_90,2003,2.0,2.2,0.3,2.3,0.3
nonelderly_childless_hh,percentiles_81_90,2004,2.1,2.3,0.7,2.5,0.6
nonelderly_childless_hh,percentiles_81_90,2005,2.0,2.3,0.2,2.4,0.5
nonelderly_childless_hh,percentiles_81_90,2006,2.4,2.7,0.3,3.2,0.9
nonelderly_childless_hh,percentiles_81_90,2007,2.2,2.5,0.3,2.6,0.9
nonelderly_childless_hh,percentiles_81_90,2008,1.8,2.2,0.5,1.8,0.8
nonelderly_childless_hh,percentiles_81_90,2009,2.0,2.5,0.4,1.5,0.8
nonelderly_childless_hh,percentiles_81_90,2010,1.7,2.1,0.8,1.4,0.6
nonelderly_childless_hh,percentiles_81_90,2011,1.7,2.1,0.4,1.9,0.8
nonelderly_childless_hh,percentiles_81_90,2012,2.1,2.5,0.4,2.4,0.8
nonelderly_childless_hh,percentiles_81_90,2013,1.5,1.8,0.5,1.2,0.9
nonelderly_childless_hh,percentiles_81_90,2014,1.9,2.3,0.7,1.3,1.2
nonelderly_childless_hh,percentiles_81_90,2015,2.1,2.4,1.1,2.0,1.2
nonelderly_childless_hh,percentiles_81_90,2016,2.2,2.7,1.0,1.8,1.0
nonelderly_childless_hh,percentiles_91_95,1979,0.7,1.0,0.5,0.7,0.2
nonelderly_childless_hh,percentiles_91_95,1980,0.6,0.5,0.1,0.9,0.2
nonelderly_childless_hh,percentiles_91_95,1981,0.9,1.1,0.1,1.4,0.1
nonelderly_childless_hh,percentiles_91_95,1982,0.5,0.8,0.0,0.7,0.1
nonelderly_childless_hh,percentiles_91_95,1983,0.8,1.0,0.1,1.3,0.2
nonelderly_childless_hh,percentiles_91_95,1984,0.5,0.3,0.5,0.9,0.2
nonelderly_childless_hh,percentiles_91_95,1985,0.6,0.6,0.2,1.0,0.3
nonelderly_childless_hh,percentiles_91_95,1986,0.6,0.8,0.0,0.9,0.2
nonelderly_childless_hh,percentiles_91_95,1987,0.5,0.3,0.4,0.7,0.5
nonelderly_childless_hh,percentiles_91_95,1988,0.4,0.6,0.5,0.3,0.3
nonelderly_childless_hh,percentiles_91_95,1989,0.9,1.1,0.2,0.6,1.2
nonelderly_childless_hh,percentiles_91_95,1990,1.0,1.1,0.5,1.3,0.6
nonelderly_childless_hh,percentiles_91_95,1991,0.6,0.7,0.1,0.7,0.2
nonelderly_childless_hh,percentiles_91_95,1992,1.3,1.6,0.5,1.7,0.3
nonelderly_childless_hh,percentiles_91_95,1993,1.4,1.5,0.8,1.9,1.0
nonelderly_childless_hh,percentiles_91_95,1994,1.0,1.3,0.4,1.0,0.3
nonelderly_childless_hh,percentiles_91_95,1995,0.9,1.2,0.2,0.6,0.4
nonelderly_childless_hh,percentiles_91_95,1996,0.7,1.0,0.0,0.5,0.1
nonelderly_childless_hh,percentiles_91_95,1997,0.9,1.2,0.1,0.9,0.3
nonelderly_childless_hh,percentiles_91_95,1998,0.8,1.0,0.5,0.9,0.1
nonelderly_childless_hh,percentiles_91_95,1999,0.8,0.9,0.3,0.8,0.0
nonelderly_childless_hh,percentiles_91_95,2000,0.8,0.9,0.2,1.0,0.4
nonelderly_childless_hh,percentiles_91_95,2001,1.0,1.2,0.0,0.9,0.2
nonelderly_childless_hh,percentiles_91_95,2002,0.8,1.0,0.2,0.6,0.2
nonelderly_childless_hh,percentiles_91_95,2003,0.9,1.1,0.0,0.7,0.1
nonelderly_childless_hh,percentiles_91_95,2004,0.4,0.5,0.4,0.6,0.1
nonelderly_childless_hh,percentiles_91_95,2005,1.0,1.1,0.2,1.2,0.2
nonelderly_childless_hh,percentiles_91_95,2006,0.9,0.9,0.1,1.3,0.3
nonelderly_childless_hh,percentiles_91_95,2007,0.8,1.0,0.1,0.8,0.3
nonelderly_childless_hh,percentiles_91_95,2008,0.8,0.9,0.4,1.1,0.2
nonelderly_childless_hh,percentiles_91_95,2009,0.8,1.0,0.3,0.5,0.4
nonelderly_childless_hh,percentiles_91_95,2010,0.7,0.8,0.5,0.6,0.4
nonelderly_childless_hh,percentiles_91_95,2011,0.7,0.9,0.2,0.3,0.3
nonelderly_childless_hh,percentiles_91_95,2012,0.8,1.0,0.1,0.8,0.4
nonelderly_childless_hh,percentiles_91_95,2013,0.6,0.7,0.2,0.5,0.4
nonelderly_childless_hh,percentiles_91_95,2014,0.7,0.8,0.3,0.6,0.4
nonelderly_childless_hh,percentiles_91_95,2015,0.8,0.9,0.5,0.7,0.4
nonelderly_childless_hh,percentiles_91_95,2016,1.0,1.2,0.4,1.1,0.6
nonelderly_childless_hh,percentiles_96_99,1979,0.8,1.0,0.2,0.9,0.6
nonelderly_childless_hh,percentiles_96_99,1980,0.7,0.4,0.2,1.2,0.4
nonelderly_childless_hh,percentiles_96_99,1981,0.4,0.6,0.3,0.5,0.1
nonelderly_childless_hh,percentiles_96_99,1982,0.6,1.0,0.1,0.6,0.2
nonelderly_childless_hh,percentiles_96_99,1983,0.4,0.3,0.1,0.8,0.2
nonelderly_childless_hh,percentiles_96_99,1984,0.5,0.4,0.2,0.9,0.3
nonelderly_childless_hh,percentiles_96_99,1985,0.5,0.5,0.1,0.7,0.2
nonelderly_childless_hh,percentiles_96_99,1986,0.4,0.6,0.1,0.4,0.2
nonelderly_childless_hh,percentiles_96_99,1987,1.0,0.9,0.5,1.4,0.8
nonelderly_childless_hh,percentiles_96_99,1988,0.5,0.5,0.4,0.7,0.5
nonelderly_childless_hh,percentiles_96_99,1989,0.8,0.8,0.4,1.0,0.8
nonelderly_childless_hh,percentiles_96_99,1990,1.0,1.0,0.5,1.3,0.7
nonelderly_childless_hh,percentiles_96_99,1991,0.6,0.8,0.2,0.6,0.2
nonelderly_childless_hh,percentiles_96_99,1992,0.4,0.6,0.3,0.4,0.1
nonelderly_childless_hh,percentiles_96_99,1993,0.5,0.6,0.3,0.6,0.4
nonelderly_childless_hh,percentiles_96_99,1994,0.8,1.0,0.2,0.8,0.2
nonelderly_childless_hh,percentiles_96_99,1995,0.6,0.8,0.3,0.6,0.4
nonelderly_childless_hh,percentiles_96_99,1996,0.6,0.8,0.1,0.5,0.2
nonelderly_childless_hh,percentiles_96_99,1997,0.7,0.9,0.2,0.7,0.3
nonelderly_childless_hh,percentiles_96_99,1998,0.5,0.7,0.2,0.4,0.2
nonelderly_childless_hh,percentiles_96_99,1999,0.7,0.9,0.2,0.6,0.1
nonelderly_childless_hh,percentiles_96_99,2000,0.5,0.6,0.1,0.5,0.1
nonelderly_childless_hh,percentiles_96_99,2001,0.7,0.8,0.2,0.8,0.2
nonelderly_childless_hh,percentiles_96_99,2002,0.3,0.4,0.1,0.3,0.1
nonelderly_childless_hh,percentiles_96_99,2003,0.4,0.5,0.1,0.5,0.1
nonelderly_childless_hh,percentiles_96_99,2004,0.5,0.5,0.3,0.6,0.1
nonelderly_childless_hh,percentiles_96_99,2005,0.6,0.7,0.2,0.6,0.3
nonelderly_childless_hh,percentiles_96_99,2006,0.5,0.6,0.3,0.6,0.2
nonelderly_childless_hh,percentiles_96_99,2007,0.5,0.5,0.2,0.4,0.2
nonelderly_childless_hh,percentiles_96_99,2008,0.5,0.5,0.2,0.5,0.3
nonelderly_childless_hh,percentiles_96_99,2009,0.6,0.8,0.1,0.6,0.2
nonelderly_childless_hh,percentiles_96_99,2010,0.4,0.4,0.3,0.5,0.2
nonelderly_childless_hh,percentiles_96_99,2011,0.4,0.6,0.1,0.3,0.1
nonelderly_childless_hh,percentiles_96_99,2012,0.4,0.5,0.1,0.2,0.2
nonelderly_childless_hh,percentiles_96_99,2013,0.3,0.3,0.1,0.2,0.3
nonelderly_childless_hh,percentiles_96_99,2014,0.5,0.6,0.2,0.4,0.2
nonelderly_childless_hh,percentiles_96_99,2015,0.6,0.6,0.2,0.5,0.3
nonelderly_childless_hh,percentiles_96_99,2016,0.6,0.7,0.3,0.6,0.2
nonelderly_childless_hh,top_1_percent,1979,0.1,0.2,0.0,0.1,0.1
nonelderly_childless_hh,top_1_percent,1980,0.1,0.1,0.0,0.2,0.0
nonelderly_childless_hh,top_1_percent,1981,0.2,0.2,0.0,0.2,0.0
nonelderly_childless_hh,top_1_percent,1982,0.2,0.3,0.0,0.2,0.0
nonelderly_childless_hh,top_1_percent,1983,0.1,0.0,0.1,0.1,0.1
nonelderly_childless_hh,top_1_percent,1984,0.2,0.1,0.2,0.2,0.2
nonelderly_childless_hh,top_1_percent,1985,0.1,0.1,0.0,0.2,0.1
nonelderly_childless_hh,top_1_percent,1986,0.0,0.0,0.0,0.0,0.1
nonelderly_childless_hh,top_1_percent,1987,0.3,0.3,0.1,0.3,0.2
nonelderly_childless_hh,top_1_percent,1988,0.2,0.3,0.2,0.1,0.2
nonelderly_childless_hh,top_1_percent,1989,0.2,0.2,0.2,0.1,0.2
nonelderly_childless_hh,top_1_percent,1990,0.2,0.2,0.1,0.3,0.1
nonelderly_childless_hh,top_1_percent,1991,0.3,0.3,0.2,0.4,0.1
nonelderly_childless_hh,top_1_percent,1992,0.1,0.1,0.0,0.1,0.1
nonelderly_childless_hh,top_1_percent,1993,0.3,0.3,0.1,0.4,0.1
nonelderly_childless_hh,top_1_percent,1994,0.2,0.3,0.1,0.2,0.2
nonelderly_childless_hh,top_1_percent,1995,0.1,0.1,0.1,0.1,0.1
nonelderly_childless_hh,top_1_percent,1996,0.1,0.1,0.1,0.1,0.0
nonelderly_childless_hh,top_1_percent,1997,0.1,0.1,0.1,0.1,0.0
nonelderly_childless_hh,top_1_percent,1998,0.1,0.2,0.0,0.1,0.0
nonelderly_childless_hh,top_1_percent,1999,0.1,0.1,0.0,0.2,0.0
nonelderly_childless_hh,top_1_percent,2000,0.2,0.2,0.0,0.1,0.0
nonelderly_childless_hh,top_1_percent,2001,0.1,0.1,0.0,0.1,0.0
nonelderly_childless_hh,top_1_percent,2002,0.2,0.2,0.1,0.3,0.0
nonelderly_childless_hh,top_1_percent,2003,0.1,0.1,0.1,0.2,0.1
nonelderly_childless_hh,top_1_percent,2004,0.1,0.1,0.1,0.1,0.1
nonelderly_childless_hh,top_1_percent,2005,0.1,0.1,0.1,0.1,0.1
nonelderly_childless_hh,top_1_percent,2006,0.1,0.1,0.1,0.1,0.1
nonelderly_childless_hh,top_1_percent,2007,0.2,0.2,0.1,0.2,0.1
nonelderly_childless_hh,top_1_percent,2008,0.1,0.1,0.0,0.1,0.1
nonelderly_childless_hh,top_1_percent,2009,0.1,0.1,0.0,0.1,0.0
nonelderly_childless_hh,top_1_percent,2010,0.1,0.2,0.1,0.1,0.0
nonelderly_childless_hh,top_1_percent,2011,0.1,0.1,0.1,0.2,0.1
nonelderly_childless_hh,top_1_percent,2012,0.2,0.2,0.0,0.3,0.0
nonelderly_childless_hh,top_1_percent,2013,0.1,0.2,0.0,0.0,0.1
nonelderly_childless_hh,top_1_percent,2014,0.1,0.1,0.2,0.1,0.1
nonelderly_childless_hh,top_1_percent,2015,0.1,0.2,0.1,0.1,0.1
nonelderly_childless_hh,top_1_percent,2016,0.1,0.2,0.0,0.1,0.1
