household_type,income_group,year,market_inc,inc_before_transfers_taxes,inc_after_transfers_taxes
all_households,all_quintiles,1979,100.0,100.0,100.0
all_households,all_quintiles,1980,100.0,100.0,100.0
all_households,all_quintiles,1981,100.0,100.0,100.0
all_households,all_quintiles,1982,100.0,100.0,100.0
all_households,all_quintiles,1983,100.0,100.0,100.0
all_households,all_quintiles,1984,100.0,100.0,100.0
all_households,all_quintiles,1985,100.0,100.0,100.0
all_households,all_quintiles,1986,100.0,100.0,100.0
all_households,all_quintiles,1987,100.0,100.0,100.0
all_households,all_quintiles,1988,100.0,100.0,100.0
all_households,all_quintiles,1989,100.0,100.0,100.0
all_households,all_quintiles,1990,100.0,100.0,100.0
all_households,all_quintiles,1991,100.0,100.0,100.0
all_households,all_quintiles,1992,100.0,100.0,100.0
all_households,all_quintiles,1993,100.0,100.0,100.0
all_households,all_quintiles,1994,100.0,100.0,100.0
all_households,all_quintiles,1995,100.0,100.0,100.0
all_households,all_quintiles,1996,100.0,100.0,100.0
all_households,all_quintiles,1997,100.0,100.0,100.0
all_households,all_quintiles,1998,100.0,100.0,100.0
all_households,all_quintiles,1999,100.0,100.0,100.0
all_households,all_quintiles,2000,100.0,100.0,100.0
all_households,all_quintiles,2001,100.0,100.0,100.0
all_households,all_quintiles,2002,100.0,100.0,100.0
all_households,all_quintiles,2003,100.0,100.0,100.0
all_households,all_quintiles,2004,100.0,100.0,100.0
all_households,all_quintiles,2005,100.0,100.0,100.0
all_households,all_quintiles,2006,100.0,100.0,100.0
all_households,all_quintiles,2007,100.0,100.0,100.0
all_households,all_quintiles,2008,100.0,100.0,100.0
all_households,all_quintiles,2009,100.0,100.0,100.0
all_households,all_quintiles,2010,100.0,100.0,100.0
all_households,all_quintiles,2011,100.0,100.0,100.0
all_households,all_quintiles,2012,100.0,100.0,100.0
all_households,all_quintiles,2013,100.0,100.0,100.0
all_households,all_quintiles,2014,100.0,100.0,100.0
all_households,all_quintiles,2015,100.0,100.0,100.0
all_households,all_quintiles,2016,100.0,100.0,100.0
all_households,lowest_quintile,1979,2.9,6.2,9.3
all_households,lowest_quintile,1980,2.7,6.2,9.4
all_households,lowest_quintile,1981,2.6,6.0,9.3
all_households,lowest_quintile,1982,2.4,5.9,9.0
all_households,lowest_quintile,1983,2.2,5.6,8.7
all_households,lowest_quintile,1984,2.6,5.7,8.5
all_households,lowest_quintile,1985,2.4,5.5,8.5
all_households,lowest_quintile,1986,2.2,5.2,8.0
all_households,lowest_quintile,1987,2.0,5.1,8.1
all_households,lowest_quintile,1988,2.0,5.0,7.9
all_households,lowest_quintile,1989,2.2,5.1,8.1
all_households,lowest_quintile,1990,2.3,5.4,8.6
all_households,lowest_quintile,1991,2.3,5.6,9.1
all_households,lowest_quintile,1992,2.2,5.5,9.0
all_households,lowest_quintile,1993,2.1,5.6,9.3
all_households,lowest_quintile,1994,2.0,5.5,9.3
all_households,lowest_quintile,1995,2.3,5.8,9.7
all_households,lowest_quintile,1996,2.2,5.5,9.2
all_households,lowest_quintile,1997,2.3,5.5,9.0
all_households,lowest_quintile,1998,2.5,5.5,8.9
all_households,lowest_quintile,1999,2.5,5.3,8.5
all_households,lowest_quintile,2000,2.5,5.2,8.4
all_households,lowest_quintile,2001,2.4,5.4,8.8
all_households,lowest_quintile,2002,2.4,5.8,9.4
all_households,lowest_quintile,2003,2.3,5.7,9.2
all_households,lowest_quintile,2004,2.2,5.5,9.0
all_households,lowest_quintile,2005,2.2,5.3,8.8
all_households,lowest_quintile,2006,2.3,5.4,8.7
all_households,lowest_quintile,2007,2.5,5.5,8.8
all_households,lowest_quintile,2008,2.5,6.0,9.6
all_households,lowest_quintile,2009,2.3,6.3,10.2
all_households,lowest_quintile,2010,2.2,6.1,10.1
all_households,lowest_quintile,2011,2.3,6.2,10.1
all_households,lowest_quintile,2012,2.0,5.8,9.5
all_households,lowest_quintile,2013,2.3,6.0,10.0
all_households,lowest_quintile,2014,2.1,5.7,9.8
all_households,lowest_quintile,2015,2.2,5.8,10.0
all_households,lowest_quintile,2016,2.2,6.0,10.3
all_households,second_quintile,1979,10.4,11.0,12.1
all_households,second_quintile,1980,10.1,10.9,12.1
all_households,second_quintile,1981,10.0,10.9,12.1
all_households,second_quintile,1982,9.6,10.7,11.8
all_households,second_quintile,1983,9.3,10.5,11.5
all_households,second_quintile,1984,9.5,10.5,11.4
all_households,second_quintile,1985,9.3,10.3,11.2
all_households,second_quintile,1986,8.7,9.8,10.8
all_households,second_quintile,1987,8.9,10.1,11.2
all_households,second_quintile,1988,8.7,9.9,11.0
all_households,second_quintile,1989,8.8,10.0,11.1
all_households,second_quintile,1990,9.0,10.2,11.3
all_households,second_quintile,1991,8.9,10.3,11.5
all_households,second_quintile,1992,8.6,10.0,11.4
all_households,second_quintile,1993,8.5,10.0,11.5
all_households,second_quintile,1994,8.6,10.0,11.6
all_households,second_quintile,1995,8.6,9.9,11.4
all_households,second_quintile,1996,8.3,9.7,11.2
all_households,second_quintile,1997,8.2,9.4,10.9
all_households,second_quintile,1998,8.1,9.2,10.8
all_households,second_quintile,1999,8.0,9.0,10.6
all_households,second_quintile,2000,7.8,8.9,10.5
all_households,second_quintile,2001,8.1,9.3,11.0
all_households,second_quintile,2002,8.2,9.5,11.3
all_households,second_quintile,2003,7.9,9.2,11.0
all_households,second_quintile,2004,7.7,9.0,10.8
all_households,second_quintile,2005,7.4,8.6,10.3
all_households,second_quintile,2006,7.2,8.4,10.0
all_households,second_quintile,2007,7.5,8.6,10.2
all_households,second_quintile,2008,7.7,8.9,10.8
all_households,second_quintile,2009,7.7,9.3,11.4
all_households,second_quintile,2010,7.4,9.0,11.2
all_households,second_quintile,2011,7.4,8.9,10.9
all_households,second_quintile,2012,6.9,8.4,10.5
all_households,second_quintile,2013,7.3,8.7,11.0
all_households,second_quintile,2014,7.1,8.5,10.9
all_households,second_quintile,2015,7.2,8.6,11.0
all_households,second_quintile,2016,7.3,8.7,11.2
all_households,middle_quintile,1979,16.1,15.7,16.0
all_households,middle_quintile,1980,16.0,15.7,15.9
all_households,middle_quintile,1981,16.0,15.7,15.9
all_households,middle_quintile,1982,15.8,15.6,15.7
all_households,middle_quintile,1983,15.4,15.3,15.4
all_households,middle_quintile,1984,15.4,15.3,15.4
all_households,middle_quintile,1985,15.1,15.1,15.2
all_households,middle_quintile,1986,14.5,14.5,14.6
all_households,middle_quintile,1987,15.2,15.1,15.4
all_households,middle_quintile,1988,14.6,14.6,14.9
all_households,middle_quintile,1989,14.8,14.8,15.0
all_households,middle_quintile,1990,14.8,14.8,15.0
all_households,middle_quintile,1991,15.0,15.0,15.3
all_households,middle_quintile,1992,14.7,14.7,15.0
all_households,middle_quintile,1993,14.7,14.7,15.0
all_households,middle_quintile,1994,14.7,14.7,15.0
all_households,middle_quintile,1995,14.5,14.5,14.9
all_households,middle_quintile,1996,14.1,14.2,14.7
all_households,middle_quintile,1997,13.8,13.9,14.4
all_households,middle_quintile,1998,13.6,13.7,14.2
all_households,middle_quintile,1999,13.3,13.4,14.0
all_households,middle_quintile,2000,13.0,13.2,13.8
all_households,middle_quintile,2001,13.6,13.8,14.4
all_households,middle_quintile,2002,13.8,14.0,14.6
all_households,middle_quintile,2003,13.6,13.8,14.4
all_households,middle_quintile,2004,13.3,13.5,14.1
all_households,middle_quintile,2005,12.8,13.0,13.7
all_households,middle_quintile,2006,12.6,12.8,13.5
all_households,middle_quintile,2007,12.5,12.7,13.3
all_households,middle_quintile,2008,13.1,13.3,14.0
all_households,middle_quintile,2009,13.5,13.8,14.5
all_households,middle_quintile,2010,13.0,13.4,14.2
all_households,middle_quintile,2011,13.0,13.4,14.2
all_households,middle_quintile,2012,12.4,12.8,13.6
all_households,middle_quintile,2013,12.9,13.2,14.1
all_households,middle_quintile,2014,12.6,12.9,13.9
all_households,middle_quintile,2015,12.6,13.0,14.0
all_households,middle_quintile,2016,12.8,13.1,14.0
all_households,fourth_quintile,1979,23.0,22.0,21.6
all_households,fourth_quintile,1980,23.1,22.0,21.4
all_households,fourth_quintile,1981,23.1,22.0,21.3
all_households,fourth_quintile,1982,23.1,21.9,21.2
all_households,fourth_quintile,1983,23.0,21.9,21.2
all_households,fourth_quintile,1984,22.7,21.7,21.1
all_households,fourth_quintile,1985,22.5,21.5,20.9
all_households,fourth_quintile,1986,21.7,20.8,20.1
all_households,fourth_quintile,1987,22.9,21.8,21.5
all_households,fourth_quintile,1988,22.3,21.3,20.9
all_households,fourth_quintile,1989,22.3,21.3,20.8
all_households,fourth_quintile,1990,22.4,21.4,20.8
all_households,fourth_quintile,1991,22.6,21.5,20.8
all_households,fourth_quintile,1992,22.3,21.2,20.6
all_households,fourth_quintile,1993,22.5,21.3,20.8
all_households,fourth_quintile,1994,22.5,21.4,20.8
all_households,fourth_quintile,1995,22.1,21.0,20.5
all_households,fourth_quintile,1996,21.6,20.6,20.2
all_households,fourth_quintile,1997,20.9,20.0,19.8
all_households,fourth_quintile,1998,20.7,19.9,19.6
all_households,fourth_quintile,1999,20.3,19.6,19.4
all_households,fourth_quintile,2000,20.0,19.3,19.1
all_households,fourth_quintile,2001,21.2,20.3,20.0
all_households,fourth_quintile,2002,21.6,20.6,20.2
all_households,fourth_quintile,2003,21.4,20.4,20.0
all_households,fourth_quintile,2004,20.7,19.8,19.5
all_households,fourth_quintile,2005,20.0,19.2,19.0
all_households,fourth_quintile,2006,19.7,19.0,18.8
all_households,fourth_quintile,2007,19.4,18.7,18.5
all_households,fourth_quintile,2008,20.5,19.7,19.4
all_households,fourth_quintile,2009,21.6,20.5,20.0
all_households,fourth_quintile,2010,21.0,20.0,19.6
all_households,fourth_quintile,2011,21.0,20.0,19.6
all_households,fourth_quintile,2012,20.2,19.3,19.0
all_households,fourth_quintile,2013,20.8,19.9,19.6
all_households,fourth_quintile,2014,20.3,19.5,19.2
all_households,fourth_quintile,2015,20.3,19.5,19.2
all_households,fourth_quintile,2016,20.5,19.7,19.2
all_households,highest_quintile,1979,47.9,45.3,41.3
all_households,highest_quintile,1980,48.5,45.6,41.5
all_households,highest_quintile,1981,48.8,45.8,41.9
all_households,highest_quintile,1982,49.8,46.4,43.0
all_households,highest_quintile,1983,50.8,47.2,43.9
all_households,highest_quintile,1984,50.6,47.5,44.3
all_households,highest_quintile,1985,51.5,48.2,45.1
all_households,highest_quintile,1986,53.6,50.3,47.2
all_households,highest_quintile,1987,51.9,48.6,44.8
all_households,highest_quintile,1988,53.2,49.9,46.3
all_households,highest_quintile,1989,52.8,49.5,45.9
all_households,highest_quintile,1990,52.4,49.0,45.3
all_households,highest_quintile,1991,52.2,48.5,44.4
all_households,highest_quintile,1992,53.3,49.4,45.1
all_households,highest_quintile,1993,53.2,49.2,44.3
all_households,highest_quintile,1994,53.1,49.2,44.2
all_households,highest_quintile,1995,53.4,49.6,44.4
all_households,highest_quintile,1996,54.5,50.7,45.6
all_households,highest_quintile,1997,55.5,51.8,46.7
all_households,highest_quintile,1998,55.8,52.3,47.3
all_households,highest_quintile,1999,56.6,53.2,48.2
all_households,highest_quintile,2000,57.3,54.0,48.8
all_households,highest_quintile,2001,55.5,51.8,46.5
all_households,highest_quintile,2002,54.9,50.9,45.5
all_households,highest_quintile,2003,55.7,51.6,46.3
all_households,highest_quintile,2004,56.9,52.9,47.5
all_households,highest_quintile,2005,58.4,54.5,49.1
all_households,highest_quintile,2006,59.0,55.1,49.7
all_households,highest_quintile,2007,59.0,55.2,50.0
all_households,highest_quintile,2008,57.6,53.3,47.6
all_households,highest_quintile,2009,56.7,51.5,45.5
all_households,highest_quintile,2010,58.0,52.7,46.5
all_households,highest_quintile,2011,57.9,52.8,46.7
all_households,highest_quintile,2012,59.9,54.9,48.7
all_households,highest_quintile,2013,58.4,53.5,46.9
all_households,highest_quintile,2014,59.4,54.6,47.6
all_households,highest_quintile,2015,59.1,54.3,47.2
all_households,highest_quintile,2016,58.6,53.7,46.7
all_households,percentiles_81_90,1979,15.9,15.1,14.4
all_households,percentiles_81_90,1980,16.1,15.2,14.4
all_households,percentiles_81_90,1981,16.2,15.3,14.4
all_households,percentiles_81_90,1982,16.4,15.4,14.5
all_households,percentiles_81_90,1983,16.4,15.3,14.5
all_households,percentiles_81_90,1984,16.2,15.3,14.5
all_households,percentiles_81_90,1985,16.1,15.2,14.4
all_households,percentiles_81_90,1986,15.6,14.7,13.9
all_households,percentiles_81_90,1987,16.4,15.4,14.7
all_households,percentiles_81_90,1988,15.9,15.0,14.3
all_households,percentiles_81_90,1989,16.0,15.1,14.3
all_households,percentiles_81_90,1990,16.0,15.1,14.3
all_households,percentiles_81_90,1991,16.2,15.2,14.3
all_households,percentiles_81_90,1992,16.1,15.0,14.1
all_households,percentiles_81_90,1993,16.2,15.1,14.3
all_households,percentiles_81_90,1994,16.1,15.1,14.3
all_households,percentiles_81_90,1995,15.9,14.8,14.0
all_households,percentiles_81_90,1996,15.7,14.8,14.0
all_households,percentiles_81_90,1997,15.5,14.5,13.8
all_households,percentiles_81_90,1998,15.2,14.4,13.7
all_households,percentiles_81_90,1999,15.0,14.2,13.6
all_households,percentiles_81_90,2000,14.7,14.0,13.4
all_households,percentiles_81_90,2001,15.5,14.6,13.8
all_households,percentiles_81_90,2002,15.8,14.8,13.9
all_households,percentiles_81_90,2003,15.8,14.8,14.0
all_households,percentiles_81_90,2004,15.4,14.5,13.7
all_households,percentiles_81_90,2005,14.9,14.1,13.4
all_households,percentiles_81_90,2006,14.7,13.9,13.2
all_households,percentiles_81_90,2007,14.5,13.7,13.0
all_households,percentiles_81_90,2008,15.2,14.2,13.4
all_households,percentiles_81_90,2009,16.2,14.9,13.9
all_households,percentiles_81_90,2010,15.9,14.7,13.7
all_households,percentiles_81_90,2011,15.8,14.6,13.7
all_households,percentiles_81_90,2012,15.2,14.2,13.4
all_households,percentiles_81_90,2013,15.8,14.8,13.8
all_households,percentiles_81_90,2014,15.5,14.4,13.5
all_households,percentiles_81_90,2015,15.4,14.4,13.4
all_households,percentiles_81_90,2016,15.6,14.6,13.6
all_households,percentiles_91_95,1979,10.4,9.8,9.2
all_households,percentiles_91_95,1980,10.5,9.9,9.2
all_households,percentiles_91_95,1981,10.6,9.9,9.2
all_households,percentiles_91_95,1982,10.7,10.0,9.3
all_households,percentiles_91_95,1983,10.8,10.0,9.4
all_households,percentiles_91_95,1984,10.6,9.9,9.4
all_households,percentiles_91_95,1985,10.6,10.0,9.3
all_households,percentiles_91_95,1986,10.5,9.8,9.2
all_households,percentiles_91_95,1987,10.7,10.1,9.4
all_households,percentiles_91_95,1988,10.5,9.8,9.2
all_households,percentiles_91_95,1989,10.6,9.9,9.3
all_households,percentiles_91_95,1990,10.6,9.9,9.3
all_households,percentiles_91_95,1991,10.8,10.0,9.3
all_households,percentiles_91_95,1992,10.8,10.0,9.3
all_households,percentiles_91_95,1993,10.9,10.1,9.3
all_households,percentiles_91_95,1994,10.8,10.1,9.4
all_households,percentiles_91_95,1995,10.8,10.0,9.3
all_households,percentiles_91_95,1996,10.6,9.9,9.2
all_households,percentiles_91_95,1997,10.6,10.0,9.3
all_households,percentiles_91_95,1998,10.4,9.8,9.2
all_households,percentiles_91_95,1999,10.3,9.8,9.1
all_households,percentiles_91_95,2000,10.2,9.7,9.1
all_households,percentiles_91_95,2001,10.6,10.0,9.2
all_households,percentiles_91_95,2002,10.8,10.1,9.2
all_households,percentiles_91_95,2003,10.8,10.1,9.3
all_households,percentiles_91_95,2004,10.5,9.8,9.1
all_households,percentiles_91_95,2005,10.4,9.7,9.0
all_households,percentiles_91_95,2006,10.3,9.7,9.0
all_households,percentiles_91_95,2007,10.1,9.5,8.9
all_households,percentiles_91_95,2008,10.6,9.9,9.1
all_households,percentiles_91_95,2009,11.2,10.2,9.2
all_households,percentiles_91_95,2010,11.0,10.0,9.1
all_households,percentiles_91_95,2011,11.0,10.1,9.2
all_households,percentiles_91_95,2012,10.7,9.9,9.1
all_households,percentiles_91_95,2013,11.0,10.1,9.2
all_households,percentiles_91_95,2014,10.9,10.1,9.2
all_households,percentiles_91_95,2015,10.9,10.1,9.2
all_households,percentiles_91_95,2016,11.0,10.2,9.2
all_households,percentiles_96_99,1979,12.0,11.4,10.4
all_households,percentiles_96_99,1980,12.3,11.6,10.5
all_households,percentiles_96_99,1981,12.4,11.6,10.5
all_households,percentiles_96_99,1982,12.4,11.5,10.6
all_households,percentiles_96_99,1983,12.6,11.7,10.9
all_households,percentiles_96_99,1984,12.4,11.6,10.9
all_households,percentiles_96_99,1985,12.6,11.8,11.1
all_households,percentiles_96_99,1986,12.8,12.0,11.3
all_households,percentiles_96_99,1987,12.9,12.1,11.1
all_households,percentiles_96_99,1988,12.8,12.0,11.1
all_households,percentiles_96_99,1989,13.0,12.2,11.2
all_households,percentiles_96_99,1990,12.9,12.0,11.1
all_households,percentiles_96_99,1991,13.2,12.2,11.2
all_households,percentiles_96_99,1992,13.2,12.3,11.2
all_households,percentiles_96_99,1993,13.3,12.3,11.1
all_households,percentiles_96_99,1994,13.2,12.3,11.1
all_households,percentiles_96_99,1995,13.4,12.4,11.2
all_households,percentiles_96_99,1996,13.5,12.5,11.3
all_households,percentiles_96_99,1997,13.5,12.6,11.5
all_households,percentiles_96_99,1998,13.4,12.6,11.4
all_households,percentiles_96_99,1999,13.6,12.8,11.6
all_households,percentiles_96_99,2000,13.5,12.8,11.5
all_households,percentiles_96_99,2001,13.5,12.6,11.4
all_households,percentiles_96_99,2002,13.8,12.7,11.4
all_households,percentiles_96_99,2003,13.7,12.7,11.3
all_households,percentiles_96_99,2004,13.6,12.7,11.3
all_households,percentiles_96_99,2005,13.8,12.9,11.6
all_households,percentiles_96_99,2006,13.9,13.0,11.6
all_households,percentiles_96_99,2007,13.7,12.9,11.6
all_households,percentiles_96_99,2008,13.8,12.8,11.3
all_households,percentiles_96_99,2009,14.0,12.7,11.1
all_households,percentiles_96_99,2010,14.1,12.7,11.1
all_households,percentiles_96_99,2011,14.2,12.9,11.3
all_households,percentiles_96_99,2012,14.2,13.0,11.4
all_households,percentiles_96_99,2013,14.4,13.2,11.6
all_households,percentiles_96_99,2014,14.5,13.3,11.6
all_households,percentiles_96_99,2015,14.4,13.2,11.5
all_households,percentiles_96_99,2016,14.4,13.2,11.4
all_households,top_1_percent,1979,9.6,9.0,7.3
all_households,top_1_percent,1980,9.6,8.9,7.5
all_households,top_1_percent,1981,9.6,9.0,7.8
all_households,top_1_percent,1982,10.3,9.5,8.5
all_households,top_1_percent,1983,11.1,10.2,9.1
all_households,top_1_percent,1984,11.4,10.6,9.5
all_households,top_1_percent,1985,12.1,11.3,10.2
all_households,top_1_percent,1986,14.8,13.8,12.8
all_households,top_1_percent,1987,11.9,11.0,9.6
all_households,top_1_percent,1988,14.2,13.1,11.7
all_households,top_1_percent,1989,13.2,12.3,11.0
all_households,top_1_percent,1990,12.9,12.0,10.7
all_households,top_1_percent,1991,12.1,11.1,9.7
all_households,top_1_percent,1992,13.2,12.1,10.4
all_households,top_1_percent,1993,12.8,11.7,9.6
all_households,top_1_percent,1994,12.9,11.8,9.5
all_households,top_1_percent,1995,13.4,12.3,9.9
all_households,top_1_percent,1996,14.8,13.6,11.0
all_households,top_1_percent,1997,15.9,14.6,12.1
all_households,top_1_percent,1998,16.7,15.5,13.1
all_households,top_1_percent,1999,17.7,16.4,13.9
all_households,top_1_percent,2000,18.8,17.5,14.9
all_households,top_1_percent,2001,15.8,14.6,12.2
all_households,top_1_percent,2002,14.5,13.3,10.9
all_households,top_1_percent,2003,15.4,14.1,11.7
all_households,top_1_percent,2004,17.4,16.0,13.4
all_households,top_1_percent,2005,19.3,17.8,15.1
all_households,top_1_percent,2006,20.1,18.5,15.8
all_households,top_1_percent,2007,20.7,19.1,16.6
all_households,top_1_percent,2008,18.0,16.4,13.8
all_households,top_1_percent,2009,15.3,13.7,11.3
all_households,top_1_percent,2010,17.1,15.3,12.6
all_households,top_1_percent,2011,16.8,15.1,12.4
all_households,top_1_percent,2012,19.8,17.8,14.9
all_households,top_1_percent,2013,17.1,15.4,12.2
all_households,top_1_percent,2014,18.5,16.7,13.2
all_households,top_1_percent,2015,18.4,16.6,13.2
all_households,top_1_percent,2016,17.5,15.8,12.5
hh_with_children,all_quintiles,1979,100.0,100.0,100.0
hh_with_children,all_quintiles,1980,100.0,100.0,100.0
hh_with_children,all_quintiles,1981,100.0,100.0,100.0
hh_with_children,all_quintiles,1982,100.0,100.0,100.0
hh_with_children,all_quintiles,1983,100.0,100.0,100.0
hh_with_children,all_quintiles,1984,100.0,100.0,100.0
hh_with_children,all_quintiles,1985,100.0,100.0,100.0
hh_with_children,all_quintiles,1986,100.0,100.0,100.0
hh_with_children,all_quintiles,1987,100.0,100.0,100.0
hh_with_children,all_quintiles,1988,100.0,100.0,100.0
hh_with_children,all_quintiles,1989,100.0,100.0,100.0
hh_with_children,all_quintiles,1990,100.0,100.0,100.0
hh_with_children,all_quintiles,1991,100.0,100.0,100.0
hh_with_children,all_quintiles,1992,100.0,100.0,100.0
hh_with_children,all_quintiles,1993,100.0,100.0,100.0
hh_with_children,all_quintiles,1994,100.0,100.0,100.0
hh_with_children,all_quintiles,1995,100.0,100.0,100.0
hh_with_children,all_quintiles,1996,100.0,100.0,100.0
hh_with_children,all_quintiles,1997,100.0,100.0,100.0
hh_with_children,all_quintiles,1998,100.0,100.0,100.0
hh_with_children,all_quintiles,1999,100.0,100.0,100.0
hh_with_children,all_quintiles,2000,100.0,100.0,100.0
hh_with_children,all_quintiles,2001,100.0,100.0,100.0
hh_with_children,all_quintiles,2002,100.0,100.0,100.0
hh_with_children,all_quintiles,2003,100.0,100.0,100.0
hh_with_children,all_quintiles,2004,100.0,100.0,100.0
hh_with_children,all_quintiles,2005,100.0,100.0,100.0
hh_with_children,all_quintiles,2006,100.0,100.0,100.0
hh_with_children,all_quintiles,2007,100.0,100.0,100.0
hh_with_children,all_quintiles,2008,100.0,100.0,100.0
hh_with_children,all_quintiles,2009,100.0,100.0,100.0
hh_with_children,all_quintiles,2010,100.0,100.0,100.0
hh_with_children,all_quintiles,2011,100.0,100.0,100.0
hh_with_children,all_quintiles,2012,100.0,100.0,100.0
hh_with_children,all_quintiles,2013,100.0,100.0,100.0
hh_with_children,all_quintiles,2014,100.0,100.0,100.0
hh_with_children,all_quintiles,2015,100.0,100.0,100.0
hh_with_children,all_quintiles,2016,100.0,100.0,100.0
hh_with_children,lowest_quintile,1979,3.0,3.7,6.9
hh_with_children,lowest_quintile,1980,3.0,3.8,7.3
hh_with_children,lowest_quintile,1981,2.9,3.7,7.2
hh_with_children,lowest_quintile,1982,2.8,3.7,7.2
hh_with_children,lowest_quintile,1983,2.7,3.6,7.2
hh_with_children,lowest_quintile,1984,2.9,3.6,6.8
hh_with_children,lowest_quintile,1985,2.8,3.6,7.0
hh_with_children,lowest_quintile,1986,2.6,3.4,6.7
hh_with_children,lowest_quintile,1987,2.3,3.1,6.7
hh_with_children,lowest_quintile,1988,2.4,3.2,6.8
hh_with_children,lowest_quintile,1989,2.5,3.3,6.9
hh_with_children,lowest_quintile,1990,2.7,3.4,7.4
hh_with_children,lowest_quintile,1991,2.7,3.5,7.9
hh_with_children,lowest_quintile,1992,2.6,3.5,7.9
hh_with_children,lowest_quintile,1993,2.6,3.5,8.1
hh_with_children,lowest_quintile,1994,2.5,3.3,7.9
hh_with_children,lowest_quintile,1995,2.7,3.4,8.0
hh_with_children,lowest_quintile,1996,2.9,3.7,8.1
hh_with_children,lowest_quintile,1997,3.0,3.9,7.9
hh_with_children,lowest_quintile,1998,3.2,3.9,7.6
hh_with_children,lowest_quintile,1999,3.2,3.8,7.2
hh_with_children,lowest_quintile,2000,3.0,3.6,7.0
hh_with_children,lowest_quintile,2001,3.0,3.7,7.2
hh_with_children,lowest_quintile,2002,2.9,3.7,7.3
hh_with_children,lowest_quintile,2003,2.7,3.5,7.0
hh_with_children,lowest_quintile,2004,2.6,3.4,6.8
hh_with_children,lowest_quintile,2005,2.7,3.4,7.0
hh_with_children,lowest_quintile,2006,2.8,3.5,7.0
hh_with_children,lowest_quintile,2007,3.0,3.7,7.3
hh_with_children,lowest_quintile,2008,2.9,3.7,7.4
hh_with_children,lowest_quintile,2009,2.6,3.8,7.9
hh_with_children,lowest_quintile,2010,2.6,3.6,7.9
hh_with_children,lowest_quintile,2011,2.6,3.6,7.7
hh_with_children,lowest_quintile,2012,2.4,3.4,7.4
hh_with_children,lowest_quintile,2013,2.6,3.5,7.7
hh_with_children,lowest_quintile,2014,2.5,3.3,7.8
hh_with_children,lowest_quintile,2015,2.6,3.3,7.8
hh_with_children,lowest_quintile,2016,2.5,3.2,7.8
hh_with_children,second_quintile,1979,12.8,13.1,14.1
hh_with_children,second_quintile,1980,12.6,13.0,14.1
hh_with_children,second_quintile,1981,12.4,12.8,13.9
hh_with_children,second_quintile,1982,12.1,12.6,13.6
hh_with_children,second_quintile,1983,11.4,11.9,12.7
hh_with_children,second_quintile,1984,11.5,11.8,12.6
hh_with_children,second_quintile,1985,11.5,11.8,12.5
hh_with_children,second_quintile,1986,10.8,11.1,11.9
hh_with_children,second_quintile,1987,10.6,10.9,11.7
hh_with_children,second_quintile,1988,10.5,10.8,11.6
hh_with_children,second_quintile,1989,10.5,10.8,11.8
hh_with_children,second_quintile,1990,11.2,11.6,12.5
hh_with_children,second_quintile,1991,10.9,11.3,12.5
hh_with_children,second_quintile,1992,10.5,11.0,12.5
hh_with_children,second_quintile,1993,10.3,10.8,12.4
hh_with_children,second_quintile,1994,10.3,10.7,12.4
hh_with_children,second_quintile,1995,10.3,10.7,12.4
hh_with_children,second_quintile,1996,10.4,10.7,12.5
hh_with_children,second_quintile,1997,10.2,10.5,12.2
hh_with_children,second_quintile,1998,10.0,10.4,12.2
hh_with_children,second_quintile,1999,9.7,10.1,11.8
hh_with_children,second_quintile,2000,9.2,9.5,11.3
hh_with_children,second_quintile,2001,9.7,10.0,12.0
hh_with_children,second_quintile,2002,9.6,10.0,12.2
hh_with_children,second_quintile,2003,9.4,9.8,12.1
hh_with_children,second_quintile,2004,9.2,9.6,12.0
hh_with_children,second_quintile,2005,8.9,9.2,11.5
hh_with_children,second_quintile,2006,8.7,9.0,11.2
hh_with_children,second_quintile,2007,8.9,9.3,11.4
hh_with_children,second_quintile,2008,8.8,9.2,11.8
hh_with_children,second_quintile,2009,8.7,9.2,12.2
hh_with_children,second_quintile,2010,8.2,8.8,11.8
hh_with_children,second_quintile,2011,8.4,8.9,11.9
hh_with_children,second_quintile,2012,8.1,8.5,11.5
hh_with_children,second_quintile,2013,8.2,8.6,11.8
hh_with_children,second_quintile,2014,8.2,8.6,12.1
hh_with_children,second_quintile,2015,8.2,8.6,12.3
hh_with_children,second_quintile,2016,8.5,8.9,12.6
hh_with_children,middle_quintile,1979,21.1,21.0,20.9
hh_with_children,middle_quintile,1980,21.1,21.0,20.8
hh_with_children,middle_quintile,1981,21.2,21.0,20.8
hh_with_children,middle_quintile,1982,20.8,20.8,20.4
hh_with_children,middle_quintile,1983,20.1,20.0,19.7
hh_with_children,middle_quintile,1984,19.7,19.6,19.4
hh_with_children,middle_quintile,1985,19.7,19.7,19.4
hh_with_children,middle_quintile,1986,18.5,18.5,18.3
hh_with_children,middle_quintile,1987,19.4,19.4,19.3
hh_with_children,middle_quintile,1988,19.3,19.3,19.1
hh_with_children,middle_quintile,1989,18.9,18.9,18.7
hh_with_children,middle_quintile,1990,19.4,19.4,19.0
hh_with_children,middle_quintile,1991,18.9,18.9,18.6
hh_with_children,middle_quintile,1992,18.6,18.5,18.3
hh_with_children,middle_quintile,1993,18.6,18.6,18.5
hh_with_children,middle_quintile,1994,18.4,18.4,18.3
hh_with_children,middle_quintile,1995,17.8,17.8,17.9
hh_with_children,middle_quintile,1996,17.5,17.6,17.6
hh_with_children,middle_quintile,1997,17.2,17.2,17.3
hh_with_children,middle_quintile,1998,16.7,16.7,17.0
hh_with_children,middle_quintile,1999,16.4,16.4,16.9
hh_with_children,middle_quintile,2000,15.5,15.6,16.2
hh_with_children,middle_quintile,2001,16.5,16.5,17.2
hh_with_children,middle_quintile,2002,16.2,16.3,16.9
hh_with_children,middle_quintile,2003,16.2,16.3,16.9
hh_with_children,middle_quintile,2004,15.6,15.7,16.3
hh_with_children,middle_quintile,2005,15.1,15.2,15.9
hh_with_children,middle_quintile,2006,14.5,14.6,15.3
hh_with_children,middle_quintile,2007,14.4,14.4,15.1
hh_with_children,middle_quintile,2008,14.7,14.8,15.6
hh_with_children,middle_quintile,2009,15.2,15.3,16.1
hh_with_children,middle_quintile,2010,14.3,14.5,15.4
hh_with_children,middle_quintile,2011,14.5,14.6,15.5
hh_with_children,middle_quintile,2012,13.7,13.9,14.9
hh_with_children,middle_quintile,2013,14.1,14.2,15.3
hh_with_children,middle_quintile,2014,14.1,14.2,15.3
hh_with_children,middle_quintile,2015,13.6,13.7,14.9
hh_with_children,middle_quintile,2016,14.1,14.2,15.4
hh_with_children,fourth_quintile,1979,27.3,27.0,26.0
hh_with_children,fourth_quintile,1980,27.3,26.9,25.7
hh_with_children,fourth_quintile,1981,27.9,27.5,26.1
hh_with_children,fourth_quintile,1982,28.2,27.7,26.3
hh_with_children,fourth_quintile,1983,27.3,26.8,25.6
hh_with_children,fourth_quintile,1984,26.8,26.4,25.4
hh_with_children,fourth_quintile,1985,27.0,26.6,25.5
hh_with_children,fourth_quintile,1986,26.0,25.6,24.5
hh_with_children,fourth_quintile,1987,27.1,26.8,25.9
hh_with_children,fourth_quintile,1988,26.5,26.2,25.2
hh_with_children,fourth_quintile,1989,26.2,25.9,24.9
hh_with_children,fourth_quintile,1990,26.4,26.1,24.9
hh_with_children,fourth_quintile,1991,26.5,26.1,24.8
hh_with_children,fourth_quintile,1992,26.3,25.9,24.7
hh_with_children,fourth_quintile,1993,26.0,25.6,24.4
hh_with_children,fourth_quintile,1994,25.8,25.5,24.3
hh_with_children,fourth_quintile,1995,24.6,24.3,23.3
hh_with_children,fourth_quintile,1996,24.8,24.5,23.6
hh_with_children,fourth_quintile,1997,24.0,23.7,23.0
hh_with_children,fourth_quintile,1998,23.3,23.1,22.5
hh_with_children,fourth_quintile,1999,22.7,22.5,22.1
hh_with_children,fourth_quintile,2000,21.8,21.7,21.4
hh_with_children,fourth_quintile,2001,22.8,22.6,22.1
hh_with_children,fourth_quintile,2002,23.6,23.3,22.7
hh_with_children,fourth_quintile,2003,23.4,23.1,22.4
hh_with_children,fourth_quintile,2004,22.6,22.4,21.8
hh_with_children,fourth_quintile,2005,22.2,22.0,21.5
hh_with_children,fourth_quintile,2006,21.0,20.9,20.5
hh_with_children,fourth_quintile,2007,20.7,20.5,20.2
hh_with_children,fourth_quintile,2008,21.8,21.5,21.0
hh_with_children,fourth_quintile,2009,23.2,22.9,22.0
hh_with_children,fourth_quintile,2010,21.8,21.6,20.9
hh_with_children,fourth_quintile,2011,22.2,21.9,21.2
hh_with_children,fourth_quintile,2012,21.2,20.9,20.4
hh_with_children,fourth_quintile,2013,21.8,21.6,21.0
hh_with_children,fourth_quintile,2014,21.1,20.9,20.3
hh_with_children,fourth_quintile,2015,20.7,20.5,19.9
hh_with_children,fourth_quintile,2016,21.3,21.1,20.4
hh_with_children,highest_quintile,1979,36.2,35.5,32.5
hh_with_children,highest_quintile,1980,36.6,35.8,32.7
hh_with_children,highest_quintile,1981,36.4,35.6,32.7
hh_with_children,highest_quintile,1982,37.0,36.0,33.4
hh_with_children,highest_quintile,1983,39.5,38.5,35.7
hh_with_children,highest_quintile,1984,40.1,39.4,36.9
hh_with_children,highest_quintile,1985,39.9,39.1,36.7
hh_with_children,highest_quintile,1986,42.9,42.1,39.5
hh_with_children,highest_quintile,1987,41.7,40.9,37.6
hh_with_children,highest_quintile,1988,42.2,41.5,38.3
hh_with_children,highest_quintile,1989,42.7,41.9,38.7
hh_with_children,highest_quintile,1990,41.1,40.4,37.1
hh_with_children,highest_quintile,1991,42.0,41.0,37.2
hh_with_children,highest_quintile,1992,42.9,41.9,37.7
hh_with_children,highest_quintile,1993,43.6,42.6,37.8
hh_with_children,highest_quintile,1994,43.8,42.9,38.0
hh_with_children,highest_quintile,1995,45.4,44.5,39.3
hh_with_children,highest_quintile,1996,45.0,44.1,39.0
hh_with_children,highest_quintile,1997,46.2,45.3,40.3
hh_with_children,highest_quintile,1998,47.3,46.4,41.3
hh_with_children,highest_quintile,1999,48.5,47.8,42.5
hh_with_children,highest_quintile,2000,50.9,50.1,44.7
hh_with_children,highest_quintile,2001,48.8,47.9,42.4
hh_with_children,highest_quintile,2002,48.5,47.5,41.9
hh_with_children,highest_quintile,2003,49.0,48.0,42.3
hh_with_children,highest_quintile,2004,50.7,49.7,43.8
hh_with_children,highest_quintile,2005,51.7,50.8,44.8
hh_with_children,highest_quintile,2006,53.6,52.7,46.7
hh_with_children,highest_quintile,2007,53.8,52.8,46.9
hh_with_children,highest_quintile,2008,53.1,52.0,45.5
hh_with_children,highest_quintile,2009,51.7,50.1,43.1
hh_with_children,highest_quintile,2010,54.5,52.9,45.5
hh_with_children,highest_quintile,2011,53.6,52.2,45.1
hh_with_children,highest_quintile,2012,55.7,54.3,47.0
hh_with_children,highest_quintile,2013,54.6,53.4,45.6
hh_with_children,highest_quintile,2014,55.3,54.1,45.8
hh_with_children,highest_quintile,2015,56.1,55.0,46.4
hh_with_children,highest_quintile,2016,54.7,53.6,45.1
hh_with_children,percentiles_81_90,1979,14.5,14.2,13.5
hh_with_children,percentiles_81_90,1980,14.6,14.3,13.4
hh_with_children,percentiles_81_90,1981,14.7,14.4,13.4
hh_with_children,percentiles_81_90,1982,15.1,14.8,13.8
hh_with_children,percentiles_81_90,1983,15.2,14.9,14.0
hh_with_children,percentiles_81_90,1984,14.8,14.6,13.8
hh_with_children,percentiles_81_90,1985,15.0,14.7,13.9
hh_with_children,percentiles_81_90,1986,14.5,14.3,13.5
hh_with_children,percentiles_81_90,1987,15.0,14.8,14.0
hh_with_children,percentiles_81_90,1988,14.8,14.5,13.7
hh_with_children,percentiles_81_90,1989,14.5,14.2,13.4
hh_with_children,percentiles_81_90,1990,14.8,14.5,13.6
hh_with_children,percentiles_81_90,1991,15.2,14.9,13.8
hh_with_children,percentiles_81_90,1992,15.2,14.9,13.8
hh_with_children,percentiles_81_90,1993,15.2,14.8,13.8
hh_with_children,percentiles_81_90,1994,15.2,14.9,13.8
hh_with_children,percentiles_81_90,1995,15.3,15.1,14.0
hh_with_children,percentiles_81_90,1996,14.3,14.0,13.2
hh_with_children,percentiles_81_90,1997,14.1,13.9,13.1
hh_with_children,percentiles_81_90,1998,14.0,13.8,13.0
hh_with_children,percentiles_81_90,1999,13.9,13.7,13.0
hh_with_children,percentiles_81_90,2000,13.9,13.8,13.0
hh_with_children,percentiles_81_90,2001,14.5,14.2,13.4
hh_with_children,percentiles_81_90,2002,14.9,14.6,13.6
hh_with_children,percentiles_81_90,2003,14.5,14.3,13.3
hh_with_children,percentiles_81_90,2004,14.3,14.1,13.2
hh_with_children,percentiles_81_90,2005,13.8,13.6,12.8
hh_with_children,percentiles_81_90,2006,13.5,13.3,12.6
hh_with_children,percentiles_81_90,2007,13.1,12.9,12.2
hh_with_children,percentiles_81_90,2008,14.3,14.1,13.1
hh_with_children,percentiles_81_90,2009,15.3,14.9,13.6
hh_with_children,percentiles_81_90,2010,14.9,14.5,13.4
hh_with_children,percentiles_81_90,2011,15.0,14.7,13.5
hh_with_children,percentiles_81_90,2012,14.1,13.8,12.8
hh_with_children,percentiles_81_90,2013,14.4,14.2,13.1
hh_with_children,percentiles_81_90,2014,14.2,14.0,12.8
hh_with_children,percentiles_81_90,2015,14.0,13.7,12.5
hh_with_children,percentiles_81_90,2016,14.1,13.9,12.6
hh_with_children,percentiles_91_95,1979,7.4,7.3,6.8
hh_with_children,percentiles_91_95,1980,7.6,7.5,6.9
hh_with_children,percentiles_91_95,1981,7.4,7.3,6.7
hh_with_children,percentiles_91_95,1982,7.3,7.1,6.6
hh_with_children,percentiles_91_95,1983,7.6,7.4,6.9
hh_with_children,percentiles_91_95,1984,7.9,7.8,7.3
hh_with_children,percentiles_91_95,1985,8.2,8.0,7.6
hh_with_children,percentiles_91_95,1986,7.7,7.5,7.1
hh_with_children,percentiles_91_95,1987,7.9,7.7,7.2
hh_with_children,percentiles_91_95,1988,7.8,7.7,7.2
hh_with_children,percentiles_91_95,1989,8.1,8.0,7.5
hh_with_children,percentiles_91_95,1990,8.1,7.9,7.4
hh_with_children,percentiles_91_95,1991,8.4,8.2,7.6
hh_with_children,percentiles_91_95,1992,8.3,8.1,7.4
hh_with_children,percentiles_91_95,1993,8.4,8.2,7.5
hh_with_children,percentiles_91_95,1994,8.6,8.4,7.7
hh_with_children,percentiles_91_95,1995,8.4,8.2,7.5
hh_with_children,percentiles_91_95,1996,8.5,8.3,7.6
hh_with_children,percentiles_91_95,1997,8.6,8.4,7.8
hh_with_children,percentiles_91_95,1998,8.3,8.2,7.5
hh_with_children,percentiles_91_95,1999,8.3,8.2,7.5
hh_with_children,percentiles_91_95,2000,8.4,8.3,7.7
hh_with_children,percentiles_91_95,2001,8.8,8.7,7.9
hh_with_children,percentiles_91_95,2002,9.3,9.1,8.3
hh_with_children,percentiles_91_95,2003,9.1,8.9,8.1
hh_with_children,percentiles_91_95,2004,9.0,8.9,8.1
hh_with_children,percentiles_91_95,2005,8.8,8.6,7.9
hh_with_children,percentiles_91_95,2006,8.7,8.6,7.9
hh_with_children,percentiles_91_95,2007,8.2,8.0,7.4
hh_with_children,percentiles_91_95,2008,9.0,8.8,7.9
hh_with_children,percentiles_91_95,2009,9.6,9.3,8.2
hh_with_children,percentiles_91_95,2010,9.4,9.2,8.2
hh_with_children,percentiles_91_95,2011,9.4,9.2,8.2
hh_with_children,percentiles_91_95,2012,9.1,8.9,7.9
hh_with_children,percentiles_91_95,2013,9.8,9.6,8.6
hh_with_children,percentiles_91_95,2014,9.2,9.0,8.0
hh_with_children,percentiles_91_95,2015,9.3,9.1,8.1
hh_with_children,percentiles_91_95,2016,9.6,9.4,8.3
hh_with_children,percentiles_96_99,1979,8.4,8.2,7.4
hh_with_children,percentiles_96_99,1980,8.1,7.9,7.2
hh_with_children,percentiles_96_99,1981,7.7,7.6,6.9
hh_with_children,percentiles_96_99,1982,8.1,7.9,7.2
hh_with_children,percentiles_96_99,1983,8.6,8.4,7.8
hh_with_children,percentiles_96_99,1984,8.8,8.7,8.2
hh_with_children,percentiles_96_99,1985,8.8,8.6,8.1
hh_with_children,percentiles_96_99,1986,9.1,9.0,8.5
hh_with_children,percentiles_96_99,1987,9.5,9.3,8.5
hh_with_children,percentiles_96_99,1988,9.5,9.3,8.6
hh_with_children,percentiles_96_99,1989,9.6,9.4,8.7
hh_with_children,percentiles_96_99,1990,9.7,9.5,8.7
hh_with_children,percentiles_96_99,1991,9.5,9.3,8.4
hh_with_children,percentiles_96_99,1992,10.0,9.8,8.7
hh_with_children,percentiles_96_99,1993,10.4,10.1,9.0
hh_with_children,percentiles_96_99,1994,10.2,10.0,8.9
hh_with_children,percentiles_96_99,1995,10.5,10.3,9.1
hh_with_children,percentiles_96_99,1996,10.7,10.4,9.2
hh_with_children,percentiles_96_99,1997,11.1,10.8,9.6
hh_with_children,percentiles_96_99,1998,11.2,11.0,9.7
hh_with_children,percentiles_96_99,1999,11.1,10.9,9.6
hh_with_children,percentiles_96_99,2000,11.3,11.1,9.8
hh_with_children,percentiles_96_99,2001,11.1,10.9,9.6
hh_with_children,percentiles_96_99,2002,11.3,11.0,9.7
hh_with_children,percentiles_96_99,2003,11.3,11.1,9.7
hh_with_children,percentiles_96_99,2004,11.7,11.5,10.0
hh_with_children,percentiles_96_99,2005,12.4,12.2,10.6
hh_with_children,percentiles_96_99,2006,11.8,11.6,10.1
hh_with_children,percentiles_96_99,2007,11.8,11.6,10.2
hh_with_children,percentiles_96_99,2008,12.1,11.9,10.2
hh_with_children,percentiles_96_99,2009,12.2,11.8,10.0
hh_with_children,percentiles_96_99,2010,12.1,11.7,9.9
hh_with_children,percentiles_96_99,2011,12.7,12.3,10.5
hh_with_children,percentiles_96_99,2012,12.9,12.5,10.7
hh_with_children,percentiles_96_99,2013,12.8,12.5,10.6
hh_with_children,percentiles_96_99,2014,13.0,12.7,10.7
hh_with_children,percentiles_96_99,2015,13.2,13.0,10.9
hh_with_children,percentiles_96_99,2016,13.7,13.4,11.2
hh_with_children,top_1_percent,1979,6.0,5.8,4.8
hh_with_children,top_1_percent,1980,6.3,6.1,5.2
hh_with_children,top_1_percent,1981,6.5,6.4,5.6
hh_with_children,top_1_percent,1982,6.4,6.3,5.7
hh_with_children,top_1_percent,1983,8.0,7.8,7.0
hh_with_children,top_1_percent,1984,8.6,8.4,7.6
hh_with_children,top_1_percent,1985,8.0,7.8,7.1
hh_with_children,top_1_percent,1986,11.5,11.3,10.5
hh_with_children,top_1_percent,1987,9.3,9.1,7.9
hh_with_children,top_1_percent,1988,10.1,9.9,8.8
hh_with_children,top_1_percent,1989,10.5,10.3,9.1
hh_with_children,top_1_percent,1990,8.6,8.4,7.4
hh_with_children,top_1_percent,1991,8.9,8.7,7.5
hh_with_children,top_1_percent,1992,9.4,9.2,7.8
hh_with_children,top_1_percent,1993,9.7,9.4,7.6
hh_with_children,top_1_percent,1994,9.8,9.6,7.5
hh_with_children,top_1_percent,1995,11.2,10.9,8.6
hh_with_children,top_1_percent,1996,11.6,11.3,9.0
hh_with_children,top_1_percent,1997,12.4,12.1,9.8
hh_with_children,top_1_percent,1998,13.7,13.4,11.1
hh_with_children,top_1_percent,1999,15.3,15.0,12.4
hh_with_children,top_1_percent,2000,17.3,17.0,14.2
hh_with_children,top_1_percent,2001,14.4,14.1,11.5
hh_with_children,top_1_percent,2002,13.1,12.8,10.3
hh_with_children,top_1_percent,2003,14.1,13.8,11.2
hh_with_children,top_1_percent,2004,15.6,15.3,12.6
hh_with_children,top_1_percent,2005,16.7,16.4,13.5
hh_with_children,top_1_percent,2006,19.6,19.2,16.1
hh_with_children,top_1_percent,2007,20.7,20.3,17.2
hh_with_children,top_1_percent,2008,17.6,17.2,14.3
hh_with_children,top_1_percent,2009,14.6,14.1,11.3
hh_with_children,top_1_percent,2010,18.0,17.4,14.0
hh_with_children,top_1_percent,2011,16.5,16.0,12.9
hh_with_children,top_1_percent,2012,19.6,19.0,15.6
hh_with_children,top_1_percent,2013,17.6,17.2,13.3
hh_with_children,top_1_percent,2014,18.9,18.4,14.2
hh_with_children,top_1_percent,2015,19.6,19.1,14.8
hh_with_children,top_1_percent,2016,17.3,16.9,13.0
elderly_headed_hh,all_quintiles,1979,100.0,100.0,100.0
elderly_headed_hh,all_quintiles,1980,100.0,100.0,100.0
elderly_headed_hh,all_quintiles,1981,100.0,100.0,100.0
elderly_headed_hh,all_quintiles,1982,100.0,100.0,100.0
elderly_headed_hh,all_quintiles,1983,100.0,100.0,100.0
elderly_headed_hh,all_quintiles,1984,100.0,100.0,100.0
elderly_headed_hh,all_quintiles,1985,100.0,100.0,100.0
elderly_headed_hh,all_quintiles,1986,100.0,100.0,100.0
elderly_headed_hh,all_quintiles,1987,100.0,100.0,100.0
elderly_headed_hh,all_quintiles,1988,100.0,100.0,100.0
elderly_headed_hh,all_quintiles,1989,100.0,100.0,100.0
elderly_headed_hh,all_quintiles,1990,100.0,100.0,100.0
elderly_headed_hh,all_quintiles,1991,100.0,100.0,100.0
elderly_headed_hh,all_quintiles,1992,100.0,100.0,100.0
elderly_headed_hh,all_quintiles,1993,100.0,100.0,100.0
elderly_headed_hh,all_quintiles,1994,100.0,100.0,100.0
elderly_headed_hh,all_quintiles,1995,100.0,100.0,100.0
elderly_headed_hh,all_quintiles,1996,100.0,100.0,100.0
elderly_headed_hh,all_quintiles,1997,100.0,100.0,100.0
elderly_headed_hh,all_quintiles,1998,100.0,100.0,100.0
elderly_headed_hh,all_quintiles,1999,100.0,100.0,100.0
elderly_headed_hh,all_quintiles,2000,100.0,100.0,100.0
elderly_headed_hh,all_quintiles,2001,100.0,100.0,100.0
elderly_headed_hh,all_quintiles,2002,100.0,100.0,100.0
elderly_headed_hh,all_quintiles,2003,100.0,100.0,100.0
elderly_headed_hh,all_quintiles,2004,100.0,100.0,100.0
elderly_headed_hh,all_quintiles,2005,100.0,100.0,100.0
elderly_headed_hh,all_quintiles,2006,100.0,100.0,100.0
elderly_headed_hh,all_quintiles,2007,100.0,100.0,100.0
elderly_headed_hh,all_quintiles,2008,100.0,100.0,100.0
elderly_headed_hh,all_quintiles,2009,100.0,100.0,100.0
elderly_headed_hh,all_quintiles,2010,100.0,100.0,100.0
elderly_headed_hh,all_quintiles,2011,100.0,100.0,100.0
elderly_headed_hh,all_quintiles,2012,100.0,100.0,100.0
elderly_headed_hh,all_quintiles,2013,100.0,100.0,100.0
elderly_headed_hh,all_quintiles,2014,100.0,100.0,100.0
elderly_headed_hh,all_quintiles,2015,100.0,100.0,100.0
elderly_headed_hh,all_quintiles,2016,100.0,100.0,100.0
elderly_headed_hh,lowest_quintile,1979,7.5,23.2,28.9
elderly_headed_hh,lowest_quintile,1980,6.1,22.1,27.5
elderly_headed_hh,lowest_quintile,1981,5.2,20.5,25.5
elderly_headed_hh,lowest_quintile,1982,4.5,19.2,23.3
elderly_headed_hh,lowest_quintile,1983,3.9,18.0,22.0
elderly_headed_hh,lowest_quintile,1984,4.6,17.5,21.5
elderly_headed_hh,lowest_quintile,1985,4.4,17.1,21.2
elderly_headed_hh,lowest_quintile,1986,3.7,16.0,19.7
elderly_headed_hh,lowest_quintile,1987,4.0,17.4,21.6
elderly_headed_hh,lowest_quintile,1988,4.0,16.7,20.9
elderly_headed_hh,lowest_quintile,1989,4.2,16.7,20.8
elderly_headed_hh,lowest_quintile,1990,4.7,17.8,22.0
elderly_headed_hh,lowest_quintile,1991,4.8,18.6,22.9
elderly_headed_hh,lowest_quintile,1992,4.0,17.9,22.3
elderly_headed_hh,lowest_quintile,1993,4.1,18.8,23.4
elderly_headed_hh,lowest_quintile,1994,4.0,19.3,24.1
elderly_headed_hh,lowest_quintile,1995,4.3,19.1,24.0
elderly_headed_hh,lowest_quintile,1996,3.5,16.5,21.1
elderly_headed_hh,lowest_quintile,1997,3.5,16.1,20.5
elderly_headed_hh,lowest_quintile,1998,3.8,15.9,20.2
elderly_headed_hh,lowest_quintile,1999,4.1,15.3,19.7
elderly_headed_hh,lowest_quintile,2000,4.6,15.3,19.5
elderly_headed_hh,lowest_quintile,2001,4.1,16.5,20.8
elderly_headed_hh,lowest_quintile,2002,4.5,18.4,22.9
elderly_headed_hh,lowest_quintile,2003,4.1,17.9,22.5
elderly_headed_hh,lowest_quintile,2004,3.7,16.9,21.5
elderly_headed_hh,lowest_quintile,2005,3.2,15.4,19.8
elderly_headed_hh,lowest_quintile,2006,3.3,15.3,19.5
elderly_headed_hh,lowest_quintile,2007,3.4,13.9,17.6
elderly_headed_hh,lowest_quintile,2008,4.0,16.5,20.7
elderly_headed_hh,lowest_quintile,2009,3.7,17.7,21.8
elderly_headed_hh,lowest_quintile,2010,3.2,16.1,20.1
elderly_headed_hh,lowest_quintile,2011,3.2,16.1,20.2
elderly_headed_hh,lowest_quintile,2012,2.7,14.5,18.5
elderly_headed_hh,lowest_quintile,2013,3.0,14.9,19.0
elderly_headed_hh,lowest_quintile,2014,2.7,14.0,18.3
elderly_headed_hh,lowest_quintile,2015,3.0,14.7,19.1
elderly_headed_hh,lowest_quintile,2016,3.1,15.3,19.8
elderly_headed_hh,second_quintile,1979,13.4,14.9,16.1
elderly_headed_hh,second_quintile,1980,13.1,15.1,16.3
elderly_headed_hh,second_quintile,1981,13.3,15.7,16.9
elderly_headed_hh,second_quintile,1982,13.1,16.0,17.2
elderly_headed_hh,second_quintile,1983,13.2,16.6,17.7
elderly_headed_hh,second_quintile,1984,12.8,15.8,17.0
elderly_headed_hh,second_quintile,1985,12.4,15.7,16.8
elderly_headed_hh,second_quintile,1986,12.4,16.0,17.2
elderly_headed_hh,second_quintile,1987,14.5,18.2,19.6
elderly_headed_hh,second_quintile,1988,14.5,18.1,19.5
elderly_headed_hh,second_quintile,1989,14.0,17.7,19.0
elderly_headed_hh,second_quintile,1990,14.1,17.6,18.8
elderly_headed_hh,second_quintile,1991,15.2,18.9,20.0
elderly_headed_hh,second_quintile,1992,14.6,18.7,19.9
elderly_headed_hh,second_quintile,1993,15.0,19.2,20.6
elderly_headed_hh,second_quintile,1994,15.1,19.0,20.4
elderly_headed_hh,second_quintile,1995,14.2,18.0,19.5
elderly_headed_hh,second_quintile,1996,12.6,16.9,18.7
elderly_headed_hh,second_quintile,1997,11.9,16.0,17.6
elderly_headed_hh,second_quintile,1998,11.5,15.3,16.8
elderly_headed_hh,second_quintile,1999,11.1,14.8,16.3
elderly_headed_hh,second_quintile,2000,11.5,15.2,16.8
elderly_headed_hh,second_quintile,2001,13.0,16.8,18.3
elderly_headed_hh,second_quintile,2002,13.1,17.0,18.5
elderly_headed_hh,second_quintile,2003,12.5,16.4,17.8
elderly_headed_hh,second_quintile,2004,11.2,15.2,16.6
elderly_headed_hh,second_quintile,2005,9.9,13.7,15.2
elderly_headed_hh,second_quintile,2006,9.3,13.1,14.5
elderly_headed_hh,second_quintile,2007,9.0,12.8,14.2
elderly_headed_hh,second_quintile,2008,10.1,14.1,15.4
elderly_headed_hh,second_quintile,2009,11.4,15.8,17.2
elderly_headed_hh,second_quintile,2010,10.1,14.6,16.1
elderly_headed_hh,second_quintile,2011,9.5,13.8,15.2
elderly_headed_hh,second_quintile,2012,8.6,13.0,14.6
elderly_headed_hh,second_quintile,2013,9.2,13.6,15.3
elderly_headed_hh,second_quintile,2014,8.4,12.4,14.1
elderly_headed_hh,second_quintile,2015,8.5,12.4,14.0
elderly_headed_hh,second_quintile,2016,8.9,12.9,14.5
elderly_headed_hh,middle_quintile,1979,11.6,10.8,11.0
elderly_headed_hh,middle_quintile,1980,12.5,11.6,11.8
elderly_headed_hh,middle_quintile,1981,12.7,12.1,12.3
elderly_headed_hh,middle_quintile,1982,13.9,13.5,13.7
elderly_headed_hh,middle_quintile,1983,13.4,13.3,13.5
elderly_headed_hh,middle_quintile,1984,13.8,13.8,14.1
elderly_headed_hh,middle_quintile,1985,13.6,13.7,14.0
elderly_headed_hh,middle_quintile,1986,13.1,13.4,13.7
elderly_headed_hh,middle_quintile,1987,14.5,14.2,14.5
elderly_headed_hh,middle_quintile,1988,13.5,13.4,13.7
elderly_headed_hh,middle_quintile,1989,14.1,14.0,14.2
elderly_headed_hh,middle_quintile,1990,14.5,14.2,14.4
elderly_headed_hh,middle_quintile,1991,16.0,15.5,15.6
elderly_headed_hh,middle_quintile,1992,15.1,14.8,14.9
elderly_headed_hh,middle_quintile,1993,14.5,14.0,14.2
elderly_headed_hh,middle_quintile,1994,14.8,14.1,14.3
elderly_headed_hh,middle_quintile,1995,14.4,13.9,14.1
elderly_headed_hh,middle_quintile,1996,13.6,14.0,14.5
elderly_headed_hh,middle_quintile,1997,13.5,14.0,14.6
elderly_headed_hh,middle_quintile,1998,13.1,13.6,14.1
elderly_headed_hh,middle_quintile,1999,12.7,13.3,13.7
elderly_headed_hh,middle_quintile,2000,13.1,13.7,14.1
elderly_headed_hh,middle_quintile,2001,14.7,14.9,15.2
elderly_headed_hh,middle_quintile,2002,15.3,15.2,15.5
elderly_headed_hh,middle_quintile,2003,14.4,14.5,14.8
elderly_headed_hh,middle_quintile,2004,13.6,14.0,14.4
elderly_headed_hh,middle_quintile,2005,12.6,13.3,13.8
elderly_headed_hh,middle_quintile,2006,12.2,13.2,13.8
elderly_headed_hh,middle_quintile,2007,11.3,12.4,12.9
elderly_headed_hh,middle_quintile,2008,13.4,14.1,14.5
elderly_headed_hh,middle_quintile,2009,15.1,15.4,15.7
elderly_headed_hh,middle_quintile,2010,14.1,14.9,15.4
elderly_headed_hh,middle_quintile,2011,13.6,14.5,15.0
elderly_headed_hh,middle_quintile,2012,12.6,13.9,14.5
elderly_headed_hh,middle_quintile,2013,12.9,14.0,14.7
elderly_headed_hh,middle_quintile,2014,12.4,13.7,14.5
elderly_headed_hh,middle_quintile,2015,12.9,14.1,14.8
elderly_headed_hh,middle_quintile,2016,12.6,13.6,14.3
elderly_headed_hh,fourth_quintile,1979,13.0,11.0,10.7
elderly_headed_hh,fourth_quintile,1980,13.3,11.2,10.9
elderly_headed_hh,fourth_quintile,1981,13.6,11.6,11.3
elderly_headed_hh,fourth_quintile,1982,14.1,12.0,11.7
elderly_headed_hh,fourth_quintile,1983,15.4,13.2,12.9
elderly_headed_hh,fourth_quintile,1984,15.3,13.2,12.9
elderly_headed_hh,fourth_quintile,1985,14.4,12.7,12.5
elderly_headed_hh,fourth_quintile,1986,13.2,11.9,11.6
elderly_headed_hh,fourth_quintile,1987,15.3,13.0,12.6
elderly_headed_hh,fourth_quintile,1988,14.7,12.8,12.4
elderly_headed_hh,fourth_quintile,1989,14.8,12.9,12.5
elderly_headed_hh,fourth_quintile,1990,14.8,12.8,12.4
elderly_headed_hh,fourth_quintile,1991,15.3,12.7,12.2
elderly_headed_hh,fourth_quintile,1992,15.4,12.9,12.4
elderly_headed_hh,fourth_quintile,1993,15.6,12.9,12.5
elderly_headed_hh,fourth_quintile,1994,14.8,12.2,11.7
elderly_headed_hh,fourth_quintile,1995,15.3,12.9,12.4
elderly_headed_hh,fourth_quintile,1996,14.2,12.4,12.1
elderly_headed_hh,fourth_quintile,1997,14.1,12.6,12.3
elderly_headed_hh,fourth_quintile,1998,13.7,12.3,12.0
elderly_headed_hh,fourth_quintile,1999,14.0,12.8,12.5
elderly_headed_hh,fourth_quintile,2000,14.0,12.8,12.4
elderly_headed_hh,fourth_quintile,2001,15.7,13.6,13.1
elderly_headed_hh,fourth_quintile,2002,15.4,13.0,12.6
elderly_headed_hh,fourth_quintile,2003,16.0,13.6,13.2
elderly_headed_hh,fourth_quintile,2004,14.2,12.6,12.2
elderly_headed_hh,fourth_quintile,2005,13.9,12.7,12.5
elderly_headed_hh,fourth_quintile,2006,13.9,12.8,12.7
elderly_headed_hh,fourth_quintile,2007,13.5,12.7,12.7
elderly_headed_hh,fourth_quintile,2008,16.0,14.2,13.9
elderly_headed_hh,fourth_quintile,2009,17.4,14.7,14.3
elderly_headed_hh,fourth_quintile,2010,17.1,14.9,14.7
elderly_headed_hh,fourth_quintile,2011,17.2,15.0,14.8
elderly_headed_hh,fourth_quintile,2012,15.5,14.0,14.0
elderly_headed_hh,fourth_quintile,2013,17.2,15.3,15.3
elderly_headed_hh,fourth_quintile,2014,16.6,15.3,15.3
elderly_headed_hh,fourth_quintile,2015,16.2,14.7,14.7
elderly_headed_hh,fourth_quintile,2016,16.4,14.9,14.8
elderly_headed_hh,highest_quintile,1979,54.8,40.2,33.4
elderly_headed_hh,highest_quintile,1980,55.3,40.1,33.6
elderly_headed_hh,highest_quintile,1981,55.4,40.1,34.1
elderly_headed_hh,highest_quintile,1982,54.8,39.4,34.3
elderly_headed_hh,highest_quintile,1983,54.5,38.9,34.0
elderly_headed_hh,highest_quintile,1984,54.4,40.0,34.8
elderly_headed_hh,highest_quintile,1985,55.8,40.9,35.8
elderly_headed_hh,highest_quintile,1986,58.1,43.0,38.0
elderly_headed_hh,highest_quintile,1987,52.3,37.5,32.1
elderly_headed_hh,highest_quintile,1988,54.3,39.5,34.1
elderly_headed_hh,highest_quintile,1989,53.8,39.2,34.0
elderly_headed_hh,highest_quintile,1990,52.8,38.0,33.0
elderly_headed_hh,highest_quintile,1991,49.9,34.8,30.1
elderly_headed_hh,highest_quintile,1992,52.2,36.3,31.1
elderly_headed_hh,highest_quintile,1993,52.1,35.6,30.1
elderly_headed_hh,highest_quintile,1994,53.0,36.0,30.2
elderly_headed_hh,highest_quintile,1995,53.3,36.9,30.9
elderly_headed_hh,highest_quintile,1996,57.8,41.0,34.7
elderly_headed_hh,highest_quintile,1997,58.6,42.2,36.1
elderly_headed_hh,highest_quintile,1998,59.6,43.7,37.9
elderly_headed_hh,highest_quintile,1999,59.5,44.5,38.6
elderly_headed_hh,highest_quintile,2000,58.1,43.8,38.0
elderly_headed_hh,highest_quintile,2001,54.3,39.0,33.4
elderly_headed_hh,highest_quintile,2002,53.8,37.3,31.6
elderly_headed_hh,highest_quintile,2003,55.2,38.4,32.8
elderly_headed_hh,highest_quintile,2004,59.4,42.4,36.4
elderly_headed_hh,highest_quintile,2005,62.0,45.6,39.5
elderly_headed_hh,highest_quintile,2006,62.8,46.4,40.5
elderly_headed_hh,highest_quintile,2007,64.4,48.9,43.4
elderly_headed_hh,highest_quintile,2008,59.0,42.3,36.8
elderly_headed_hh,highest_quintile,2009,57.0,38.3,33.1
elderly_headed_hh,highest_quintile,2010,59.0,40.9,35.4
elderly_headed_hh,highest_quintile,2011,59.9,42.2,36.7
elderly_headed_hh,highest_quintile,2012,64.0,46.1,40.4
elderly_headed_hh,highest_quintile,2013,61.2,44.0,37.9
elderly_headed_hh,highest_quintile,2014,63.2,46.3,39.8
elderly_headed_hh,highest_quintile,2015,62.8,45.8,39.4
elderly_headed_hh,highest_quintile,2016,62.3,45.1,38.6
elderly_headed_hh,percentiles_81_90,1979,9.0,7.2,6.8
elderly_headed_hh,percentiles_81_90,1980,10.0,7.9,7.3
elderly_headed_hh,percentiles_81_90,1981,10.1,8.0,7.5
elderly_headed_hh,percentiles_81_90,1982,10.0,8.0,7.5
elderly_headed_hh,percentiles_81_90,1983,10.3,8.1,7.6
elderly_headed_hh,percentiles_81_90,1984,10.4,8.5,8.0
elderly_headed_hh,percentiles_81_90,1985,9.8,8.0,7.5
elderly_headed_hh,percentiles_81_90,1986,8.4,7.0,6.5
elderly_headed_hh,percentiles_81_90,1987,8.9,7.0,6.5
elderly_headed_hh,percentiles_81_90,1988,9.4,7.6,7.0
elderly_headed_hh,percentiles_81_90,1989,9.6,7.6,7.1
elderly_headed_hh,percentiles_81_90,1990,9.7,7.7,7.1
elderly_headed_hh,percentiles_81_90,1991,9.9,7.7,7.0
elderly_headed_hh,percentiles_81_90,1992,9.8,7.6,7.0
elderly_headed_hh,percentiles_81_90,1993,10.0,7.6,7.0
elderly_headed_hh,percentiles_81_90,1994,9.5,7.2,6.6
elderly_headed_hh,percentiles_81_90,1995,10.0,7.7,7.0
elderly_headed_hh,percentiles_81_90,1996,10.1,8.1,7.6
elderly_headed_hh,percentiles_81_90,1997,9.1,7.4,6.9
elderly_headed_hh,percentiles_81_90,1998,9.9,8.2,7.6
elderly_headed_hh,percentiles_81_90,1999,9.7,8.1,7.6
elderly_headed_hh,percentiles_81_90,2000,9.5,8.0,7.5
elderly_headed_hh,percentiles_81_90,2001,10.2,8.2,7.5
elderly_headed_hh,percentiles_81_90,2002,10.1,7.9,7.3
elderly_headed_hh,percentiles_81_90,2003,9.7,7.6,7.0
elderly_headed_hh,percentiles_81_90,2004,9.7,7.8,7.3
elderly_headed_hh,percentiles_81_90,2005,10.0,8.4,7.9
elderly_headed_hh,percentiles_81_90,2006,10.0,8.4,8.0
elderly_headed_hh,percentiles_81_90,2007,9.7,8.4,8.1
elderly_headed_hh,percentiles_81_90,2008,10.1,8.2,7.8
elderly_headed_hh,percentiles_81_90,2009,11.4,8.6,8.1
elderly_headed_hh,percentiles_81_90,2010,11.7,9.2,8.6
elderly_headed_hh,percentiles_81_90,2011,11.2,8.9,8.4
elderly_headed_hh,percentiles_81_90,2012,11.2,9.2,8.7
elderly_headed_hh,percentiles_81_90,2013,12.7,10.2,9.7
elderly_headed_hh,percentiles_81_90,2014,11.6,9.6,9.2
elderly_headed_hh,percentiles_81_90,2015,11.5,9.4,9.0
elderly_headed_hh,percentiles_81_90,2016,12.3,9.9,9.4
elderly_headed_hh,percentiles_91_95,1979,6.7,5.2,4.7
elderly_headed_hh,percentiles_91_95,1980,7.4,5.6,5.0
elderly_headed_hh,percentiles_91_95,1981,7.7,5.9,5.3
elderly_headed_hh,percentiles_91_95,1982,7.3,5.6,5.1
elderly_headed_hh,percentiles_91_95,1983,7.5,5.6,5.1
elderly_headed_hh,percentiles_91_95,1984,7.8,6.0,5.5
elderly_headed_hh,percentiles_91_95,1985,6.9,5.4,4.9
elderly_headed_hh,percentiles_91_95,1986,6.7,5.4,4.9
elderly_headed_hh,percentiles_91_95,1987,7.0,5.3,4.8
elderly_headed_hh,percentiles_91_95,1988,6.3,4.9,4.4
elderly_headed_hh,percentiles_91_95,1989,6.9,5.3,4.8
elderly_headed_hh,percentiles_91_95,1990,7.7,5.9,5.3
elderly_headed_hh,percentiles_91_95,1991,7.4,5.4,4.8
elderly_headed_hh,percentiles_91_95,1992,7.6,5.6,5.0
elderly_headed_hh,percentiles_91_95,1993,7.7,5.6,4.9
elderly_headed_hh,percentiles_91_95,1994,7.8,5.7,5.1
elderly_headed_hh,percentiles_91_95,1995,8.2,6.0,5.3
elderly_headed_hh,percentiles_91_95,1996,8.0,6.0,5.4
elderly_headed_hh,percentiles_91_95,1997,8.8,6.7,6.1
elderly_headed_hh,percentiles_91_95,1998,8.6,6.8,6.2
elderly_headed_hh,percentiles_91_95,1999,7.7,6.1,5.6
elderly_headed_hh,percentiles_91_95,2000,8.2,6.6,6.0
elderly_headed_hh,percentiles_91_95,2001,7.2,5.5,5.0
elderly_headed_hh,percentiles_91_95,2002,7.0,5.2,4.7
elderly_headed_hh,percentiles_91_95,2003,7.4,5.5,5.0
elderly_headed_hh,percentiles_91_95,2004,6.9,5.3,4.8
elderly_headed_hh,percentiles_91_95,2005,7.6,6.0,5.6
elderly_headed_hh,percentiles_91_95,2006,8.0,6.4,5.9
elderly_headed_hh,percentiles_91_95,2007,7.8,6.4,6.0
elderly_headed_hh,percentiles_91_95,2008,8.0,6.2,5.7
elderly_headed_hh,percentiles_91_95,2009,8.3,6.0,5.4
elderly_headed_hh,percentiles_91_95,2010,8.7,6.4,5.8
elderly_headed_hh,percentiles_91_95,2011,8.6,6.4,5.9
elderly_headed_hh,percentiles_91_95,2012,8.5,6.6,6.1
elderly_headed_hh,percentiles_91_95,2013,8.7,6.5,6.0
elderly_headed_hh,percentiles_91_95,2014,9.0,7.0,6.5
elderly_headed_hh,percentiles_91_95,2015,9.0,7.0,6.5
elderly_headed_hh,percentiles_91_95,2016,8.9,6.8,6.3
elderly_headed_hh,percentiles_96_99,1979,14.4,10.7,9.2
elderly_headed_hh,percentiles_96_99,1980,15.1,11.0,9.5
elderly_headed_hh,percentiles_96_99,1981,15.7,11.4,9.7
elderly_headed_hh,percentiles_96_99,1982,14.3,10.4,9.0
elderly_headed_hh,percentiles_96_99,1983,13.6,9.8,8.6
elderly_headed_hh,percentiles_96_99,1984,12.1,9.0,7.8
elderly_headed_hh,percentiles_96_99,1985,13.0,9.6,8.5
elderly_headed_hh,percentiles_96_99,1986,13.5,10.1,9.0
elderly_headed_hh,percentiles_96_99,1987,14.0,10.1,8.7
elderly_headed_hh,percentiles_96_99,1988,13.2,9.7,8.5
elderly_headed_hh,percentiles_96_99,1989,14.5,10.6,9.2
elderly_headed_hh,percentiles_96_99,1990,13.4,9.7,8.4
elderly_headed_hh,percentiles_96_99,1991,13.4,9.3,8.1
elderly_headed_hh,percentiles_96_99,1992,14.2,9.8,8.5
elderly_headed_hh,percentiles_96_99,1993,13.1,8.9,7.7
elderly_headed_hh,percentiles_96_99,1994,13.6,9.3,7.9
elderly_headed_hh,percentiles_96_99,1995,13.6,9.5,8.1
elderly_headed_hh,percentiles_96_99,1996,13.9,9.9,8.5
elderly_headed_hh,percentiles_96_99,1997,14.6,10.7,9.2
elderly_headed_hh,percentiles_96_99,1998,13.9,10.4,9.1
elderly_headed_hh,percentiles_96_99,1999,14.1,10.7,9.4
elderly_headed_hh,percentiles_96_99,2000,14.3,10.9,9.5
elderly_headed_hh,percentiles_96_99,2001,13.0,9.4,8.2
elderly_headed_hh,percentiles_96_99,2002,12.5,8.8,7.6
elderly_headed_hh,percentiles_96_99,2003,12.5,8.8,7.7
elderly_headed_hh,percentiles_96_99,2004,12.7,9.2,8.1
elderly_headed_hh,percentiles_96_99,2005,13.4,10.0,8.7
elderly_headed_hh,percentiles_96_99,2006,14.5,10.8,9.5
elderly_headed_hh,percentiles_96_99,2007,14.1,10.9,9.7
elderly_headed_hh,percentiles_96_99,2008,12.9,9.3,8.1
elderly_headed_hh,percentiles_96_99,2009,12.4,8.4,7.3
elderly_headed_hh,percentiles_96_99,2010,12.9,9.0,7.8
elderly_headed_hh,percentiles_96_99,2011,13.0,9.2,8.1
elderly_headed_hh,percentiles_96_99,2012,13.2,9.5,8.4
elderly_headed_hh,percentiles_96_99,2013,14.6,10.5,9.1
elderly_headed_hh,percentiles_96_99,2014,14.6,10.7,9.4
elderly_headed_hh,percentiles_96_99,2015,14.2,10.4,9.1
elderly_headed_hh,percentiles_96_99,2016,14.5,10.5,9.1
elderly_headed_hh,top_1_percent,1979,24.6,17.1,12.7
elderly_headed_hh,top_1_percent,1980,22.9,15.6,11.8
elderly_headed_hh,top_1_percent,1981,21.9,14.9,11.6
elderly_headed_hh,top_1_percent,1982,23.2,15.5,12.7
elderly_headed_hh,top_1_percent,1983,23.2,15.4,12.7
elderly_headed_hh,top_1_percent,1984,24.0,16.4,13.5
elderly_headed_hh,top_1_percent,1985,26.1,17.9,14.9
elderly_headed_hh,top_1_percent,1986,29.5,20.5,17.6
elderly_headed_hh,top_1_percent,1987,22.4,15.0,12.2
elderly_headed_hh,top_1_percent,1988,25.4,17.3,14.2
elderly_headed_hh,top_1_percent,1989,22.8,15.6,12.9
elderly_headed_hh,top_1_percent,1990,22.0,14.8,12.2
elderly_headed_hh,top_1_percent,1991,19.1,12.4,10.1
elderly_headed_hh,top_1_percent,1992,20.6,13.3,10.7
elderly_headed_hh,top_1_percent,1993,21.4,13.5,10.4
elderly_headed_hh,top_1_percent,1994,22.1,13.9,10.6
elderly_headed_hh,top_1_percent,1995,21.5,13.7,10.4
elderly_headed_hh,top_1_percent,1996,25.8,17.0,13.2
elderly_headed_hh,top_1_percent,1997,26.1,17.4,13.8
elderly_headed_hh,top_1_percent,1998,27.1,18.4,15.0
elderly_headed_hh,top_1_percent,1999,28.0,19.6,16.1
elderly_headed_hh,top_1_percent,2000,26.1,18.3,15.0
elderly_headed_hh,top_1_percent,2001,23.9,15.9,12.7
elderly_headed_hh,top_1_percent,2002,24.1,15.4,12.2
elderly_headed_hh,top_1_percent,2003,25.6,16.5,13.1
elderly_headed_hh,top_1_percent,2004,30.0,20.0,16.2
elderly_headed_hh,top_1_percent,2005,30.8,21.2,17.3
elderly_headed_hh,top_1_percent,2006,30.2,20.8,17.2
elderly_headed_hh,top_1_percent,2007,32.7,23.2,19.7
elderly_headed_hh,top_1_percent,2008,27.9,18.6,15.3
elderly_headed_hh,top_1_percent,2009,24.9,15.3,12.4
elderly_headed_hh,top_1_percent,2010,25.6,16.3,13.2
elderly_headed_hh,top_1_percent,2011,27.1,17.6,14.3
elderly_headed_hh,top_1_percent,2012,31.1,20.8,17.2
elderly_headed_hh,top_1_percent,2013,25.3,16.8,13.0
elderly_headed_hh,top_1_percent,2014,27.9,18.9,14.8
elderly_headed_hh,top_1_percent,2015,28.0,19.0,14.9
elderly_headed_hh,top_1_percent,2016,26.6,17.8,13.9
nonelderly_childless_hh,all_quintiles,1979,100.0,100.0,100.0
nonelderly_childless_hh,all_quintiles,1980,100.0,100.0,100.0
nonelderly_childless_hh,all_quintiles,1981,100.0,100.0,100.0
nonelderly_childless_hh,all_quintiles,1982,100.0,100.0,100.0
nonelderly_childless_hh,all_quintiles,1983,100.0,100.0,100.0
nonelderly_childless_hh,all_quintiles,1984,100.0,100.0,100.0
nonelderly_childless_hh,all_quintiles,1985,100.0,100.0,100.0
nonelderly_childless_hh,all_quintiles,1986,100.0,100.0,100.0
nonelderly_childless_hh,all_quintiles,1987,100.0,100.0,100.0
nonelderly_childless_hh,all_quintiles,1988,100.0,100.0,100.0
nonelderly_childless_hh,all_quintiles,1989,100.0,100.0,100.0
nonelderly_childless_hh,all_quintiles,1990,100.0,100.0,100.0
nonelderly_childless_hh,all_quintiles,1991,100.0,100.0,100.0
nonelderly_childless_hh,all_quintiles,1992,100.0,100.0,100.0
nonelderly_childless_hh,all_quintiles,1993,100.0,100.0,100.0
nonelderly_childless_hh,all_quintiles,1994,100.0,100.0,100.0
nonelderly_childless_hh,all_quintiles,1995,100.0,100.0,100.0
nonelderly_childless_hh,all_quintiles,1996,100.0,100.0,100.0
nonelderly_childless_hh,all_quintiles,1997,100.0,100.0,100.0
nonelderly_childless_hh,all_quintiles,1998,100.0,100.0,100.0
nonelderly_childless_hh,all_quintiles,1999,100.0,100.0,100.0
nonelderly_childless_hh,all_quintiles,2000,100.0,100.0,100.0
nonelderly_childless_hh,all_quintiles,2001,100.0,100.0,100.0
nonelderly_childless_hh,all_quintiles,2002,100.0,100.0,100.0
nonelderly_childless_hh,all_quintiles,2003,100.0,100.0,100.0
nonelderly_childless_hh,all_quintiles,2004,100.0,100.0,100.0
nonelderly_childless_hh,all_quintiles,2005,100.0,100.0,100.0
nonelderly_childless_hh,all_quintiles,2006,100.0,100.0,100.0
nonelderly_childless_hh,all_quintiles,2007,100.0,100.0,100.0
nonelderly_childless_hh,all_quintiles,2008,100.0,100.0,100.0
nonelderly_childless_hh,all_quintiles,2009,100.0,100.0,100.0
nonelderly_childless_hh,all_quintiles,2010,100.0,100.0,100.0
nonelderly_childless_hh,all_quintiles,2011,100.0,100.0,100.0
nonelderly_childless_hh,all_quintiles,2012,100.0,100.0,100.0
nonelderly_childless_hh,all_quintiles,2013,100.0,100.0,100.0
nonelderly_childless_hh,all_quintiles,2014,100.0,100.0,100.0
nonelderly_childless_hh,all_quintiles,2015,100.0,100.0,100.0
nonelderly_childless_hh,all_quintiles,2016,100.0,100.0,100.0
nonelderly_childless_hh,lowest_quintile,1979,1.7,2.7,4.1
nonelderly_childless_hh,lowest_quintile,1980,1.5,2.6,4.2
nonelderly_childless_hh,lowest_quintile,1981,1.5,2.7,4.4
nonelderly_childless_hh,lowest_quintile,1982,1.4,2.6,4.1
nonelderly_childless_hh,lowest_quintile,1983,1.3,2.4,3.8
nonelderly_childless_hh,lowest_quintile,1984,1.7,2.7,4.2
nonelderly_childless_hh,lowest_quintile,1985,1.4,2.4,3.8
nonelderly_childless_hh,lowest_quintile,1986,1.4,2.3,3.7
nonelderly_childless_hh,lowest_quintile,1987,1.2,2.1,3.3
nonelderly_childless_hh,lowest_quintile,1988,1.1,2.0,3.3
nonelderly_childless_hh,lowest_quintile,1989,1.3,2.1,3.5
nonelderly_childless_hh,lowest_quintile,1990,1.3,2.2,3.5
nonelderly_childless_hh,lowest_quintile,1991,1.3,2.3,3.9
nonelderly_childless_hh,lowest_quintile,1992,1.3,2.3,4.0
nonelderly_childless_hh,lowest_quintile,1993,1.2,2.3,4.0
nonelderly_childless_hh,lowest_quintile,1994,1.1,2.1,3.9
nonelderly_childless_hh,lowest_quintile,1995,1.4,2.5,4.6
nonelderly_childless_hh,lowest_quintile,1996,1.2,2.3,4.4
nonelderly_childless_hh,lowest_quintile,1997,1.3,2.4,4.6
nonelderly_childless_hh,lowest_quintile,1998,1.4,2.5,4.7
nonelderly_childless_hh,lowest_quintile,1999,1.5,2.6,4.7
nonelderly_childless_hh,lowest_quintile,2000,1.4,2.5,4.7
nonelderly_childless_hh,lowest_quintile,2001,1.4,2.6,5.1
nonelderly_childless_hh,lowest_quintile,2002,1.4,2.8,5.4
nonelderly_childless_hh,lowest_quintile,2003,1.4,2.8,5.4
nonelderly_childless_hh,lowest_quintile,2004,1.4,2.8,5.5
nonelderly_childless_hh,lowest_quintile,2005,1.5,2.9,5.5
nonelderly_childless_hh,lowest_quintile,2006,1.4,2.9,5.4
nonelderly_childless_hh,lowest_quintile,2007,1.8,3.4,5.9
nonelderly_childless_hh,lowest_quintile,2008,1.7,3.4,6.2
nonelderly_childless_hh,lowest_quintile,2009,1.6,3.6,6.6
nonelderly_childless_hh,lowest_quintile,2010,1.6,3.8,7.2
nonelderly_childless_hh,lowest_quintile,2011,1.7,3.8,7.1
nonelderly_childless_hh,lowest_quintile,2012,1.4,3.4,6.5
nonelderly_childless_hh,lowest_quintile,2013,1.7,3.6,7.1
nonelderly_childless_hh,lowest_quintile,2014,1.5,3.2,6.8
nonelderly_childless_hh,lowest_quintile,2015,1.5,3.2,6.7
nonelderly_childless_hh,lowest_quintile,2016,1.6,3.2,6.8
nonelderly_childless_hh,second_quintile,1979,6.8,7.2,8.0
nonelderly_childless_hh,second_quintile,1980,6.5,7.0,7.8
nonelderly_childless_hh,second_quintile,1981,6.5,7.0,7.8
nonelderly_childless_hh,second_quintile,1982,6.1,6.6,7.3
nonelderly_childless_hh,second_quintile,1983,5.9,6.4,7.1
nonelderly_childless_hh,second_quintile,1984,6.4,6.8,7.4
nonelderly_childless_hh,second_quintile,1985,6.1,6.5,7.0
nonelderly_childless_hh,second_quintile,1986,5.4,5.8,6.4
nonelderly_childless_hh,second_quintile,1987,5.7,6.1,6.8
nonelderly_childless_hh,second_quintile,1988,5.5,5.9,6.6
nonelderly_childless_hh,second_quintile,1989,5.7,6.1,6.8
nonelderly_childless_hh,second_quintile,1990,5.6,6.1,6.8
nonelderly_childless_hh,second_quintile,1991,5.4,5.9,6.6
nonelderly_childless_hh,second_quintile,1992,5.2,5.7,6.5
nonelderly_childless_hh,second_quintile,1993,5.0,5.5,6.4
nonelderly_childless_hh,second_quintile,1994,5.1,5.6,6.5
nonelderly_childless_hh,second_quintile,1995,5.2,5.7,6.5
nonelderly_childless_hh,second_quintile,1996,5.0,5.4,6.3
nonelderly_childless_hh,second_quintile,1997,5.1,5.5,6.3
nonelderly_childless_hh,second_quintile,1998,5.2,5.5,6.4
nonelderly_childless_hh,second_quintile,1999,5.3,5.6,6.6
nonelderly_childless_hh,second_quintile,2000,5.4,5.7,6.7
nonelderly_childless_hh,second_quintile,2001,5.3,5.7,6.7
nonelderly_childless_hh,second_quintile,2002,5.5,6.0,7.1
nonelderly_childless_hh,second_quintile,2003,5.3,5.8,6.8
nonelderly_childless_hh,second_quintile,2004,5.2,5.7,6.8
nonelderly_childless_hh,second_quintile,2005,5.2,5.7,6.8
nonelderly_childless_hh,second_quintile,2006,5.2,5.7,6.7
nonelderly_childless_hh,second_quintile,2007,5.5,6.0,7.0
nonelderly_childless_hh,second_quintile,2008,5.7,6.3,7.4
nonelderly_childless_hh,second_quintile,2009,5.6,6.4,7.7
nonelderly_childless_hh,second_quintile,2010,5.7,6.6,8.0
nonelderly_childless_hh,second_quintile,2011,5.7,6.4,7.7
nonelderly_childless_hh,second_quintile,2012,5.3,5.9,7.3
nonelderly_childless_hh,second_quintile,2013,5.6,6.2,7.6
nonelderly_childless_hh,second_quintile,2014,5.6,6.2,7.8
nonelderly_childless_hh,second_quintile,2015,5.7,6.2,7.9
nonelderly_childless_hh,second_quintile,2016,5.6,6.2,7.9
nonelderly_childless_hh,middle_quintile,1979,11.3,11.5,12.1
nonelderly_childless_hh,middle_quintile,1980,11.3,11.4,11.9
nonelderly_childless_hh,middle_quintile,1981,11.4,11.5,12.0
nonelderly_childless_hh,middle_quintile,1982,11.0,11.1,11.6
nonelderly_childless_hh,middle_quintile,1983,11.3,11.4,11.8
nonelderly_childless_hh,middle_quintile,1984,11.4,11.5,11.8
nonelderly_childless_hh,middle_quintile,1985,10.9,11.0,11.4
nonelderly_childless_hh,middle_quintile,1986,10.8,10.9,11.2
nonelderly_childless_hh,middle_quintile,1987,11.2,11.4,11.9
nonelderly_childless_hh,middle_quintile,1988,10.6,10.8,11.3
nonelderly_childless_hh,middle_quintile,1989,11.2,11.2,11.7
nonelderly_childless_hh,middle_quintile,1990,10.6,10.8,11.2
nonelderly_childless_hh,middle_quintile,1991,11.1,11.3,11.8
nonelderly_childless_hh,middle_quintile,1992,10.9,11.1,11.6
nonelderly_childless_hh,middle_quintile,1993,10.9,11.1,11.6
nonelderly_childless_hh,middle_quintile,1994,11.1,11.3,11.9
nonelderly_childless_hh,middle_quintile,1995,11.2,11.4,12.0
nonelderly_childless_hh,middle_quintile,1996,10.9,11.1,11.7
nonelderly_childless_hh,middle_quintile,1997,10.7,10.8,11.4
nonelderly_childless_hh,middle_quintile,1998,10.7,10.8,11.4
nonelderly_childless_hh,middle_quintile,1999,10.4,10.5,11.1
nonelderly_childless_hh,middle_quintile,2000,10.5,10.6,11.2
nonelderly_childless_hh,middle_quintile,2001,10.6,10.7,11.4
nonelderly_childless_hh,middle_quintile,2002,11.1,11.3,11.9
nonelderly_childless_hh,middle_quintile,2003,10.9,11.1,11.6
nonelderly_childless_hh,middle_quintile,2004,11.0,11.1,11.7
nonelderly_childless_hh,middle_quintile,2005,10.6,10.7,11.3
nonelderly_childless_hh,middle_quintile,2006,10.8,11.0,11.5
nonelderly_childless_hh,middle_quintile,2007,11.1,11.2,11.7
nonelderly_childless_hh,middle_quintile,2008,11.4,11.4,12.1
nonelderly_childless_hh,middle_quintile,2009,11.4,11.6,12.3
nonelderly_childless_hh,middle_quintile,2010,11.4,11.7,12.3
nonelderly_childless_hh,middle_quintile,2011,11.4,11.7,12.3
nonelderly_childless_hh,middle_quintile,2012,11.0,11.2,11.9
nonelderly_childless_hh,middle_quintile,2013,11.7,11.9,12.6
nonelderly_childless_hh,middle_quintile,2014,11.1,11.3,12.0
nonelderly_childless_hh,middle_quintile,2015,11.7,11.7,12.5
nonelderly_childless_hh,middle_quintile,2016,11.6,11.6,12.4
nonelderly_childless_hh,fourth_quintile,1979,20.6,20.4,20.6
nonelderly_childless_hh,fourth_quintile,1980,21.0,20.7,20.9
nonelderly_childless_hh,fourth_quintile,1981,20.5,20.3,20.3
nonelderly_childless_hh,fourth_quintile,1982,20.3,20.1,20.1
nonelderly_childless_hh,fourth_quintile,1983,20.8,20.6,20.6
nonelderly_childless_hh,fourth_quintile,1984,20.8,20.5,20.5
nonelderly_childless_hh,fourth_quintile,1985,20.4,20.2,20.2
nonelderly_childless_hh,fourth_quintile,1986,20.0,19.8,19.7
nonelderly_childless_hh,fourth_quintile,1987,20.8,20.7,21.0
nonelderly_childless_hh,fourth_quintile,1988,20.4,20.2,20.4
nonelderly_childless_hh,fourth_quintile,1989,20.6,20.4,20.6
nonelderly_childless_hh,fourth_quintile,1990,20.7,20.5,20.6
nonelderly_childless_hh,fourth_quintile,1991,20.8,20.7,20.8
nonelderly_childless_hh,fourth_quintile,1992,20.2,20.0,20.2
nonelderly_childless_hh,fourth_quintile,1993,20.8,20.6,20.9
nonelderly_childless_hh,fourth_quintile,1994,21.2,21.0,21.4
nonelderly_childless_hh,fourth_quintile,1995,21.3,21.1,21.4
nonelderly_childless_hh,fourth_quintile,1996,20.6,20.3,20.7
nonelderly_childless_hh,fourth_quintile,1997,19.9,19.7,20.1
nonelderly_childless_hh,fourth_quintile,1998,20.3,20.1,20.3
nonelderly_childless_hh,fourth_quintile,1999,19.9,19.7,20.0
nonelderly_childless_hh,fourth_quintile,2000,19.9,19.7,20.0
nonelderly_childless_hh,fourth_quintile,2001,21.0,20.7,21.0
nonelderly_childless_hh,fourth_quintile,2002,21.2,20.9,21.0
nonelderly_childless_hh,fourth_quintile,2003,20.9,20.6,20.5
nonelderly_childless_hh,fourth_quintile,2004,20.7,20.4,20.4
nonelderly_childless_hh,fourth_quintile,2005,19.6,19.3,19.4
nonelderly_childless_hh,fourth_quintile,2006,20.1,19.9,19.9
nonelderly_childless_hh,fourth_quintile,2007,20.1,19.7,19.7
nonelderly_childless_hh,fourth_quintile,2008,20.7,20.4,20.4
nonelderly_childless_hh,fourth_quintile,2009,21.4,20.9,20.8
nonelderly_childless_hh,fourth_quintile,2010,21.5,20.9,20.7
nonelderly_childless_hh,fourth_quintile,2011,21.2,20.7,20.5
nonelderly_childless_hh,fourth_quintile,2012,21.0,20.6,20.5
nonelderly_childless_hh,fourth_quintile,2013,21.2,20.8,20.6
nonelderly_childless_hh,fourth_quintile,2014,20.9,20.6,20.5
nonelderly_childless_hh,fourth_quintile,2015,21.7,21.3,21.1
nonelderly_childless_hh,fourth_quintile,2016,21.5,21.1,20.9
nonelderly_childless_hh,highest_quintile,1979,59.8,58.4,55.5
nonelderly_childless_hh,highest_quintile,1980,60.1,58.6,55.5
nonelderly_childless_hh,highest_quintile,1981,60.5,58.9,56.0
nonelderly_childless_hh,highest_quintile,1982,61.7,60.1,57.6
nonelderly_childless_hh,highest_quintile,1983,61.2,59.7,57.3
nonelderly_childless_hh,highest_quintile,1984,60.4,59.1,56.8
nonelderly_childless_hh,highest_quintile,1985,61.8,60.5,58.4
nonelderly_childless_hh,highest_quintile,1986,63.1,61.8,59.9
nonelderly_childless_hh,highest_quintile,1987,61.8,60.5,57.9
nonelderly_childless_hh,highest_quintile,1988,63.1,61.8,59.4
nonelderly_childless_hh,highest_quintile,1989,62.2,60.9,58.5
nonelderly_childless_hh,highest_quintile,1990,62.7,61.3,59.0
nonelderly_childless_hh,highest_quintile,1991,62.3,60.8,58.1
nonelderly_childless_hh,highest_quintile,1992,63.3,61.6,58.7
nonelderly_childless_hh,highest_quintile,1993,62.9,61.2,57.9
nonelderly_childless_hh,highest_quintile,1994,62.3,60.9,57.4
nonelderly_childless_hh,highest_quintile,1995,61.6,60.1,56.4
nonelderly_childless_hh,highest_quintile,1996,63.0,61.5,57.8
nonelderly_childless_hh,highest_quintile,1997,63.7,62.2,58.5
nonelderly_childless_hh,highest_quintile,1998,63.1,61.6,57.9
nonelderly_childless_hh,highest_quintile,1999,63.6,62.2,58.4
nonelderly_childless_hh,highest_quintile,2000,63.3,61.9,57.9
nonelderly_childless_hh,highest_quintile,2001,62.3,60.7,56.6
nonelderly_childless_hh,highest_quintile,2002,61.4,59.6,55.3
nonelderly_childless_hh,highest_quintile,2003,62.3,60.5,56.4
nonelderly_childless_hh,highest_quintile,2004,62.5,60.6,56.5
nonelderly_childless_hh,highest_quintile,2005,63.8,61.9,57.8
nonelderly_childless_hh,highest_quintile,2006,63.0,61.2,57.1
nonelderly_childless_hh,highest_quintile,2007,62.3,60.4,56.5
nonelderly_childless_hh,highest_quintile,2008,61.6,59.5,55.0
nonelderly_childless_hh,highest_quintile,2009,61.5,58.8,54.1
nonelderly_childless_hh,highest_quintile,2010,61.1,58.2,53.1
nonelderly_childless_hh,highest_quintile,2011,61.2,58.6,53.7
nonelderly_childless_hh,highest_quintile,2012,62.5,60.1,55.1
nonelderly_childless_hh,highest_quintile,2013,61.0,58.7,53.4
nonelderly_childless_hh,highest_quintile,2014,61.9,59.7,54.1
nonelderly_childless_hh,highest_quintile,2015,60.6,58.6,53.0
nonelderly_childless_hh,highest_quintile,2016,60.8,58.8,53.1
nonelderly_childless_hh,percentiles_81_90,1979,19.3,19.0,18.7
nonelderly_childless_hh,percentiles_81_90,1980,19.5,19.1,18.7
nonelderly_childless_hh,percentiles_81_90,1981,19.5,19.1,18.6
nonelderly_childless_hh,percentiles_81_90,1982,19.6,19.2,18.7
nonelderly_childless_hh,percentiles_81_90,1983,19.3,18.9,18.4
nonelderly_childless_hh,percentiles_81_90,1984,19.4,19.0,18.5
nonelderly_childless_hh,percentiles_81_90,1985,19.2,18.9,18.5
nonelderly_childless_hh,percentiles_81_90,1986,18.9,18.6,18.1
nonelderly_childless_hh,percentiles_81_90,1987,19.8,19.4,19.2
nonelderly_childless_hh,percentiles_81_90,1988,18.6,18.3,18.0
nonelderly_childless_hh,percentiles_81_90,1989,19.2,18.9,18.5
nonelderly_childless_hh,percentiles_81_90,1990,18.9,18.5,18.2
nonelderly_childless_hh,percentiles_81_90,1991,18.8,18.4,18.1
nonelderly_childless_hh,percentiles_81_90,1992,18.5,18.1,17.7
nonelderly_childless_hh,percentiles_81_90,1993,18.7,18.3,18.1
nonelderly_childless_hh,percentiles_81_90,1994,18.8,18.5,18.3
nonelderly_childless_hh,percentiles_81_90,1995,18.0,17.7,17.4
nonelderly_childless_hh,percentiles_81_90,1996,18.7,18.3,18.1
nonelderly_childless_hh,percentiles_81_90,1997,18.6,18.3,18.0
nonelderly_childless_hh,percentiles_81_90,1998,17.9,17.6,17.3
nonelderly_childless_hh,percentiles_81_90,1999,17.6,17.3,16.9
nonelderly_childless_hh,percentiles_81_90,2000,17.0,16.7,16.4
nonelderly_childless_hh,percentiles_81_90,2001,17.9,17.5,17.1
nonelderly_childless_hh,percentiles_81_90,2002,18.2,17.7,17.2
nonelderly_childless_hh,percentiles_81_90,2003,18.7,18.2,17.7
nonelderly_childless_hh,percentiles_81_90,2004,18.0,17.6,17.1
nonelderly_childless_hh,percentiles_81_90,2005,17.3,16.9,16.5
nonelderly_childless_hh,percentiles_81_90,2006,17.3,16.8,16.4
nonelderly_childless_hh,percentiles_81_90,2007,17.4,16.9,16.4
nonelderly_childless_hh,percentiles_81_90,2008,17.6,17.1,16.6
nonelderly_childless_hh,percentiles_81_90,2009,18.5,17.8,17.1
nonelderly_childless_hh,percentiles_81_90,2010,18.1,17.4,16.6
nonelderly_childless_hh,percentiles_81_90,2011,18.1,17.4,16.7
nonelderly_childless_hh,percentiles_81_90,2012,17.8,17.2,16.5
nonelderly_childless_hh,percentiles_81_90,2013,18.4,17.8,17.0
nonelderly_childless_hh,percentiles_81_90,2014,18.1,17.6,16.8
nonelderly_childless_hh,percentiles_81_90,2015,18.4,17.8,17.0
nonelderly_childless_hh,percentiles_81_90,2016,18.4,17.9,17.0
nonelderly_childless_hh,percentiles_91_95,1979,14.9,14.5,14.1
nonelderly_childless_hh,percentiles_91_95,1980,14.6,14.2,13.6
nonelderly_childless_hh,percentiles_91_95,1981,14.8,14.4,13.7
nonelderly_childless_hh,percentiles_91_95,1982,15.2,14.8,14.2
nonelderly_childless_hh,percentiles_91_95,1983,14.9,14.5,14.0
nonelderly_childless_hh,percentiles_91_95,1984,14.2,13.9,13.4
nonelderly_childless_hh,percentiles_91_95,1985,14.1,13.8,13.4
nonelderly_childless_hh,percentiles_91_95,1986,14.4,14.1,13.6
nonelderly_childless_hh,percentiles_91_95,1987,14.5,14.2,13.8
nonelderly_childless_hh,percentiles_91_95,1988,14.0,13.8,13.3
nonelderly_childless_hh,percentiles_91_95,1989,14.0,13.7,13.2
nonelderly_childless_hh,percentiles_91_95,1990,13.7,13.4,13.0
nonelderly_childless_hh,percentiles_91_95,1991,13.8,13.5,13.0
nonelderly_childless_hh,percentiles_91_95,1992,14.0,13.6,13.2
nonelderly_childless_hh,percentiles_91_95,1993,14.2,13.8,13.4
nonelderly_childless_hh,percentiles_91_95,1994,13.9,13.6,13.1
nonelderly_childless_hh,percentiles_91_95,1995,13.9,13.6,13.1
nonelderly_childless_hh,percentiles_91_95,1996,13.5,13.2,12.7
nonelderly_childless_hh,percentiles_91_95,1997,13.2,12.9,12.4
nonelderly_childless_hh,percentiles_91_95,1998,13.1,12.8,12.2
nonelderly_childless_hh,percentiles_91_95,1999,13.1,12.8,12.3
nonelderly_childless_hh,percentiles_91_95,2000,12.6,12.4,11.9
nonelderly_childless_hh,percentiles_91_95,2001,13.3,13.0,12.4
nonelderly_childless_hh,percentiles_91_95,2002,13.4,13.0,12.3
nonelderly_childless_hh,percentiles_91_95,2003,13.5,13.1,12.4
nonelderly_childless_hh,percentiles_91_95,2004,13.1,12.7,12.0
nonelderly_childless_hh,percentiles_91_95,2005,12.7,12.4,11.8
nonelderly_childless_hh,percentiles_91_95,2006,12.6,12.2,11.7
nonelderly_childless_hh,percentiles_91_95,2007,12.8,12.4,11.8
nonelderly_childless_hh,percentiles_91_95,2008,13.0,12.6,11.9
nonelderly_childless_hh,percentiles_91_95,2009,13.5,13.0,12.1
nonelderly_childless_hh,percentiles_91_95,2010,13.1,12.5,11.7
nonelderly_childless_hh,percentiles_91_95,2011,13.4,12.8,12.0
nonelderly_childless_hh,percentiles_91_95,2012,13.1,12.6,11.8
nonelderly_childless_hh,percentiles_91_95,2013,13.1,12.6,11.8
nonelderly_childless_hh,percentiles_91_95,2014,13.4,12.9,12.0
nonelderly_childless_hh,percentiles_91_95,2015,13.3,12.9,11.9
nonelderly_childless_hh,percentiles_91_95,2016,13.2,12.8,11.8
nonelderly_childless_hh,percentiles_96_99,1979,15.7,15.3,14.5
nonelderly_childless_hh,percentiles_96_99,1980,16.2,15.8,14.8
nonelderly_childless_hh,percentiles_96_99,1981,16.4,16.0,15.0
nonelderly_childless_hh,percentiles_96_99,1982,16.3,15.8,15.1
nonelderly_childless_hh,percentiles_96_99,1983,16.4,15.9,15.3
nonelderly_childless_hh,percentiles_96_99,1984,16.3,15.9,15.4
nonelderly_childless_hh,percentiles_96_99,1985,16.3,15.9,15.4
nonelderly_childless_hh,percentiles_96_99,1986,16.2,15.9,15.3
nonelderly_childless_hh,percentiles_96_99,1987,15.9,15.5,14.8
nonelderly_childless_hh,percentiles_96_99,1988,15.6,15.2,14.6
nonelderly_childless_hh,percentiles_96_99,1989,15.8,15.4,14.8
nonelderly_childless_hh,percentiles_96_99,1990,15.7,15.3,14.7
nonelderly_childless_hh,percentiles_96_99,1991,16.5,16.1,15.4
nonelderly_childless_hh,percentiles_96_99,1992,16.0,15.5,14.8
nonelderly_childless_hh,percentiles_96_99,1993,16.3,15.8,14.9
nonelderly_childless_hh,percentiles_96_99,1994,16.1,15.7,14.9
nonelderly_childless_hh,percentiles_96_99,1995,16.3,15.9,15.0
nonelderly_childless_hh,percentiles_96_99,1996,16.1,15.7,14.8
nonelderly_childless_hh,percentiles_96_99,1997,15.7,15.3,14.4
nonelderly_childless_hh,percentiles_96_99,1998,15.4,15.1,14.2
nonelderly_childless_hh,percentiles_96_99,1999,16.0,15.6,14.6
nonelderly_childless_hh,percentiles_96_99,2000,15.5,15.2,14.1
nonelderly_childless_hh,percentiles_96_99,2001,16.0,15.6,14.5
nonelderly_childless_hh,percentiles_96_99,2002,16.5,16.0,14.8
nonelderly_childless_hh,percentiles_96_99,2003,16.2,15.7,14.6
nonelderly_childless_hh,percentiles_96_99,2004,15.8,15.3,14.2
nonelderly_childless_hh,percentiles_96_99,2005,15.3,14.8,13.8
nonelderly_childless_hh,percentiles_96_99,2006,15.8,15.3,14.2
nonelderly_childless_hh,percentiles_96_99,2007,15.5,15.0,13.9
nonelderly_childless_hh,percentiles_96_99,2008,15.7,15.2,13.9
nonelderly_childless_hh,percentiles_96_99,2009,16.3,15.5,14.1
nonelderly_childless_hh,percentiles_96_99,2010,16.3,15.5,14.0
nonelderly_childless_hh,percentiles_96_99,2011,16.1,15.4,13.9
nonelderly_childless_hh,percentiles_96_99,2012,15.9,15.2,13.8
nonelderly_childless_hh,percentiles_96_99,2013,16.0,15.3,13.9
nonelderly_childless_hh,percentiles_96_99,2014,16.0,15.4,13.9
nonelderly_childless_hh,percentiles_96_99,2015,15.6,15.1,13.6
nonelderly_childless_hh,percentiles_96_99,2016,15.1,14.6,13.1
nonelderly_childless_hh,top_1_percent,1979,9.8,9.6,8.2
nonelderly_childless_hh,top_1_percent,1980,9.8,9.5,8.4
nonelderly_childless_hh,top_1_percent,1981,9.7,9.4,8.6
nonelderly_childless_hh,top_1_percent,1982,10.6,10.2,9.6
nonelderly_childless_hh,top_1_percent,1983,10.7,10.3,9.6
nonelderly_childless_hh,top_1_percent,1984,10.7,10.4,9.6
nonelderly_childless_hh,top_1_percent,1985,12.2,11.8,11.2
nonelderly_childless_hh,top_1_percent,1986,13.6,13.3,12.8
nonelderly_childless_hh,top_1_percent,1987,11.6,11.3,10.2
nonelderly_childless_hh,top_1_percent,1988,14.8,14.5,13.4
nonelderly_childless_hh,top_1_percent,1989,13.2,12.9,12.0
nonelderly_childless_hh,top_1_percent,1990,14.5,14.1,13.2
nonelderly_childless_hh,top_1_percent,1991,13.2,12.8,11.7
nonelderly_childless_hh,top_1_percent,1992,14.8,14.3,13.0
nonelderly_childless_hh,top_1_percent,1993,13.7,13.3,11.5
nonelderly_childless_hh,top_1_percent,1994,13.5,13.1,11.2
nonelderly_childless_hh,top_1_percent,1995,13.4,13.0,11.0
nonelderly_childless_hh,top_1_percent,1996,14.7,14.2,12.1
nonelderly_childless_hh,top_1_percent,1997,16.3,15.8,13.7
nonelderly_childless_hh,top_1_percent,1998,16.6,16.2,14.2
nonelderly_childless_hh,top_1_percent,1999,17.0,16.6,14.5
nonelderly_childless_hh,top_1_percent,2000,18.1,17.6,15.5
nonelderly_childless_hh,top_1_percent,2001,15.1,14.6,12.6
nonelderly_childless_hh,top_1_percent,2002,13.4,12.9,11.1
nonelderly_childless_hh,top_1_percent,2003,13.9,13.4,11.6
nonelderly_childless_hh,top_1_percent,2004,15.6,15.1,13.1
nonelderly_childless_hh,top_1_percent,2005,18.4,17.8,15.6
nonelderly_childless_hh,top_1_percent,2006,17.5,16.9,14.8
nonelderly_childless_hh,top_1_percent,2007,16.6,16.1,14.3
nonelderly_childless_hh,top_1_percent,2008,15.2,14.6,12.7
nonelderly_childless_hh,top_1_percent,2009,13.2,12.5,10.7
nonelderly_childless_hh,top_1_percent,2010,13.5,12.7,10.8
nonelderly_childless_hh,top_1_percent,2011,13.7,13.0,11.1
nonelderly_childless_hh,top_1_percent,2012,15.8,15.0,12.9
nonelderly_childless_hh,top_1_percent,2013,13.6,13.0,10.7
nonelderly_childless_hh,top_1_percent,2014,14.4,13.8,11.4
nonelderly_childless_hh,top_1_percent,2015,13.3,12.8,10.5
nonelderly_childless_hh,top_1_percent,2016,14.1,13.6,11.2
